ISO-10303-21;
HEADER;
/* Generated by software containing ST-Developer
 * from STEP Tools, Inc. (www.steptools.com) 
 */
/* OPTION: using custom renumber hook */

FILE_DESCRIPTION(
/* description */ ('STEP AP242 Edition 2',
'CAx-IF Rec.Pracs.---Representation and Presentation of Product Manufa
cturing Information (PMI)---4.0---2014-10-13',
'CAx-IF Rec.Pracs.---3D Tessellated Geometry---0.4---2014-09-14','2;1',
'CAx-IF Rec.Pracs.---User Defined Attributes---1.5---2016-08-15'),
/* implementation_level */ '2;1');

FILE_NAME(
/* name */ 'Assembly 1',
/* time_stamp */ '2026-07-08T06:45:15Z',
/* author */ (''),
/* organization */ (''),
/* preprocessor_version */ 'ST-DEVELOPER v20',
/* originating_system */ 'ONSHAPE BY PTC INC, 1.217',
/* authorisation */ '  ');

FILE_SCHEMA (('AP242_MANAGED_MODEL_BASED_3D_ENGINEERING_MIM_LF { 1 0 10303 442 3 1 4 }'));
ENDSEC;

DATA;
#10=ELLIPSE('',#2974,0.0143684097937107,0.01016);
#11=ELLIPSE('',#2978,0.0143684097937107,0.01016);
#12=TOROIDAL_SURFACE('',#2924,0.0017,0.0003);
#13=TOROIDAL_SURFACE('',#2927,0.0029,0.0003);
#14=VERTEX_LOOP('',#1437);
#15=VERTEX_LOOP('',#1439);
#16=VERTEX_LOOP('',#1441);
#17=VERTEX_LOOP('',#1443);
#18=CONICAL_SURFACE('',#2894,0.01235,0.78539816339735);
#19=CONICAL_SURFACE('',#2896,0.0125,0.78539816339753);
#20=CONICAL_SURFACE('',#2900,0.01235,0.785398163397569);
#21=CONICAL_SURFACE('',#2902,0.0125,0.785398163397361);
#22=CONICAL_SURFACE('',#2910,0.00125,1.02974425867665);
#23=CONICAL_SURFACE('',#2913,0.00125,1.02974425867665);
#24=CONICAL_SURFACE('',#2916,0.00135,1.02974425867665);
#25=CONICAL_SURFACE('',#2920,0.00135,1.02974425867665);
#26=CONICAL_SURFACE('',#2934,0.00315,0.785398163397458);
#27=B_SPLINE_CURVE_WITH_KNOTS('',3,(#3999,#4000,#4001,#4002,#4003),
 .UNSPECIFIED.,.F.,.F.,(4,1,4),(0.,0.000328461733441482,0.000656923466882963),
 .UNSPECIFIED.);
#28=B_SPLINE_CURVE_WITH_KNOTS('',3,(#4011,#4012,#4013,#4014,#4015),
 .UNSPECIFIED.,.F.,.F.,(4,1,4),(0.,0.000331511126193696,0.000663022252387393),
 .UNSPECIFIED.);
#29=DRAUGHTING_PRE_DEFINED_COLOUR('white');
#30=OVER_RIDING_STYLED_ITEM('',(#2309),#2173,#2299);
#31=OVER_RIDING_STYLED_ITEM('',(#2310),#2174,#2299);
#32=OVER_RIDING_STYLED_ITEM('',(#2311),#2175,#2299);
#33=OVER_RIDING_STYLED_ITEM('',(#2312),#2176,#2299);
#34=OVER_RIDING_STYLED_ITEM('',(#2313),#2177,#2299);
#35=OVER_RIDING_STYLED_ITEM('',(#2314),#2178,#2299);
#36=OVER_RIDING_STYLED_ITEM('',(#2315),#2179,#2299);
#37=OVER_RIDING_STYLED_ITEM('',(#2316),#2180,#2299);
#38=OVER_RIDING_STYLED_ITEM('',(#2317),#2181,#2299);
#39=OVER_RIDING_STYLED_ITEM('',(#2318),#2182,#2299);
#40=OVER_RIDING_STYLED_ITEM('',(#2319),#2183,#2299);
#41=OVER_RIDING_STYLED_ITEM('',(#2320),#2184,#2299);
#42=OVER_RIDING_STYLED_ITEM('',(#2321),#2185,#2299);
#43=OVER_RIDING_STYLED_ITEM('',(#2322),#2186,#2299);
#44=OVER_RIDING_STYLED_ITEM('',(#2323),#2187,#2299);
#45=OVER_RIDING_STYLED_ITEM('',(#2324),#2188,#2299);
#46=OVER_RIDING_STYLED_ITEM('',(#2325),#2189,#2299);
#47=OVER_RIDING_STYLED_ITEM('',(#2326),#2190,#2299);
#48=OVER_RIDING_STYLED_ITEM('',(#2327),#2191,#2299);
#49=OVER_RIDING_STYLED_ITEM('',(#2328),#2192,#2299);
#50=OVER_RIDING_STYLED_ITEM('',(#2329),#2193,#2299);
#51=OVER_RIDING_STYLED_ITEM('',(#2330),#2194,#2299);
#52=OVER_RIDING_STYLED_ITEM('',(#2331),#2195,#2299);
#53=OVER_RIDING_STYLED_ITEM('',(#2332),#2196,#2299);
#54=OVER_RIDING_STYLED_ITEM('',(#2333),#2197,#2299);
#55=OVER_RIDING_STYLED_ITEM('',(#2334),#2198,#2299);
#56=OVER_RIDING_STYLED_ITEM('',(#2335),#2199,#2299);
#57=OVER_RIDING_STYLED_ITEM('',(#2336),#2200,#2299);
#58=OVER_RIDING_STYLED_ITEM('',(#2337),#2202,#2299);
#59=OVER_RIDING_STYLED_ITEM('',(#2338),#2203,#2299);
#60=OVER_RIDING_STYLED_ITEM('',(#2339),#2208,#2299);
#61=OVER_RIDING_STYLED_ITEM('',(#2340),#2210,#2299);
#62=OVER_RIDING_STYLED_ITEM('',(#2341),#2213,#2299);
#63=OVER_RIDING_STYLED_ITEM('',(#2342),#2215,#2299);
#64=OVER_RIDING_STYLED_ITEM('',(#2343),#2216,#2299);
#65=OVER_RIDING_STYLED_ITEM('',(#2344),#2218,#2299);
#66=OVER_RIDING_STYLED_ITEM('',(#2345),#2219,#2299);
#67=OVER_RIDING_STYLED_ITEM('',(#2346),#2220,#2299);
#68=OVER_RIDING_STYLED_ITEM('',(#2347),#2221,#2299);
#69=OVER_RIDING_STYLED_ITEM('',(#2348),#2222,#2299);
#70=OVER_RIDING_STYLED_ITEM('',(#2349),#2223,#2299);
#71=OVER_RIDING_STYLED_ITEM('',(#2350),#2224,#2299);
#72=OVER_RIDING_STYLED_ITEM('',(#2351),#2225,#2299);
#73=OVER_RIDING_STYLED_ITEM('',(#2352),#2226,#2299);
#74=OVER_RIDING_STYLED_ITEM('',(#2353),#2234,#2299);
#75=OVER_RIDING_STYLED_ITEM('',(#2354),#2236,#2299);
#76=OVER_RIDING_STYLED_ITEM('',(#2355),#2248,#2299);
#77=OVER_RIDING_STYLED_ITEM('',(#2356),#2250,#2299);
#78=OVER_RIDING_STYLED_ITEM('',(#2357),#2251,#2299);
#79=OVER_RIDING_STYLED_ITEM('',(#2358),#2252,#2299);
#80=OVER_RIDING_STYLED_ITEM('',(#2359),#2253,#2299);
#81=OVER_RIDING_STYLED_ITEM('',(#2360),#2254,#2299);
#82=OVER_RIDING_STYLED_ITEM('',(#2361),#2255,#2299);
#83=OVER_RIDING_STYLED_ITEM('',(#2362),#2256,#2299);
#84=OVER_RIDING_STYLED_ITEM('',(#2363),#2257,#2299);
#85=OVER_RIDING_STYLED_ITEM('',(#2364),#2258,#2299);
#86=TESSELLATED_SHAPE_REPRESENTATION('',(#101),#4310);
#87=TESSELLATED_SHAPE_REPRESENTATION('',(#102),#4311);
#88=TESSELLATED_SHAPE_REPRESENTATION('',(#103),#4313);
#89=TESSELLATED_SHAPE_REPRESENTATION('',(#104),#4314);
#90=TESSELLATED_SHAPE_REPRESENTATION('',(#105),#4315);
#91=COMPLEX_TRIANGULATED_FACE('ConvergentBody',#96,1385,((-0.999348084691644,
0.0361027093601426,0.),(0.,0.,1.),(-0.999348084691644,-0.0361027093601338,
0.),(0.,0.,-1.),(-0.999348084691644,-0.0361027093601338,0.),(0.,0.,1.),
(-0.994138269819339,-0.108116143478264,0.),(0.,0.,-1.),(0.,0.,-1.),(-0.999348084691644,
0.0361027093601426,0.),(0.,0.,-1.),(0.999999999999927,0.,0.),(0.,0.,1.),
(0.706171911780009,0.0363490880728967,0.707106763373988),(-0.994138269819339,
-0.108116143478264,0.),(0.,0.,1.),(0.,0.,1.),(0.703828814552341,0.0726984990494103,
0.706639885685636),(-0.994138269819339,0.108116143478255,0.),(0.,0.,1.),
(-0.994138269819339,0.108116143478255,0.),(0.,0.,-1.),(0.,0.,1.),(0.703829766150437,
-0.0726859069624148,0.706640233223153),(0.,0.,1.),(0.706172532118947,-0.0363370439125334,
0.707106762886916),(-0.983744792557501,-0.179572222562399,0.),(0.,0.,-1.),
(0.,0.,-1.),(0.987688094510638,0.156436018748703,0.),(-0.983744792557501,
-0.179572222562399,0.),(0.,0.,1.),(0.,0.,1.),(0.698683837908579,0.108813570317535,
0.707107135842999),(-0.9837449779656,0.179571206844143,0.),(0.,0.,1.),(-0.9837449779656,
0.179571206844143,0.),(0.,0.,-1.),(0.,0.,-1.),(0.987687976618525,-0.156436763080818,
0.),(0.,0.,1.),(0.698683837908579,-0.108813570317534,0.707107135842999),
(-0.968223751030977,-0.25008552125124,0.),(0.,0.,-1.),(-0.968223751030977,
-0.25008552125124,0.),(0.,0.,1.),(0.,0.,1.),(0.692604587099656,0.144775027398698,
0.706639283772295),(-0.968223667078429,0.250085846279233,0.),(0.,0.,1.),
(-0.968223667078429,0.250085846279233,0.),(0.,0.,-1.),(0.,0.,1.),(0.692604587099793,
-0.144775027398117,0.706639283772279),(-0.947653193586354,-0.319301463644602,
0.),(0.,0.,-1.),(0.,0.,-1.),(0.951055880446885,0.309018951307845,0.),(-0.947653193586354,
-0.319301463644602,0.),(0.,0.,1.),(0.,0.,1.),(0.683780687938,0.180120214146351,
0.707107261494964),(-0.947653298550401,0.319301152122168,0.),(0.,0.,1.),
(-0.947653298550401,0.319301152122168,0.),(0.,0.,-1.),(0.,0.,-1.),(0.951055529692278,
-0.309020030809881,0.),(0.,0.,1.),(0.68378042279,-0.180121220833648,0.707107261463581),
(-0.922141033648161,-0.386853866546919,0.),(0.,0.,-1.),(-0.922141033648161,
-0.386853866546919,0.),(0.,0.,1.),(0.,0.,1.),(0.661602752121927,0.249569389787352,
0.70710460192666),(0.,0.,1.),(0.674005274253905,0.21534882176334,0.706641192715977),
(-0.922140909955361,0.386854161392506,0.),(0.,0.,1.),(-0.922140909955361,
0.386854161392506,0.),(0.,0.,-1.),(0.,0.,1.),(0.66161537672896,-0.249535910900835,
0.707104605024382),(0.,0.,1.),(0.674017346399274,-0.215314515879447,0.706640131894927),
(-0.891825613337041,-0.452379348993752,0.),(0.,0.,-1.),(0.,0.,-1.),(0.891007800291215,
0.453987995237991,0.),(-0.891825613337041,-0.452379348993752,0.),(0.,0.,
1.),(0.,0.,1.),(0.632495742874567,0.316139145077774,0.707110441299691),
(0.,0.,1.),(0.648373223823106,0.283327050801157,0.706638482474278),(-0.891824701036509,
0.452381147508537,0.),(0.,0.,1.),(-0.891824701036509,0.452381147508537,
0.),(0.,0.,-1.),(0.,0.,-1.),(0.891008953596831,-0.453985731725437,0.),(0.,
0.,1.),(0.632496855456659,-0.316139244487465,0.707109401671575),(0.,0.,
1.),(0.648373087150619,-0.283328124455551,0.706638177394397),(-0.856859138591354,
-0.515550595589302,0.),(0.,0.,-1.),(-0.856859138591354,-0.515550595589302,
0.),(0.,0.,1.),(0.,0.,1.),(-0.856859138591354,0.515550595589301,0.),(-0.856859138591354,
0.515550595589301,0.),(0.,0.,-1.),(0.,0.,-1.),(-0.817421803691323,-0.576039577503164,
0.),(0.,0.,-1.),(0.809018065030764,0.587783778658342,0.),(-0.817421803691323,
-0.576039577503164,0.),(0.,0.,1.),(0.,0.,1.),(0.596617702996348,0.379536038307391,
0.707106577608561),(0.,0.,1.),(0.615729183182098,0.348618702400574,0.706641757409259),
(-0.817423478001792,0.576037201586367,0.),(0.,0.,1.),(-0.817423478001792,
0.576037201586367,0.),(0.,0.,-1.),(0.,0.,-1.),(0.809019558230678,-0.587781723431615,
0.),(0.,0.,1.),(0.596617702997386,-0.379536038305826,0.707106577608525),
(0.,0.,1.),(0.615730152269694,-0.34861778418516,0.706641365995346),(-0.773721588933868,
-0.633525771234012,0.),(0.,0.,-1.),(-0.773721588933868,-0.633525771234012,
0.),(0.,0.,1.),(0.,0.,1.),(0.554456618161297,0.438837487642296,0.707106440372972),
(0.,0.,1.),(0.576737289891671,0.409920702770697,0.706639311026771),(-0.773723430333619,
0.633523522335814,0.),(0.,0.,1.),(-0.773723430333619,0.633523522335814,
0.),(0.,0.,-1.),(0.,0.,1.),(0.554454033396596,-0.438838428047967,0.707107883507627),
(0.,0.,1.),(0.576736591000577,-0.409920888945701,0.706639773439763),(-0.725994455669059,
-0.687700552811896,0.),(0.,0.,-1.),(0.,0.,-1.),(0.707109013966937,0.707104548399107,
0.),(-0.725994455669059,-0.687700552811896,0.),(0.,0.,1.),(0.,0.,1.),(0.53144925296108,
0.467143990202477,0.7066386516069),(-0.725994455668999,0.687700552811959,
0.),(0.,0.,1.),(-0.725994455668999,0.687700552811959,0.),(0.,0.,-1.),(0.,
0.,-1.),(0.707106399703873,-0.707107162669017,0.),(0.,0.,1.),(0.531502016296684,
-0.467085512141369,0.706637623552691),(-0.674481922313688,-0.738291362858887,
0.),(0.,0.,1.),(-0.674481922313688,-0.738291362858887,0.),(0.,0.,-1.),(0.,
0.,1.),(0.506365496466692,0.493553456299634,0.70710605269841),(-0.674481922313692,
0.738291362858883,0.),(0.,0.,-1.),(-0.674481922313692,0.738291362858883,
0.),(0.,0.,1.),(0.,0.,1.),(0.50641842091273,-0.493496826215908,0.707107676011994),
(0.707569621068129,0.,0.706643638152573),(0.999999999998811,1.54192194836867E-6,
0.),(0.706167896261275,0.0363912652152604,0.707108604180403),(0.,0.,1.),
(0.,0.,1.),(0.707571060919102,2.99798078104834E-5,0.70664219577593),(0.998173532935401,
0.0604119040174254,0.),(0.706167846033397,-0.0363901232664834,0.707108713110794),
(0.,0.,1.),(0.70757106119308,-2.99782000662719E-5,0.70664219550166),(0.998173614344356,
-0.0604105589009159,0.),(0.,0.,1.),(0.,0.,1.),(0.698683425959024,0.108803808646702,
0.707109044995277),(0.70382456630899,0.072733845673336,0.70664047970204),
(0.998176762026421,0.060358526739893,0.),(0.,0.,1.),(0.703831444095972,
0.0727971359993396,0.706627111914108),(0.992788865013368,0.119876058933666,
0.),(0.703826325935882,0.0727738269115387,0.706634610697952),(0.,0.,1.),
(0.983611006696209,0.180303598149999,0.),(0.698683425959024,-0.108803808646701,
0.707109044995277),(0.,0.,1.),(0.,0.,1.),(0.703824590271743,-0.0727346322792714,
0.706640374869715),(0.998176700986786,-0.0603595361739533,0.),(0.703830953389141,
-0.0727947670804848,0.706627844722404),(0.992789525232964,-0.119870591004236,
0.),(0.703825999328456,-0.072771592520311,0.706635166115697),(0.983612203659528,
-0.18029706822875,0.),(0.,0.,1.),(0.,0.,1.),(0.68380136550607,0.180057998922273,
0.707103110978973),(0.692611858413142,0.144740183331398,0.706639294771163),
(0.983617676941156,0.180267206137625,0.),(0.,0.,1.),(0.69261880403303,0.144729446505925,
0.706634686110117),(0.971289279999992,0.237901522813741,0.),(0.68380153438623,
-0.180058362613164,0.707102855053),(0.,0.,1.),(0.,0.,1.),(0.692611858413164,
-0.144740183331334,0.706639294771155),(0.983617783244782,-0.180266626097082,
0.),(0.692618804033062,-0.144729446505851,0.706634686110101),(0.971289280000016,
-0.237901522813645,0.),(-0.619452410912702,-0.785034209837024,0.),(0.,0.,
1.),(-0.619452410912702,-0.785034209837024,0.),(0.,0.,-1.),(0.,0.,1.),(0.480554536892354,
0.519351008749116,0.706641257487455),(-0.619449368581626,0.785036610460828,
0.),(0.,0.,-1.),(-0.619449368581626,0.785036610460828,0.),(0.,0.,1.),(0.,
0.,1.),(0.480553512143334,-0.519350018614819,0.706642682075951),(0.661596883198291,
0.249677808094434,0.70707181833776),(0.,0.,1.),(0.,0.,1.),(0.661602382391213,
-0.24976614868947,0.70703547194119),(0.632514258787843,0.316127810474681,
0.707098946311299),(0.,0.,1.),(0.648309173348518,0.283590455745925,0.706591585827329),
(0.93412730571405,0.356940018377611,0.),(0.648365316060798,0.283344819838089,
0.706638613437097),(0.,0.,1.),(0.91190502257548,0.410401303362469,0.),(0.632514513688981,
-0.316127944947004,0.707098658177468),(0.,0.,1.),(0.648322212592544,-0.28366569633478,
0.706549418924121),(0.934070073626662,-0.357089761201692,0.),(0.64837143042781,
-0.283328793880248,0.706639429103244),(0.911915776094293,-0.410377408382012,
0.),(0.,0.,1.),(0.,0.,1.),(-0.561187040692635,-0.827689014883394,0.),(-0.561187040692635,
-0.827689014883394,0.),(0.,0.,-1.),(0.,0.,-1.),(0.587787631837929,0.80901526552863,
0.),(0.,0.,1.),(0.394733877885733,0.586673634689326,0.707106223993048),
(0.,0.,1.),(0.452956962401779,0.542981573687702,0.707107488892163),(0.,
0.,1.),(0.42477356261431,0.56588536985551,0.706640763533664),(-0.561183833057219,
0.827691189704957,0.),(0.,0.,-1.),(0.,0.,-1.),(0.587784640798405,-0.80901743865104,
0.),(-0.561183833057219,0.827691189704957,0.),(0.,0.,1.),(0.,0.,1.),(0.394734041133556,
-0.586673524850631,0.70710622399305),(0.,0.,1.),(0.452955767585356,-0.542980245062041,
0.707109274499725),(0.,0.,1.),(0.424771239100948,-0.565885667684172,0.706641921727182),
(0.999999999999824,0.,0.),(0.,0.,1.),(0.,0.,1.),(0.992708327384856,-0.120541182756061,
0.),(0.992708246388581,0.120541849795437,0.),(0.,0.,1.),(0.,0.,1.),(0.999999999999927,
0.,0.),(0.596641188026022,0.379495904633027,0.707108302254794),(0.,0.,1.),
(0.615819071411593,0.348493122418711,0.706625370979999),(0.884877973452687,
0.465822897782264,0.),(0.615786627232253,0.348521890313186,0.706639456649889),
(0.,0.,1.),(0.855778198642127,0.517342898597085,0.),(0.596641188026044,
-0.379495904633023,0.707108302254778),(0.,0.,1.),(0.615819071411953,-0.348493122418525,
0.706625370979777),(0.884877973452687,-0.465822897782264,0.),(0.615786627232279,
-0.348521890313203,0.706639456649857),(0.85577818249801,-0.517342925302359,
0.),(0.,0.,1.),(0.,0.,1.),(0.97094055739947,0.239320776357988,0.),(0.,0.,
1.),(0.987688094510638,0.156436018748703,0.),(0.97094050203375,-0.239321000980772,
0.),(0.,0.,1.),(0.,0.,1.),(0.987687976618525,-0.156436763080818,0.),(0.554449628558282,
0.438842728323953,0.70710866858551),(0.,0.,1.),(0.576706811247128,0.40996356705053,
0.70663931927991),(0.855789547421387,0.517324125210004,0.),(0.,0.,1.),(0.576694419879892,
0.409986606432009,0.706636065188977),(0.822668343049856,0.56852158916228,
0.),(0.576687950429906,0.409996974582843,0.706635329333221),(0.,0.,1.),
(0.787167733521602,0.616738971772047,0.),(0.554452391638908,-0.438843466133517,
0.707106044124794),(0.,0.,1.),(0.,0.,1.),(0.576699136741957,-0.409976293861872,
0.706638198905469),(0.855779925077459,-0.517340042751786,0.),(0.57669191842654,
-0.409988399495719,0.706637066322208),(0.822665826085659,-0.56852523127017,
0.),(0.576687971207293,-0.409996928551468,0.706635339084579),(0.787176282630769,
-0.616728060058527,0.),(0.,0.,1.),(0.954739472299055,0.29744333919939,0.),
(0.692873791538229,0.144765383248343,0.706377302022368),(0.,0.,1.),(0.,
0.,1.),(0.954549870979082,0.298051243603812,0.),(0.649763804511233,0.2843199525191,
0.704960398140651),(0.935018266812739,0.354599549811441,0.),(0.,0.,1.),
(0.,0.,1.),(0.951055880446885,0.309018951307845,0.),(0.954739449817939,
-0.297443411359611,0.),(0.,0.,1.),(0.692873791538229,-0.144765383248343,
0.706377302022368),(0.935018514285881,-0.354598897266354,0.),(0.,0.,1.),
(0.,0.,1.),(0.951055529692278,-0.309020030809881,0.),(0.,0.,1.),(0.954491115258255,
-0.298239351684105,0.),(0.651279903390538,-0.284983358449664,0.703291527637268),
(-0.499998915643657,-0.86602602983696,0.),(0.,0.,1.),(-0.499998915643657,
-0.86602602983696,0.),(0.,0.,-1.),(0.,0.,-1.),(-0.500002590558512,0.866023908119618,
0.),(-0.500002590558512,0.866023908119618,0.),(0.,0.,1.),(0.,0.,1.),(0.911912416714067,
0.410384873311273,0.),(0.616000380079185,0.348550510917904,0.70643900874822),
(0.885458855470178,0.464717780238068,0.),(0.,0.,1.),(0.,0.,1.),(0.891007800291215,
0.453987995237991,0.),(0.885458581508666,-0.46471830223551,0.),(0.,0.,1.),
(0.,0.,1.),(0.891008953596831,-0.453985731725437,0.),(0.,0.,1.),(0.911912386141936,
-0.410384941245304,0.),(0.616000380084135,-0.34855051091961,0.706439008743062),
(0.822981133938214,0.56806870463145,0.),(0.,0.,1.),(0.,0.,1.),(0.822981438117123,
-0.568068263956601,0.),(0.506398008586146,0.493515197536763,0.707109472924974),
(0.,0.,1.),(0.531479448000195,0.467106870913632,0.706640479663233),(0.787188555793058,
0.616712394579853,0.),(0.,0.,1.),(0.53148808576495,0.467101496891704,0.70663753529758),
(0.748625000489337,0.662993671645771,0.),(0.53148456841175,0.46710348233161,
0.706638868400161),(0.,0.,1.),(0.70710678118618,0.707106781186915,0.),(0.506395485558477,
-0.493519002729101,0.707108624011381),(0.,0.,1.),(0.,0.,1.),(0.531489165547379,
-0.467101545028626,0.706636691332696),(0.787188525375978,-0.616712433405019,
0.),(0.53148925926936,-0.467102509232361,0.706635983480986),(0.748625000489675,
-0.662993671645389,0.),(0.531478710809644,-0.467111129287245,0.706638219212713),
(0.707106781186547,-0.707106781186547,0.),(0.,0.,1.),(0.,0.,1.),(-0.436207386196153,
-0.899846162534419,0.),(-0.436207386196153,-0.899846162534419,0.),(0.,0.,
-1.),(0.,0.,-1.),(0.453989425447865,0.891007071566504,0.),(0.,0.,1.),(0.332379306806888,
0.624117394649556,0.707107823533598),(0.,0.,1.),(0.364307780749707,0.606584897792025,
0.706636117571032),(-0.436209227394535,0.899845269996938,0.),(0.,0.,-1.),
(0.,0.,-1.),(0.453989425447857,-0.891007071566508,0.),(-0.436209227394535,
0.899845269996938,0.),(0.,0.,1.),(0.,0.,1.),(0.33237930680686,-0.624117394649508,
0.707107823533655),(0.,0.,1.),(0.364310387552435,-0.606583281471653,0.706636161090328),
(0.748507404017364,0.663126432990828,0.),(0.,0.,1.),(0.,0.,1.),(0.809018065030764,
0.587783778658342,0.),(0.748509303673061,-0.663124288738444,0.),(0.,0.,
1.),(0.,0.,1.),(0.809019558230678,-0.587781723431615,0.),(0.452982797560164,
0.542957110625958,0.707109723547399),(0.,0.,1.),(0.480628111609848,0.519280291514492,
0.706643189435075),(0.70710678118618,0.707106781186915,0.),(0.,0.,1.),(0.480627474951222,
0.519281629045259,0.706642639569758),(0.663764677590979,0.747941476843305,
0.),(0.480643210684262,0.519268227744088,0.706641784554691),(0.,0.,1.),
(0.616712870550708,0.78718818289981,0.),(0.45296750298471,-0.542967774651075,
0.707111332768932),(0.,0.,1.),(0.,0.,1.),(0.480634885010911,-0.519275955050545,
0.70664176908593),(0.707106781186547,-0.707106781186547,0.),(0.48062747495079,
-0.519281629045581,0.706642639569815),(0.66376467759033,-0.74794147684388,
0.),(0.480629223541567,-0.519279639562026,0.706642912236557),(0.616708588906664,
-0.787191537282222,0.),(0.,0.,1.),(0.,0.,1.),(0.394735353727263,0.586633990024287,
0.707138290764965),(0.424696510427782,0.565943151878635,0.706640801873301),
(0.616722349689352,0.787180756493478,0.),(0.,0.,1.),(0.424703109002003,
0.565891048914808,0.706678561980007),(0.569321381234052,0.822115055737183,
0.),(0.394728409124241,-0.586658133301677,0.707122137725328),(0.,0.,1.),
(0.,0.,1.),(0.424705351396994,-0.565930538762914,0.706645589946102),(0.616731877910089,
-0.787173291448263,0.),(0.424692251379969,-0.565922489599898,0.706659909279468),
(0.569336273537138,-0.822104742496262,0.),(0.663123654530632,0.748509865534138,
0.),(0.,0.,1.),(0.,0.,1.),(0.707109013966937,0.707104548399107,0.),(0.663123589950107,
-0.748509922747615,0.),(0.,0.,1.),(0.,0.,1.),(0.707106399703873,-0.707107162669017,
0.),(-0.370137068451015,-0.928977152872173,0.),(0.,0.,1.),(-0.370137068451015,
-0.928977152872173,0.),(0.,0.,-1.),(0.,0.,1.),(0.299868941173034,0.640887475993228,
0.706641253561376),(-0.370137128115157,0.928977129099885,0.),(0.,0.,-1.),
(-0.370137128115157,0.928977129099885,0.),(0.,0.,1.),(0.,0.,1.),(0.299868941170295,
-0.640887475994431,0.706641253561448),(0.568065497706933,0.822983347531973,
0.),(0.,0.,1.),(0.,0.,1.),(0.587787631837929,0.80901526552863,0.),(0.568065670327915,
-0.822983228380063,0.),(0.,0.,1.),(0.,0.,1.),(0.587784640798405,-0.80901743865104,
0.),(-0.302139959529124,-0.953263575752131,0.),(0.,0.,1.),(-0.302139959529124,
-0.953263575752131,0.),(0.,0.,-1.),(0.,0.,-1.),(0.309015534507957,0.951056990633454,
0.),(0.,0.,1.),(0.232538638971143,0.668269440293527,0.706641165341522),
(0.,0.,1.),(0.266373828833785,0.655013897148263,0.707108038318809),(-0.302139909603527,
0.953263591576209,0.),(0.,0.,-1.),(0.,0.,-1.),(0.309015534507966,-0.951056990633451,
0.),(-0.302139909603527,0.953263591576209,0.),(0.,0.,1.),(0.,0.,1.),(0.232431041135948,
-0.668310975036828,0.706637284440741),(0.,0.,1.),(0.26627101796269,-0.65505570314221,
0.707108033311727),(0.517293659077277,0.855807963434811,0.),(0.424078664478368,
0.564844805883739,0.707889561725842),(0.,0.,1.),(0.,0.,1.),(0.464725665303104,
0.885454717085285,0.),(0.,0.,1.),(0.453989425447865,0.891007071566504,0.),
(0.517293768817382,-0.855807897102316,0.),(0.,0.,1.),(0.424301201757849,
-0.565310719318097,0.707384111223104),(0.517299792949075,-0.855804255782142,
0.),(0.300029752238479,-0.641054175996975,0.706421751653045),(0.,0.,1.),
(0.,0.,1.),(0.464721667677581,-0.885456815203853,0.),(0.,0.,1.),(0.453989425447857,
-0.891007071566508,0.),(0.,0.,1.),(0.300029752220145,0.641054175972738,
0.706421751682827),(0.517299902483032,0.8558041895732,0.),(0.332309940170801,
0.624155053123003,0.707107186588215),(0.,0.,1.),(0.,0.,1.),(0.33231300155176,
-0.624153385790629,0.707107219596685),(-0.232567047577472,-0.972580366026941,
0.),(0.,0.,1.),(-0.232567047577472,-0.972580366026941,0.),(0.,0.,-1.),(0.,
0.,1.),(0.197623922105593,0.678926865003918,0.707108971366899),(-0.232567086798863,
0.972580356648174,0.),(0.,0.,-1.),(0.,0.,1.),(0.197627772959798,-0.678928069423832,
0.707106738691818),(-0.232567086798863,0.972580356648174,0.),(0.,0.,1.),
(0.299934225087998,0.640857862332395,0.706640404242225),(0.4630844267879,
0.886314173228953,0.),(0.299934225090259,-0.640857862332701,0.706640404240988),
(0.463084426787173,-0.886314173229333,0.),(0.41042492759561,0.911894390161562,
0.),(0.299958117744812,0.64084919317484,0.706638124648073),(0.,0.,1.),(0.,
0.,1.),(0.354603273917819,0.935016854461327,0.),(0.41041960300063,-0.91189678663366,
0.),(0.,0.,1.),(0.299958117744223,-0.640849193174903,0.706638124648266),
(0.41039591474151,-0.91190744769602,0.),(0.232451106061753,-0.668303532924043,
0.706637722720709),(0.,0.,1.),(0.,0.,1.),(0.354603316252358,-0.935016838406037,
0.),(0.266406338577966,0.654999210969563,0.707109394927498),(0.,0.,1.),
(0.,0.,1.),(0.232478477756269,0.668292355866081,0.706639288796689),(0.410401123005155,
0.911905103744955,0.),(0.266377720096145,-0.655011718380918,0.707108590684667),
(0.,0.,1.),(0.232459823916317,0.668299504922015,0.706638664372241),(0.353554718785625,
0.935413844682885,0.),(0.232462912397234,0.668299001698991,0.706638124281395),
(0.,0.,1.),(0.297496875237824,0.954722791821652,0.),(0.197626418317795,
0.678929090084279,0.707106137309112),(0.,0.,1.),(0.232472894867115,-0.668293698725559,
0.70663985551044),(0.353573119105505,-0.935406889778991,0.),(0.232473784339277,
-0.668295565210289,0.706637797683676),(0.297508151936827,-0.954719277867039,
0.),(0.,0.,1.),(0.,0.,1.),(0.197614514899415,-0.678929741916513,0.707108838187054),
(-0.161779766743841,-0.986826888097557,0.),(0.,0.,1.),(-0.161779766743841,
-0.986826888097557,0.),(0.,0.,-1.),(0.,0.,-1.),(0.156436504158082,0.98768801762844,
0.),(0.,0.,1.),(0.16253402479794,0.688654372572446,0.706638412428757),(-0.161782089958563,
0.986826507228418,0.),(0.,0.,-1.),(0.,0.,-1.),(0.15643650415809,-0.987688017628439,
0.),(0.,0.,1.),(0.162419432844032,-0.688678673725583,0.706641077344217),
(-0.161782089958563,0.986826507228418,0.),(0.,0.,1.),(0.,0.,1.),(0.309015534507957,
0.951056990633454,0.),(0.239311760954311,0.970942779502946,0.),(0.,0.,1.),
(0.,0.,1.),(0.309015534507966,-0.951056990633451,0.),(0.297512335639228,
-0.954717974138091,0.),(0.162518978145691,-0.688654769091107,0.706641486717666),
(0.,0.,1.),(0.,0.,1.),(0.239316311204518,-0.970941657975102,0.),(0.,0.,
1.),(0.162523878275313,0.688656990629642,0.706638194727172),(0.297489261854769,
0.9547251641604,0.),(-0.0901557842077867,-0.995927675373006,0.),(0.,0.,
1.),(-0.0901557842077867,-0.995927675373006,0.),(0.,0.,-1.),(0.,0.,1.),
(0.12678182087721,0.695647379410031,0.707107554347297),(0.,0.,1.),(0.0908760910090414,
0.701715253666545,0.706637982884172),(-0.090153396066919,0.995927891555207,
0.),(0.,0.,-1.),(0.,0.,1.),(0.126672685180001,-0.695667263897098,0.707107551063637),
(0.,0.,1.),(0.0908783789305428,-0.701713813919222,0.706639118360918),(-0.090153396066919,
0.995927891555207,0.),(0.,0.,1.),(0.238936452263175,0.971035206251497,0.),
(0.162519987400304,0.688656202313234,0.706639857856121),(0.23894387302229,
-0.971033380242465,0.),(0.1625338100587,-0.688655600037895,0.706637265592645),
(0.180266005708283,0.983617896942701,0.),(0.162533391708336,0.688656287936825,
0.706636691422726),(0.,0.,1.),(0.,0.,1.),(0.156436504158082,0.98768801762844,
0.),(0.120536970175862,0.992708838895277,0.),(0.,0.,1.),(0.,0.,1.),(0.180251287274518,
-0.983620594251589,0.),(0.162515944336694,-0.688656028737944,0.706640956865109),
(0.,0.,1.),(0.15643650415809,-0.987688017628439,0.),(0.180257661308115,
-0.983619426170357,0.),(0.0908603374226961,-0.701718143619315,0.706637138847724),
(0.,0.,1.),(0.,0.,1.),(0.120537018781551,-0.992708832993469,0.),(0.126767853818089,
0.69564909071151,0.707108374883655),(0.,0.,1.),(0.,0.,1.),(0.0908458151770914,
0.701717028939814,0.706640112900967),(0.180249927016732,0.983620843521762,
0.),(0.126776459885012,-0.695648406379245,0.707107505207689),(0.,0.,1.),
(0.,0.,1.),(-0.0180559530007338,-0.99983697799253,0.),(0.,0.,-1.),(0.,0.999999999999709,
0.),(-0.0180559530007338,-0.99983697799253,0.),(0.,0.,-1.),(0.,0.,1.),(0.0546275206915527,
0.704992418871678,0.707107858333193),(0.,0.,1.),(0.0182498335304189,0.707338200923032,
0.70663966283466),(-0.0180535554860679,0.999837021286125,0.),(0.,0.,-1.),
(0.,0.,-1.),(0.,-0.999999999999709,0.),(0.,0.,1.),(0.0545102047662116,-0.704999174308621,
0.707110176564097),(0.,0.,1.),(0.0181315479072802,-0.707343401906091,0.706637501658668),
(0.,0.,1.),(-0.0180535554860679,0.999837021286125,0.),(0.120843905374157,
0.992671521971856,0.),(0.0908468127710582,0.701717345909568,0.706639669887682),
(0.120843905374916,-0.992671521971764,0.),(0.0908468127715432,-0.701717345909572,
0.706639669887615),(0.0603730819592178,0.998175881783736,0.),(0.0908561528960713,
0.701716697619148,0.706639112817429),(0.,0.,1.),(0.,0.,1.),(0.,0.999999999999709,
0.),(0.,0.999999999999827,0.),(0.,0.,1.),(0.,0.,1.),(0.0603730424411483,
-0.998175884173926,0.),(0.090840288750095,-0.701717386964313,0.706640467827718),
(0.,0.,1.),(0.,-0.999999999999709,0.),(0.0603819719889313,-0.998175344044686,
0.),(0.0182266229040562,-0.707338602554213,0.706639859867929),(0.,0.,1.),
(0.,0.,1.),(0.,-0.999999999999887,0.),(0.0545756040477017,0.704996200460225,
0.707108096955108),(0.,0.,1.),(0.,0.,1.),(0.0182190453743422,0.707337625996074,
0.706641032799459),(0.0603819320458448,0.998175346460933,0.),(0.0545662579352607,
-0.704995997639198,0.707109020454169),(0.,0.,1.),(0.,0.,1.),(-0.0182085686290008,
0.706871280318752,0.707107800189625),(0.018215020099061,0.707339515197604,
0.706639245501415),(0.00102525224179709,0.999999474428782,0.),(0.0182188487499383,
0.707338103613692,0.706640559780156),(0.,0.,1.),(-0.0603823120617979,0.998175323472814,
0.),(-0.0182033864669252,0.706869938265673,0.707109275216653),(0.,0.,1.),
(0.,0.,1.),(-0.0182085596495719,-0.706871280550016,0.707107800189666),(0.0182148877879049,
-0.707341904194385,0.706636857539666),(0.00102525224106084,-0.999999474428783,
0.),(0.0182187576603369,-0.707340473342962,0.706638190052213),(-0.0603821985843988,
-0.998175330337367,0.),(0.,0.,1.),(0.,0.,1.),(-0.0182034270355149,-0.70687161811827,
0.707107594884273),(0.054139970797095,-0.998533356259113,0.),(0.,0.,1.),
(0.,0.,-1.),(0.054139970797095,-0.998533356259113,0.),(0.0541399707971037,
0.998533356259113,0.),(0.,0.,-1.),(0.,0.,1.),(0.0541399707971037,0.998533356259113,
0.),(0.,0.,1.),(-0.12053768483032,0.992708752120045,0.),(-0.156437257742311,
0.987687898270535,0.),(0.,0.,-1.),(-0.156437257742311,0.987687898270535,
0.),(0.,0.,1.),(0.,0.,1.),(-0.156437257742319,-0.987687898270533,0.),(-0.156437257742319,
-0.987687898270533,0.),(0.,0.,-1.),(0.,0.,1.),(-0.120537719774028,-0.992708747877073,
0.),(-0.0603850966408889,-0.998175155022238,0.),(-0.0546128310199333,-0.705465564955078,
0.70663694734326),(0.,0.,1.),(0.,0.,1.),(-0.0546126869453021,0.705463245621396,
0.706639273959451),(-0.0603849806552117,0.998175162038834,0.),(-0.0545932924251457,
0.705465636821293,0.706638385375794),(0.,0.,1.),(0.,0.,1.),(-0.054596932955045,
-0.705465667801827,0.706638073178076),(0.126051233771635,-0.992023732813207,
0.),(0.,0.,1.),(0.,0.,-1.),(0.126051233771635,-0.992023732813207,0.),(0.126048882899072,
0.992024031523378,0.),(0.,0.,-1.),(0.,0.,1.),(0.126048882899072,0.992024031523378,
0.),(-0.118859163103915,0.992911123588731,0.),(-0.0545833273943093,0.70543793964247,
0.70666680527923),(-0.118859163100259,-0.992911123589169,0.),(-0.0546390636694969,
-0.705455972165591,0.706644496233588),(-0.309015534507939,0.95105699063346,
0.),(0.,0.,-1.),(0.,0.,-1.),(0.197304730872935,-0.980342207178268,0.),(0.,
0.,1.),(-0.239311697444821,0.970942795156369,0.),(-0.309015534507939,0.95105699063346,
0.),(0.,0.,1.),(0.,0.,1.),(-0.309015534507947,-0.951056990633457,0.),(0.,
0.,-1.),(0.197302407682741,0.98034267474317,0.),(-0.309015534507947,-0.951056990633457,
0.),(0.,0.,-1.),(0.,0.,1.),(-0.239316076543407,-0.970941715814002,0.),(-0.180291976890589,
0.983613136893201,0.),(-0.0543550205062682,0.704318575598353,0.707800025298721),
(0.,0.,1.),(0.,0.,1.),(-0.0907607644039008,0.701231821071556,0.707132531256686),
(-0.180291927087285,-0.983613146021925,0.),(0.,0.,1.),(-0.0546158346799599,
-0.705214988149366,0.706886788030233),(-0.180261962662995,-0.983618637896254,
0.),(-0.19778814635539,-0.679399220990231,0.706609190202877),(0.,0.,1.),
(0.,0.,1.),(-0.0908134759150258,-0.701245006037414,0.707112688402505),(0.,
0.,1.),(-0.197788146349383,0.679399220970557,0.706609190223475),(-0.180261912829826,
0.983618647028884,0.),(-0.0907797312389209,0.701254168603033,0.707107934768843),
(0.,0.,1.),(0.,0.,1.),(-0.126810783943085,0.696119146449316,0.706637926396833),
(0.,0.,1.),(-0.162427220028747,0.68819694091718,0.707108456112616),(-0.0907763914115678,
-0.701254600977212,0.707107934738809),(0.,0.,1.),(0.,0.,1.),(-0.12680731256471,
-0.696119728064553,0.706637976392048),(0.,0.,1.),(-0.162424476510916,-0.68819864220898,
0.707107430516659),(0.,0.,1.),(0.197304730872935,-0.980342207178268,0.),
(0.,0.,1.),(0.197302407682741,0.98034267474317,0.),(-0.197771037770666,
0.679372020473786,0.7066401307713),(-0.240933042081502,0.970541740077856,
0.),(-0.197689978839776,0.679394842151402,0.706640871110921),(0.,0.,1.),
(0.,0.,1.),(-0.162303473092525,0.688225844367262,0.707108739704916),(-0.197771594117042,
-0.679374133875991,0.706637943207589),(-0.240933042084548,-0.9705417400771,
0.),(-0.197801625545797,-0.67936508430841,0.706638237823334),(0.,0.,1.),
(0.,0.,1.),(-0.162413213136457,-0.6881999508798,0.707108743976294),(-0.453989425447926,
0.891007071566473,0.),(0.,0.,-1.),(0.,0.,-1.),(0.267527521301065,-0.96355021942113,
0.),(0.,0.,-1.),(0.403436122899339,-0.915007811299963,0.),(0.,0.,-1.),(0.336360080464898,
-0.941733452878068,0.),(0.,0.,1.),(-0.354603212779657,0.935016877647855,
0.),(-0.453989425447926,0.891007071566473,0.),(0.,0.,1.),(0.,0.,1.),(-0.453989425447919,
-0.891007071566477,0.),(0.,0.,-1.),(0.267527521301185,0.963550219421097,
0.),(-0.453989425447919,-0.891007071566477,0.),(0.,0.,-1.),(0.,0.,-1.),
(0.403436122899332,0.915007811299966,0.),(0.,0.,-1.),(0.336360080465023,
0.941733452878023,0.),(0.,0.,1.),(-0.354603533466252,-0.935016756028037,
0.),(-0.297499242821419,0.954722054066354,0.),(-0.197751114501801,0.679375515088612,
0.706642346743655),(0.,0.,1.),(0.,0.,1.),(-0.297499243476088,-0.954722053862354,
0.),(-0.197758139008019,-0.679376556608423,0.706639379589736),(-0.297526697886562,
-0.95471349840919,0.),(-0.266572013932998,-0.655440764716112,0.706637647833784),
(0.,0.,1.),(0.,0.,1.),(-0.23232738227569,0.667848324405687,0.70710862180675),
(0.,0.,1.),(-0.266565773380713,0.655442881478244,0.706638038589374),(-0.297482749430058,
0.95472719338643,0.),(-0.232306705245746,-0.66785576964195,0.707108383243916),
(0.,0.,1.),(0.,0.,1.),(0.267527521301065,-0.96355021942113,0.),(0.,0.,1.),
(0.267527521301185,0.963550219421097,0.),(-0.23233554751757,0.667847837233587,
0.707106399109873),(0.,0.,1.),(0.,0.,1.),(-0.232331689239481,-0.667846854060065,
0.707108595406111),(-0.266582635968553,0.655437527217158,0.706636643626351),
(0.,0.,1.),(0.,0.,1.),(-0.266581282578526,-0.655436528284488,0.706638080752209),
(-0.355475641468164,0.934685545155587,0.),(-0.26655221050393,0.655448081144433,
0.706638331821554),(-0.355516872363078,-0.934669863355599,0.),(-0.266578979821977,
-0.655437786416388,0.706637782498685),(-0.587787631837909,0.809015265528644,
0.),(0.,0.,-1.),(0.,0.,-1.),(0.530937034823047,-0.847411272673022,0.),(0.,
0.,-1.),(0.468405784473324,-0.883513452683053,0.),(0.,0.,1.),(-0.464725597466546,
0.8854547526889,0.),(-0.587787631837909,0.809015265528644,0.),(0.,0.,1.),
(0.,0.,1.),(-0.568065475378651,0.822983362944127,0.),(-0.587784640798385,
-0.809017438651055,0.),(0.,0.,1.),(-0.587784640798385,-0.809017438651055,
0.),(0.,0.,-1.),(0.,0.,-1.),(0.53094055951922,0.847409064299773,0.),(0.,
0.,-1.),(0.468409459332509,0.883511504400382,0.),(0.,0.,1.),(-0.464721617722367,
-0.885456841422249,0.),(0.,0.,1.),(-0.568065542757536,-0.822983316435713,
0.),(-0.410409477226796,0.911901343897638,0.),(-0.266564957080002,0.655444173954378,
0.706637147683449),(0.,0.,1.),(0.,0.,1.),(-0.410409254677365,-0.911901444058056,
0.),(-0.266554565798985,-0.655444254751572,0.706640992559072),(-0.410415113428822,
-0.911898807252869,0.),(-0.332555716585741,-0.624550076590162,0.706642694151271),
(0.,0.,1.),(0.,0.,1.),(-0.299749173457627,0.640431772063068,0.707105068814831),
(0.,0.,1.),(-0.332554303680412,0.624553969480051,0.70663991842405),(-0.410439981782619,
0.911887614431828,0.),(-0.299750841463465,-0.640425086332879,0.707110417005343),
(0.,0.,1.),(0.,0.,1.),(0.336360080464898,-0.941733452878068,0.),(0.,0.,
1.),(0.336360080465023,0.941733452878023,0.),(-0.299751927409733,0.640429192835013,
0.707106237406264),(0.,0.,1.),(0.,0.,1.),(0.403436122899339,-0.915007811299963,
0.),(-0.299751927409808,-0.640429192834978,0.707106237406264),(0.,0.,1.),
(0.,0.,1.),(0.403436122899332,0.915007811299966,0.),(-0.332522039943576,
0.62457322053406,0.706638086394638),(0.,0.,1.),(0.,0.,1.),(-0.332522227683044,
-0.624571718735318,0.706639325436051),(-0.464963776839605,0.885329704814568,
0.),(-0.332569329209162,0.624539267500348,0.706645841011957),(-0.464940034387457,
-0.885342173638978,0.),(-0.332551849046921,-0.624553021457767,0.706641911496515),
(-0.707109013966881,0.707104548399164,0.),(0.,0.,-1.),(0.,0.,-1.),(0.647390658187268,
-0.762158340301971,0.),(0.,0.,-1.),(0.590701525454826,-0.806890146070295,
0.),(-0.707109013966881,0.707104548399164,0.),(0.,0.,1.),(0.,0.,1.),(-0.663123634359331,
0.748509883404353,0.),(-0.707106399703816,-0.707107162669073,0.),(0.,0.,
1.),(-0.707106399703816,-0.707107162669073,0.),(0.,0.,-1.),(0.,0.,-1.),
(0.647387955626529,0.762160635896202,0.),(0.,0.,-1.),(0.590701525454832,
0.806890146070291,0.),(0.,0.,1.),(-0.663123557751551,-0.748509951272981,
0.),(-0.517334993458419,0.855782977479304,0.),(-0.332540413852816,0.624561538517228,
0.706639765198358),(0.,0.,1.),(0.,0.,1.),(-0.517334844484381,-0.855783067536578,
0.),(-0.332548782731747,-0.624555824028424,0.706640877515453),(-0.517342828096402,
-0.855778241261842,0.),(-0.394997365779529,-0.587061632490156,0.706636908663301),
(0.,0.,1.),(0.,0.,1.),(-0.364004431958207,0.606216351707278,0.70710855491749),
(0.,0.,1.),(-0.395003845711226,0.58705618169534,0.706637814871685),(-0.517342678841716,
0.855778331490601,0.),(0.,0.,1.),(-0.364006358543669,-0.606214210786994,
0.707109398593796),(0.,0.,1.),(0.468405784473324,-0.883513452683053,0.),
(0.,0.,1.),(0.468409459332509,0.883511504400382,0.),(-0.395019287026064,
0.587044512121205,0.706638877833506),(0.,0.,1.),(0.,0.,1.),(-0.364014170764568,
0.606209951031798,0.707109028900501),(-0.395103943043482,-0.586990526571298,
0.706636395826767),(0.,0.,1.),(0.,0.,1.),(-0.364096659156172,-0.60615808951685,
0.70711101908017),(-0.809013191622829,0.587790486296132,0.),(0.,0.,1.),
(-0.809013191622829,0.587790486296132,0.),(0.,0.,-1.),(0.,0.,-1.),(0.750345902082226,
-0.661045404816046,0.),(0.,0.,-1.),(0.700695426218473,-0.71346052425941,
0.),(0.,0.,1.),(-0.748507219775231,0.663126640954783,0.),(-0.809014684865015,
-0.587788431047056,0.),(0.,0.,-1.),(0.,0.,-1.),(0.750347913444472,0.661043121732257,
0.),(0.,0.,-1.),(0.70069289633622,0.713463008868687,0.),(-0.809014684865015,
-0.587788431047056,0.),(0.,0.,1.),(0.,0.,1.),(-0.748509527779062,-0.663124035776047,
0.),(-0.567677065490044,0.823251328159641,0.),(-0.394995994729762,0.58705854781858,
0.706640237731044),(-0.567677065489929,-0.82325132815972,0.),(-0.394997168113703,
-0.587060123953673,0.706638272417829),(-0.616712837765616,0.787188208584876,
0.),(-0.394984092296936,0.587063621077423,0.706642676067494),(0.,0.,1.),
(0.,0.,1.),(-0.61671281036779,-0.787188230049368,0.),(-0.39498527484124,
-0.58706518419341,0.706640716465269),(-0.616726735363712,-0.78717732048606,
0.),(-0.453276921228905,-0.543328426404584,0.706635870687275),(0.,0.,1.),
(0.,0.,1.),(-0.424413604798788,0.565571150485496,0.707108454057941),(0.,
0.,1.),(-0.453276921229193,0.543328426404418,0.706635870687218),(-0.616726707603295,
0.787177342235398,0.),(-0.424413470018255,-0.565572468786118,0.707107480527706),
(0.,0.,1.),(0.,0.,1.),(-0.424506967108774,0.565501416248319,0.707108183446675),
(-0.453363329819781,0.543257924382753,0.706634643058253),(0.,0.,1.),(0.,
0.,1.),(-0.424435977959615,-0.565557018369903,0.707106328345327),(-0.453290417991807,
-0.543316795581835,0.706636155737519),(0.,0.,1.),(0.,0.,1.),(0.530937034823047,
-0.847411272673022,0.),(0.,0.,1.),(0.53094055951922,0.847409064299773,0.),
(-0.891004036196058,0.453995382666316,0.),(0.,0.,1.),(-0.891004036196058,
0.453995382666316,0.),(0.,0.,-1.),(0.,0.,-1.),(0.837685074562653,-0.54615356435252,
0.),(0.,0.,-1.),(0.796093186829096,-0.605174055858555,0.),(0.,0.,1.),(-0.822981446457809,
0.568068251873146,0.),(-0.891005189539929,-0.453993119125076,0.),(0.,0.,
-1.),(0.,0.,-1.),(0.837683722199095,0.546155638589102,0.),(0.,0.,-1.),(0.796095028191137,
0.605171633579559,0.),(-0.891005189539929,-0.453993119125076,0.),(0.,0.,
1.),(0.,0.,1.),(-0.82298138886788,-0.568068335305749,0.),(-0.662212215042196,
0.749316343241563,0.),(-0.453240116966956,0.543346160803579,0.706645841926344),
(-0.662212215041864,-0.749316343241857,0.),(-0.453240116966778,-0.543346160803716,
0.706645841926353),(-0.707073503952156,0.707140056854834,0.),(-0.453235178559211,
0.543349161893456,0.706646701815044),(0.,0.,1.),(0.,0.,1.),(-0.707073396094157,
-0.70714016470276,0.),(-0.453235178559184,-0.543349161893516,0.706646701815014),
(-0.707142115230423,-0.707071445376922,0.),(-0.506753561455795,-0.493825160837,
0.706638194889137),(0.,0.,1.),(0.,0.,1.),(-0.480310425318377,0.518941255105689,
0.707108102824322),(0.,0.,1.),(-0.506753561455452,0.493825160837337,0.706638194889148),
(-0.7071420047373,0.707071555880969,0.),(-0.480310425318374,-0.51894125510574,
0.707108102824287),(0.,0.,1.),(0.,0.,1.),(-0.480319056172319,0.518937003948733,
0.707105360049297),(-0.506697938278117,0.493885803210797,0.706635700153574),
(0.,0.,1.),(0.,0.,1.),(-0.480319056172352,-0.518937003948766,0.70710536004925),
(-0.506697938278146,-0.493885803210797,0.706635700153553),(0.,0.,1.),(0.,
0.,1.),(-0.951058802278347,0.309009958753557,0.),(-0.951058802278347,0.309009958753557,
0.),(0.,0.,-1.),(0.,0.,-1.),(0.935506914938559,-0.35330838102448,0.),(0.,
0.,-1.),(0.874912557809937,-0.484280926928239,0.),(0.,0.,-1.),(0.907578382112628,
-0.419882698288254,0.),(0.,0.,1.),(-0.935018500545875,0.354598933496619,
0.),(0.,0.,1.),(-0.885454666289295,0.464725762085975,0.),(-0.951058451559982,
-0.309011038178782,0.),(0.,0.,-1.),(0.,0.,-1.),(0.935506914938544,0.353308381024522,
0.),(0.,0.,-1.),(0.874911358652515,0.484283093346041,0.),(0.,0.,-1.),(0.907578382112608,
0.419882698288296,0.),(-0.951058451559982,-0.309011038178782,0.),(0.,0.,
1.),(0.,0.,1.),(-0.935018678334801,-0.354598464696397,0.),(0.,0.,1.),(-0.885454521628785,
-0.464726037711616,0.),(0.,0.,1.),(0.590701525454826,-0.806890146070295,
0.),(0.,0.,1.),(0.590701525454832,0.806890146070291,0.),(0.,0.,1.),(0.647390658187268,
-0.762158340301971,0.),(0.,0.,1.),(0.647387955626529,0.762160635896202,
0.),(-0.987688057150753,0.156436254627153,0.),(0.,0.,1.),(-0.987688057150753,
0.156436254627153,0.),(0.,0.,-1.),(0.,0.,-1.),(0.976622017622573,-0.214963798568072,
0.),(0.,0.,-1.),(0.958562983311556,-0.284880689104841,0.),(0.,0.,1.),(-0.970942760828874,
0.239311836719362,0.),(-0.987687939286252,-0.156436998783783,0.),(0.,0.,
-1.),(0.,0.,-1.),(0.976622017622571,0.214963798568082,0.),(0.,0.,-1.),(0.958562983311559,
0.284880689104831,0.),(-0.987687939286252,-0.156436998783783,0.),(0.,0.,
1.),(0.,0.,1.),(-0.970942594273074,-0.239312512473165,0.),(-0.746980114269913,
0.664846379914419,0.),(-0.506751168386925,0.493949652349236,0.706552895601281),
(-0.746980114270419,-0.66484637991385,0.),(-0.506751168387269,-0.493949652348863,
0.706552895601295),(-0.786877802573983,0.617108842763016,0.),(-0.509269331711537,
0.496131883087609,0.703205448188527),(0.,0.,1.),(0.,0.,1.),(-0.531123172976046,
0.466917724254318,0.707033248090234),(-0.786879947200227,-0.617106108132142,
0.),(0.,0.,1.),(-0.509269331711537,-0.496131883087609,0.703205448188527),
(-0.787149215290228,-0.616762606573894,0.),(-0.59644654540542,-0.379339131837019,
0.707356587253612),(0.,0.,1.),(0.,0.,1.),(-0.531124821070001,-0.466915812949231,
0.707033272244891),(0.,0.,1.),(-0.596446545404473,0.37933913183629,0.707356587254802),
(-0.787147544207119,0.616764739303944,0.),(0.,0.,1.),(-0.576296590679057,
0.409714100727193,0.7071185156938),(-0.554819047748638,0.439133506185972,
0.706638229931065),(0.,0.,1.),(0.,0.,1.),(-0.531094282432095,0.466839017456111,
0.707106919035976),(0.,0.,1.),(-0.576297122077276,-0.409712078877622,0.707119254091718),
(-0.55481901639442,-0.439132701141273,0.706638754835523),(0.,0.,1.),(0.,
0.,1.),(-0.531094282432095,-0.466839017456112,0.707106919035976),(-0.999999999999927,
0.,0.),(0.,0.,1.),(-0.999999999999927,0.,0.),(0.,0.,-1.),(0.,0.,-1.),(0.997392557290067,
-0.0721670746419669,0.),(0.,0.,-1.),(0.989586411729179,-0.143940035156896,
0.),(0.,0.,1.),(-0.99270821278748,0.120542126513042,0.),(0.,0.,-1.),(0.997392594765801,
0.0721665567028348,0.),(0.,0.,-1.),(0.989586486476123,0.143939521271406,
0.),(0.,0.,1.),(-0.992708337300991,-0.12054110109436,0.),(0.,0.,-1.),(1.,
0.,0.),(0.,0.,1.),(-1.,0.,0.),(0.,0.,1.),(0.700695426218473,-0.71346052425941,
0.),(0.,0.,1.),(0.70069289633622,0.713463008868687,0.),(-0.597020475794358,
0.379744495232689,0.706654561877831),(-0.823816979627649,0.566855875930714,
0.),(-0.597070613976305,0.379688737417657,0.7066421616378),(0.,0.,1.),(0.,
0.,1.),(-0.576309794209275,0.40971348503328,0.707108111451387),(-0.597017581136929,
-0.379749760253151,0.706654178082239),(-0.823810506643765,-0.5668652830641,
0.),(-0.597070017501511,-0.379688960901969,0.706642545541894),(0.,0.,1.),
(0.,0.,1.),(-0.576308646852621,-0.409712773579483,0.707109458803025),(-0.855792222620129,
0.517319699705027,0.),(-0.597041204541988,0.379725400961956,0.706647309443214),
(0.,0.,1.),(0.,0.,1.),(-0.855786321287073,-0.517329462043131,0.),(-0.597037677716902,
-0.379734283887678,0.706645515818731),(-0.855773212725229,-0.517351146110498,
0.),(-0.63290404794626,-0.31637067581564,0.706641395318159),(0.,0.,1.),
(0.,0.,1.),(-0.615372876206807,0.348296536910691,0.70711084393112),(0.,
0.,1.),(-0.632904047946237,0.316370675815626,0.706641395318185),(-0.855773110346826,
0.517351315459156,0.),(0.,0.,1.),(-0.615372876206782,-0.348296536910793,
0.707110843931092),(-0.632892701148939,0.316394404614699,0.706640933969233),
(0.,0.,1.),(0.,0.,1.),(-0.615393991048571,0.348261264867416,0.707109840954189),
(-0.632892612493099,-0.316393893216457,0.706641242347907),(0.,0.,1.),(0.,
0.,1.),(-0.615393991048609,-0.348261264867413,0.707109840954158),(-0.885817557838258,
0.464033677900069,0.),(-0.632911454566858,0.316358397304003,0.706640258641769),
(-0.885817557838368,-0.464033677899858,0.),(-0.632911454566988,-0.31635839730385,
0.706640258641721),(0.,0.,1.),(0.750345902082226,-0.661045404816046,0.),
(0.,0.,1.),(0.750347913444472,0.661043121732257,0.),(-0.911898341228017,
0.41041614888498,0.),(-0.632914511250203,0.316353802758813,0.706639577811032),
(0.,0.,1.),(0.,0.,1.),(-0.91189838251342,-0.410416057153478,0.),(-0.632917583332719,
-0.316349721486024,0.706638653361098),(-0.911899219679872,-0.41041419705858,
0.),(-0.662090568576319,-0.249607142864171,0.706634525927988),(0.,0.,1.),
(0.,0.,1.),(0.796093186829096,-0.605174055858555,0.),(0.,0.,1.),(0.796095028191137,
0.605171633579559,0.),(0.,0.,1.),(-0.64793367671789,0.283163338440055,0.70710711659431),
(0.,0.,1.),(-0.662090696673803,0.249606218873939,0.706634732289217),(-0.911894544404703,
0.410424584893405,0.),(0.,0.,1.),(-0.647934666459155,-0.283164379614384,
0.707105792734061),(-0.662070658662343,0.24965362959037,0.706636758292948),
(0.,0.,1.),(0.,0.,1.),(-0.647934848834043,0.283159707595266,0.707107496538517),
(-0.662084826403944,-0.249613320592269,0.706637723892915),(0.,0.,1.),(0.,
0.,1.),(-0.647933957324554,-0.283159422226427,0.707108427718225),(-0.935045023416148,
0.354528989202147,0.),(-0.662092158729057,0.249601521029982,0.706635021810423),
(-0.935046255320335,-0.354525740125339,0.),(-0.662091898910657,-0.249598613644409,
0.706636292206726),(-0.954727629061416,0.297481351191579,0.),(-0.662095616047137,
0.249583653648161,0.706638093399157),(0.,0.,1.),(0.,0.,1.),(-0.954725310632932,
-0.297488791783574,0.),(-0.662093876482461,-0.249590248382383,0.706637394026702),
(-0.954725918053532,-0.297486842392802,0.),(-0.684245103291107,-0.180191082634924,
0.706639803832898),(0.,0.,1.),(0.,0.,1.),(-0.673615727532342,0.215034079571518,
0.707108334163799),(0.,0.,1.),(-0.684245103291131,0.180191082634869,0.706639803832889),
(-0.954725917738821,0.297486843402806,0.),(0.,0.,1.),(-0.673615733267357,
-0.215034081408822,0.707108328141697),(-0.684217668990327,0.18028465285262,
0.706642501826244),(0.,0.,1.),(0.,0.,1.),(-0.673569625083803,0.215179145215495,
0.707108121597251),(-0.684209529379586,-0.180313749760628,0.706642959034778),
(0.,0.,1.),(0.,0.,1.),(-0.673573826734403,-0.21516831410949,0.707107415136946),
(0.,0.,1.),(0.837685074562653,-0.54615356435252,0.),(0.,0.,1.),(0.837683722199095,
0.546155638589102,0.),(-0.970792679530468,0.239919931164656,0.),(-0.684242060725226,
0.180196432566193,0.706641385728938),(-0.970792679530507,-0.239919931164502,
0.),(-0.684242060725313,-0.180196432566016,0.706641385728899),(-0.983617949333593,
0.180265719837994,0.),(-0.684238321481612,0.18020385382118,0.70664311394368),
(0.,0.,1.),(0.,0.,1.),(-0.983617908107973,-0.180265944785161,0.),(-0.6842416212207,
-0.180197850982312,0.706641449598468),(-0.983619996809556,-0.180254547449881,
0.),(-0.699147719194738,-0.108890093328152,0.706636691886136),(0.,0.,1.),
(0.,0.,1.),(-0.692148889066581,0.144652499728941,0.707110719538367),(0.,
0.,1.),(-0.699147199871355,0.10889161520351,0.70663697118847),(-0.983619281463943,
0.180258450931656,0.),(0.,0.,1.),(-0.692150334256644,-0.144649913915464,
0.707109833896167),(-0.699160521069699,0.108799424193552,0.706637991529396),
(0.,0.,1.),(0.,0.,1.),(-0.692168906514219,0.144554744176722,0.707111116297087),
(-0.699157018452337,-0.108817867039522,0.706638617230764),(0.,0.,1.),(0.,
0.,1.),(-0.692165392683042,-0.144571563775214,0.707111117236548),(-0.992547069437504,
0.121861868322388,0.),(-0.699169168740059,0.108859737942695,0.706620146145284),
(-0.99254697516551,-0.121862636151519,0.),(-0.699172844343786,-0.108858333674026,
0.706616725617172),(-0.998175465673552,0.0603799613066174,0.),(-0.699587631904347,
0.108877340489155,0.706203136508523),(0.,0.,1.),(0.,0.,1.),(-0.703371990270746,
0.0726922850581992,0.707095237570998),(-0.998175212986773,-0.060384138470378,
0.),(0.,0.,1.),(-0.699740192405965,-0.108887926520927,0.706050339982665),
(-0.70337468459531,-0.0726921657921588,0.707092569684404),(0.,0.,1.),(0.,
0.,1.),(-0.707105681506225,0.,0.70710788086516),(-0.999999999999951,0.,
0.),(-0.706633685878347,0.0364940393803842,0.706637827371055),(0.,0.,1.),
(0.,0.,1.),(-0.703357075922083,0.0727057474868322,0.707108688981205),(-0.706633651943414,
-0.0364939040345521,0.706637868295658),(0.,0.,1.),(0.,0.,1.),(-0.703356845553397,
-0.0727056507354764,0.707108928075658),(-0.707104455839046,0.,0.707109106526402),
(0.,0.,1.),(0.,0.,1.),(0.874912557809937,-0.484280926928239,0.),(0.,0.,
1.),(0.874911358652515,0.484283093346041,0.),(0.,0.,1.),(0.907578382112628,
-0.419882698288254,0.),(0.,0.,1.),(0.907578382112608,0.419882698288296,
0.),(0.,0.,1.),(0.935506914938559,-0.35330838102448,0.),(0.,0.,1.),(0.935506914938544,
0.353308381024522,0.),(0.,0.,1.),(0.958562983311556,-0.284880689104841,
0.),(0.,0.,1.),(0.958562983311559,0.284880689104831,0.),(0.,0.,1.),(0.976622017622573,
-0.214963798568072,0.),(0.,0.,1.),(0.976622017622571,0.214963798568082,
0.),(0.,0.,1.),(0.989586411729179,-0.143940035156896,0.),(0.,0.,1.),(0.989586486476123,
0.143939521271406,0.),(0.,0.,1.),(0.997392557290067,-0.0721670746419669,
0.),(0.,0.,1.),(0.997392594765801,0.0721665567028348,0.),(0.,0.,1.),(1.,
0.,0.)),$,(4,4,1,1,2,2,5,5,3,3,149,149,45,45,6,6,47,47,8,8,7,7,48,48,46,
46,9,9,155,155,10,10,49,49,12,12,11,11,157,157,50,50,13,13,14,14,51,51,
16,16,15,15,52,52,17,17,173,173,18,18,53,53,20,20,19,19,175,175,54,54,21,
21,22,22,61,61,59,59,24,24,23,23,62,62,60,60,25,25,181,181,26,26,65,65,
63,63,28,28,27,27,183,183,66,66,64,64,29,29,30,30,32,32,31,31,33,33,199,
199,34,34,81,81,77,77,36,36,35,35,201,201,82,82,78,78,37,37,38,38,117,117,
87,87,40,40,39,39,118,118,88,88,41,41,217,217,42,42,129,129,44,44,43,43,
219,219,130,130,56,56,55,55,133,133,57,57,58,58,134,134,72,72,73,73,74,
74,74,76,76,75,75,75,91,91,79,79,79,84,84,89,89,89,92,92,80,80,80,86,86,
90,90,90,101,101,93,93,93,96,96,102,102,94,94,94,98,98,68,68,67,67,153,
153,69,69,70,70,154,154,107,107,108,108,119,119,112,112,115,115,115,120,
120,114,114,116,116,116,104,104,103,103,233,233,189,189,159,159,161,161,
105,105,235,235,106,106,190,190,160,160,162,162,71,71,85,85,83,83,150,150,
131,131,124,124,127,127,127,132,132,126,126,128,128,128,95,95,156,156,97,
97,158,158,147,147,139,139,139,142,142,145,145,145,148,148,140,140,140,
144,144,146,146,146,99,99,99,109,109,109,111,111,174,174,100,100,100,113,
113,176,176,110,110,110,136,136,135,135,137,137,138,138,121,121,121,123,
123,182,182,125,125,184,184,122,122,122,141,141,143,143,177,177,151,151,
151,164,164,167,167,167,178,178,152,152,152,166,166,168,168,168,170,170,
169,169,257,257,215,215,213,213,171,171,259,259,172,172,216,216,214,214,
163,163,200,200,165,165,202,202,193,193,179,179,179,186,186,191,191,191,
194,194,180,180,180,188,188,192,192,192,211,211,203,203,203,206,206,212,
212,204,204,204,208,208,185,185,218,218,187,187,220,220,196,196,195,195,
239,239,197,197,198,198,240,240,205,205,234,234,207,207,236,236,222,222,
221,221,277,277,243,243,241,241,223,223,279,279,224,224,244,244,242,242,
209,209,209,229,229,258,258,210,210,210,228,228,228,231,231,260,260,227,
227,227,225,225,226,226,246,246,245,245,261,261,247,247,262,262,248,248,
230,230,232,232,237,237,237,253,253,238,238,238,252,252,252,255,255,249,
249,251,251,251,250,250,254,254,263,263,263,265,265,256,256,264,264,264,
266,266,268,268,267,267,299,299,283,283,269,269,301,301,284,284,270,270,
278,278,273,273,280,280,272,272,272,275,275,271,271,271,290,290,289,289,
285,285,305,305,291,291,286,286,306,306,292,292,274,274,276,276,281,281,
281,300,300,295,295,282,282,282,302,302,294,294,294,297,297,287,287,293,
293,293,288,288,314,314,321,321,313,313,307,307,309,309,315,315,323,323,
308,308,310,310,316,316,296,296,298,298,303,303,303,322,322,319,319,304,
304,304,324,324,318,318,318,325,325,311,311,317,317,317,312,312,331,331,
320,320,327,327,327,329,329,332,332,326,326,328,328,328,330,330,334,334,
333,333,335,335,336,336,343,343,339,339,340,340,342,342,341,341,345,345,
338,338,338,337,337,337,351,351,352,352,356,356,355,355,357,357,358,358,
344,344,346,346,363,363,381,381,367,367,364,364,366,366,383,383,365,365,
369,369,347,347,347,349,349,348,348,348,362,362,362,350,350,361,361,361,
353,353,373,373,359,359,354,354,374,374,360,360,382,382,384,384,368,368,
377,377,375,375,370,370,378,378,376,376,387,387,409,409,459,459,429,429,
391,391,388,388,390,390,411,411,389,389,461,461,431,431,393,393,371,371,
371,372,372,372,386,386,386,379,379,385,385,385,380,380,410,410,412,412,
397,397,398,398,399,399,400,400,392,392,394,394,405,405,523,523,493,493,
413,413,406,406,433,433,408,408,407,407,525,525,495,495,415,415,435,435,
395,395,395,396,396,396,404,404,404,401,401,403,403,403,402,402,430,430,
432,432,419,419,460,460,420,420,462,462,441,441,442,442,414,414,416,416,
423,423,577,577,561,561,424,424,453,453,426,426,425,425,579,579,563,563,
455,455,417,417,417,418,418,418,428,428,428,421,421,427,427,427,422,422,
494,494,496,496,445,445,443,443,446,446,444,444,448,448,447,447,600,600,
596,596,479,479,449,449,602,602,598,598,450,450,481,481,434,434,436,436,
437,437,437,438,438,438,452,452,452,439,439,451,451,451,440,440,469,469,
471,471,470,470,472,472,524,524,526,526,466,466,465,465,608,608,604,604,
503,503,467,467,610,610,606,606,468,468,505,505,454,454,456,456,457,457,
457,458,458,458,478,478,478,463,463,477,477,477,464,464,497,497,513,513,
498,498,514,514,474,474,473,473,620,620,612,612,616,616,533,533,517,517,
475,475,622,622,614,614,618,618,476,476,535,535,519,519,562,562,564,564,
578,578,580,580,488,488,487,487,628,628,624,624,545,545,489,489,630,630,
626,626,490,490,547,547,480,480,482,482,483,483,483,485,485,484,484,484,
502,502,502,486,486,501,501,501,499,499,521,521,515,515,500,500,522,522,
516,516,492,492,491,491,636,636,632,632,555,555,638,638,634,634,557,557,
640,640,567,567,597,597,599,599,504,504,569,569,541,541,506,506,570,570,
542,542,507,507,507,508,508,508,512,512,512,509,509,511,511,511,510,510,
573,573,571,571,574,574,572,572,518,518,520,520,601,601,603,603,527,527,
527,528,528,528,532,532,532,605,605,607,607,529,529,531,531,531,530,530,
581,581,575,575,582,582,576,576,534,534,536,536,537,537,537,538,538,538,
544,544,544,539,539,543,543,543,540,540,585,585,583,583,586,586,584,584,
609,609,611,611,546,546,548,548,549,549,549,550,550,550,554,554,554,551,
551,553,553,553,552,552,589,589,587,587,590,590,588,588,556,556,558,558,
559,559,559,565,565,560,560,560,566,566,568,568,568,593,593,591,591,594,
594,592,592,595,595,613,613,615,615,617,617,619,619,621,621,623,623,625,
625,627,627,629,629,631,631,633,633,635,635,637,637,639,639,641,641),((1,
3,5),(7,5,3),(3,1,10),(9,11,4),(4,11,8),(6,13,2),(5,7,15),(17,6,16),(6,
17,13),(19,10,1),(10,19,21),(11,9,22),(2,23,20),(25,2,13),(23,2,25),(27,
15,7),(8,29,28),(29,8,11),(15,27,31),(33,16,32),(16,33,17),(35,21,19),(21,
35,37),(39,22,38),(22,39,11),(20,41,36),(41,20,23),(43,31,27),(28,29,44),
(31,43,45),(47,32,46),(32,47,33),(49,37,35),(37,49,51),(39,38,52),(36,53,
50),(53,36,41),(55,45,43),(44,57,56),(57,44,29),(45,55,59),(61,46,60),(46,
61,47),(63,51,49),(51,63,65),(67,52,66),(52,67,39),(50,69,64),(69,50,53),
(71,59,55),(56,57,72),(59,71,73),(75,60,74),(60,77,61),(60,75,77),(79,65,
63),(65,79,81),(67,66,82),(64,83,80),(85,64,69),(83,64,85),(87,73,71),(72,
89,88),(89,72,57),(73,87,91),(93,74,92),(74,95,75),(74,93,95),(97,81,79),
(81,97,99),(101,82,100),(82,101,67),(80,103,98),(105,80,83),(103,80,105),
(107,91,87),(88,89,108),(91,107,109),(93,92,110),(112,99,97),(99,112,113),
(101,100,114),(98,103,111),(116,109,107),(108,117,115),(117,108,89),(109,
116,119),(121,110,120),(110,123,93),(110,121,123),(125,113,112),(113,125,
127),(129,114,128),(114,129,101),(111,131,126),(133,111,103),(131,111,133),
(135,119,116),(115,117,136),(119,135,137),(139,120,138),(120,141,121),(120,
139,141),(143,127,125),(127,143,145),(129,128,146),(126,147,144),(149,126,
131),(147,126,149),(151,137,135),(136,153,152),(153,136,117),(137,151,155),
(157,138,156),(138,157,139),(159,145,143),(145,159,161),(163,146,162),(146,
163,129),(144,165,160),(165,144,147),(151,167,155),(167,151,169),(152,153,
170),(171,156,168),(156,171,157),(159,173,161),(163,162,174),(173,159,175),
(160,177,176),(177,160,165),(14,179,26),(18,181,14),(179,14,184),(184,14,
181),(186,24,26),(26,179,188),(26,188,186),(18,34,192),(18,193,181),(193,
18,196),(18,198,196),(198,18,192),(24,201,42),(204,24,186),(24,204,206),
(208,24,206),(24,208,201),(34,48,192),(42,201,54),(212,48,62),(48,213,192),
(213,48,216),(48,212,216),(54,218,70),(221,54,201),(54,221,223),(218,54,
223),(62,78,212),(70,218,86),(169,225,167),(225,169,227),(170,153,228),
(229,168,226),(168,229,171),(175,231,173),(163,174,232),(231,175,233),(176,
235,234),(235,176,177),(237,78,76),(78,237,212),(86,240,84),(240,86,218),
(96,237,76),(240,106,84),(96,94,241),(237,96,243),(96,245,243),(245,96,
241),(106,248,104),(106,240,250),(252,106,250),(106,252,248),(94,124,241),
(104,248,134),(227,256,225),(256,227,257),(228,259,258),(259,228,153),(261,
226,255),(226,263,229),(226,265,263),(226,261,265),(233,267,231),(269,232,
268),(232,269,163),(267,233,271),(234,273,272),(275,234,235),(277,234,275),
(273,234,277),(185,279,180),(279,189,180),(194,279,185),(189,279,282),(194,
283,279),(285,280,284),(280,285,281),(182,195,183),(190,203,187),(189,282,
205),(287,124,122),(124,289,241),(124,291,289),(291,124,287),(134,294,132),
(296,134,248),(298,134,296),(134,298,294),(283,194,197),(205,282,207),(142,
287,122),(294,150,132),(200,283,197),(214,283,200),(214,302,283),(303,284,
301),(284,303,285),(282,209,207),(209,282,305),(281,307,306),(307,281,285),
(142,140,309),(142,311,287),(311,142,314),(142,316,314),(316,142,309),(150,
319,148),(322,150,294),(150,322,324),(326,150,324),(150,326,319),(199,191,
215),(210,220,202),(209,305,222),(302,214,217),(222,305,224),(329,302,217),
(333,302,329),(333,335,302),(337,301,336),(301,337,303),(216,212,330),(305,
339,224),(339,305,342),(306,344,343),(344,306,307),(218,223,341),(211,332,
331),(346,219,340),(339,342,347),(332,211,238),(219,346,239),(257,349,256),
(349,257,351),(258,259,352),(261,255,350),(271,354,267),(269,268,353),(354,
271,355),(272,273,356),(237,243,334),(250,240,348),(335,333,244),(347,342,
251),(247,335,244),(358,335,247),(358,360,335),(362,336,361),(336,362,337),
(342,253,251),(253,342,364),(343,366,365),(366,343,344),(246,242,357),(254,
368,249),(253,364,369),(140,158,309),(148,319,166),(241,289,359),(296,248,
370),(360,358,290),(369,364,297),(293,360,290),(312,360,293),(312,371,360),
(362,361,372),(364,299,297),(299,364,374),(365,366,373),(292,288,313),(300,
321,295),(299,374,323),(375,158,172),(158,377,309),(377,158,380),(158,382,
380),(382,158,375),(166,385,178),(388,166,319),(166,388,390),(392,166,390),
(166,392,385),(172,230,375),(178,385,236),(351,396,349),(396,351,397),(352,
399,398),(399,352,259),(401,350,395),(350,403,261),(350,401,403),(355,405,
354),(407,353,406),(353,407,269),(405,355,409),(356,411,410),(413,356,273),
(411,356,413),(371,312,315),(323,374,325),(318,371,315),(378,371,318),(378,
415,371),(417,372,416),(372,417,362),(374,327,325),(327,374,419),(373,421,
420),(421,373,366),(317,310,379),(328,387,320),(327,419,389),(304,12,286),
(40,286,12),(12,304,30),(286,40,308),(415,378,381),(389,419,391),(423,230,
264),(230,425,375),(425,230,428),(230,430,428),(430,230,423),(236,433,276),
(436,236,385),(236,436,438),(440,236,438),(236,440,433),(338,30,304),(30,
338,58),(68,308,40),(308,68,345),(266,423,264),(433,278,276),(266,262,444),
(266,445,423),(445,266,448),(448,266,444),(278,450,274),(453,278,433),(278,
453,455),(278,455,450),(384,415,381),(426,415,384),(426,457,415),(459,416,
458),(416,459,417),(419,393,391),(393,419,461),(420,463,462),(463,420,421),
(383,376,427),(394,435,386),(393,461,437),(397,465,396),(465,397,467),(398,
399,468),(469,395,466),(395,469,401),(409,471,405),(407,406,472),(471,409,
473),(410,475,474),(475,410,411),(363,58,338),(58,363,90),(102,345,68),
(345,102,367),(457,426,429),(437,461,439),(418,90,363),(90,418,118),(130,
367,102),(367,130,422),(432,457,429),(457,432,477),(479,458,478),(458,479,
459),(461,441,439),(441,461,454),(481,454,461),(462,483,482),(483,462,463),
(262,404,444),(274,450,414),(431,424,447),(446,477,432),(442,452,434),(467,
485,465),(485,467,487),(468,489,488),(489,468,399),(491,466,486),(466,493,
469),(466,491,493),(473,495,471),(497,472,496),(472,497,407),(495,473,499),
(474,501,500),(503,474,475),(501,474,503),(460,118,418),(118,460,154),(164,
422,130),(422,164,464),(477,446,449),(454,481,456),(505,477,449),(477,505,
509),(510,478,508),(478,510,479),(448,444,506),(481,512,456),(512,481,515),
(519,515,481),(482,520,518),(520,482,483),(450,455,514),(443,522,507),(524,
509,505),(517,451,513),(404,525,444),(522,443,526),(528,414,450),(451,517,
527),(525,404,402),(414,528,412),(402,470,525),(412,528,476),(460,260,154),
(260,460,480),(164,484,464),(484,164,270),(487,529,485),(529,487,531),(488,
489,532),(486,533,491),(533,486,530),(499,535,495),(497,496,536),(537,500,
501),(535,499,539),(500,537,540),(525,541,523),(541,525,470),(543,528,516),
(528,543,476),(509,524,542),(515,519,544),(545,509,542),(509,545,549),(510,
508,548),(541,470,546),(519,550,544),(550,519,553),(557,553,519),(518,520,
556),(476,543,552),(480,400,260),(400,480,511),(270,521,484),(521,270,408),
(546,470,558),(547,559,560),(562,549,545),(476,552,563),(551,555,564),(558,
470,494),(476,563,504),(492,558,494),(563,502,504),(492,561,558),(561,492,
565),(492,567,565),(492,534,570),(567,492,570),(554,502,563),(502,554,572),
(574,502,572),(502,578,538),(502,574,578),(531,579,529),(579,531,581),(532,
583,582),(583,532,489),(530,585,533),(585,530,580),(539,587,535),(589,536,
588),(536,589,497),(591,540,537),(587,539,593),(540,591,594),(549,562,566),
(553,557,573),(569,549,566),(548,595,510),(549,569,597),(595,548,598),(557,
575,573),(599,556,520),(575,557,601),(605,601,557),(556,599,604),(511,490,
400),(490,511,596),(408,600,521),(600,408,498),(534,586,570),(538,578,592),
(568,571,606),(608,597,569),(576,603,577),(586,607,570),(602,592,578),(581,
609,579),(609,581,611),(582,583,612),(580,613,585),(580,615,613),(615,580,
610),(593,617,587),(589,588,618),(619,594,591),(621,594,619),(617,593,623),
(594,621,624),(597,608,625),(607,586,626),(601,605,627),(592,602,628),(629,
597,625),(598,632,595),(597,629,634),(632,598,635),(626,586,630),(605,637,
627),(639,604,599),(637,605,641),(645,641,605),(604,639,644),(592,628,638),
(596,584,490),(584,596,633),(498,640,600),(640,498,590),(630,586,646),(631,
647,648),(650,634,629),(592,638,651),(636,643,652),(646,586,614),(592,651,
620),(614,616,646),(620,651,622),(616,649,646),(642,622,651),(611,654,609),
(655,612,583),(654,611,657),(612,655,658),(610,659,615),(610,661,659),(661,
610,653),(623,663,617),(618,665,589),(665,618,664),(667,624,621),(669,624,
667),(624,669,671),(663,623,672),(634,650,673),(649,616,674),(641,645,675),
(622,642,676),(677,634,673),(635,680,632),(634,677,682),(680,635,683),(674,
616,678),(645,685,675),(687,644,639),(685,645,689),(693,689,645),(644,687,
692),(622,676,686),(633,656,584),(656,633,681),(590,688,640),(688,590,666),
(678,616,694),(679,695,696),(698,682,677),(622,686,699),(684,691,700),(694,
616,660),(622,699,668),(662,694,660),(699,670,668),(694,662,697),(661,653,
701),(697,662,703),(662,705,703),(705,662,708),(662,702,708),(670,699,690),
(671,669,710),(670,690,712),(714,670,712),(670,714,718),(670,718,711),(657,
719,654),(658,655,721),(719,657,722),(701,653,720),(672,723,663),(665,664,
724),(671,710,725),(723,672,726),(682,698,704),(689,693,713),(707,682,704),
(680,683,727),(682,707,728),(681,729,656),(721,655,730),(729,681,731),(680,
727,732),(666,734,688),(665,724,736),(734,666,735),(687,737,692),(737,687,
733),(693,715,713),(715,693,739),(738,739,693),(706,709,742),(744,728,707),
(716,741,717),(708,702,745),(745,743,708),(718,748,711),(740,748,718),(701,
720,746),(725,710,747),(722,749,719),(721,730,751),(749,722,752),(746,720,
750),(726,753,723),(736,724,754),(725,747,755),(753,726,756),(728,744,757),
(743,745,758),(739,738,759),(748,740,760),(731,761,729),(730,763,751),(763,
730,762),(765,732,727),(761,731,767),(732,765,768),(735,770,734),(771,736,
754),(770,735,773),(736,771,774),(733,775,737),(775,733,769),(777,728,757),
(728,777,766),(758,781,778),(781,758,745),(738,782,759),(782,738,785),(776,
785,738),(789,760,784),(760,789,748),(780,790,779),(792,766,777),(787,788,
783),(781,745,793),(781,793,796),(790,780,797),(796,798,781),(748,789,799),
(789,802,799),(788,787,803),(804,802,789),(746,750,794),(755,747,800),(805,
794,750),(794,805,795),(800,807,755),(807,800,801),(752,806,749),(806,752,
764),(756,772,753),(772,756,808),(798,809,791),(798,811,809),(798,796,814),
(811,798,814),(815,804,786),(817,804,815),(802,804,820),(804,817,820),(766,
792,810),(785,776,816),(767,821,761),(762,823,763),(825,762,822),(762,827,
823),(762,825,827),(829,768,765),(821,767,831),(768,829,832),(773,834,770),
(835,774,771),(834,773,837),(774,839,838),(841,774,835),(839,774,841),(769,
843,775),(843,769,833),(845,766,810),(766,845,830),(809,811,846),(776,849,
816),(849,776,851),(844,851,776),(817,815,850),(846,811,855),(847,854,856),
(858,830,845),(817,850,859),(848,853,860),(795,805,813),(807,801,819),(813,
861,812),(861,813,805),(863,819,818),(819,863,807),(811,865,855),(812,861,
866),(817,859,868),(863,818,867),(855,869,857),(869,855,865),(872,859,852),
(859,872,868),(764,862,806),(862,764,824),(808,836,772),(836,808,864),(830,
858,873),(857,869,874),(851,844,875),(872,852,876),(831,877,821),(879,822,
878),(822,881,825),(822,879,881),(883,832,829),(877,831,885),(832,887,886),
(887,832,883),(837,889,834),(889,837,891),(838,893,892),(895,838,839),(893,
838,895),(833,897,843),(899,833,890),(833,899,897),(901,830,873),(830,901,
884),(874,869,902),(844,905,875),(905,844,907),(898,907,844),(872,876,906),
(902,869,911),(903,910,912),(914,884,901),(872,906,915),(904,909,916),(866,
917,870),(917,866,861),(919,867,871),(867,919,863),(869,921,911),(870,923,
922),(923,870,917),(872,915,925),(927,871,926),(871,927,919),(929,913,911),
(911,921,929),(908,932,915),(915,932,925),(884,914,933),(913,929,934),(907,
898,935),(932,908,936),(885,937,877),(939,878,938),(878,941,879),(878,939,
941),(937,885,943),(886,945,944),(945,886,887),(891,947,889),(947,891,949),
(892,951,950),(953,892,893),(951,892,953),(955,890,948),(890,955,899),(824,
918,862),(918,824,828),(864,842,836),(842,864,920),(957,884,933),(884,957,
888),(934,929,958),(898,961,935),(961,898,963),(900,963,898),(932,936,962),
(959,966,968),(958,929,967),(970,888,957),(960,965,971),(932,962,972),(922,
973,930),(973,922,923),(975,926,931),(926,975,927),(967,977,969),(967,929,
980),(977,967,980),(981,972,964),(932,972,984),(972,981,984),(985,937,943),
(937,985,987),(989,938,988),(938,991,939),(938,989,991),(944,993,986),(993,
944,945),(995,947,949),(950,997,996),(999,950,951),(997,950,999),(947,995,
1001),(1003,948,1002),(948,1003,955),(888,970,1005),(969,977,1006),(963,
900,1007),(981,964,1008),(828,924,918),(924,828,826),(920,840,842),(840,
920,928),(1009,888,1005),(888,1009,946),(1006,977,1010),(900,1013,1007),
(1013,900,1015),(956,1015,900),(981,1008,1014),(1010,977,1019),(1011,1018,
1020),(1022,946,1009),(981,1014,1023),(1012,1017,1024),(1019,977,1026),
(1019,1027,1021),(1027,1019,1026),(1023,1030,981),(1031,1023,1016),(1023,
1031,1030),(930,1033,979),(1033,930,973),(1035,931,983),(931,1035,975),
(979,1033,978),(1035,983,982),(978,1033,1025),(1035,982,1029),(1037,987,
985),(987,1037,1039),(1041,988,1040),(988,1043,989),(988,1041,1043),(986,
1045,1038),(1045,986,993),(1047,1001,995),(996,1049,1048),(1051,996,997),
(1049,996,1051),(1001,1047,1053),(1055,1002,1054),(1002,1055,1003),(946,
1022,1057),(1021,1027,1058),(1015,956,1059),(1031,1016,1060),(1061,946,
1057),(946,1061,994),(1058,1027,1062),(956,1065,1059),(956,1067,1065),(1004,
1067,956),(1031,1060,1066),(1062,1027,1071),(1063,1070,1072),(994,1061,
1074),(1031,1066,1075),(1064,1069,1076),(826,974,924),(974,826,882),(928,
896,840),(896,928,976),(1071,1027,1078),(1079,1073,1071),(1071,1078,1079),
(1075,1082,1031),(1068,1083,1075),(1075,1083,1082),(1086,1039,1037),(1039,
1086,1087),(1089,1040,1088),(1040,1091,1041),(1040,1093,1091),(1040,1089,
1093),(1038,1095,1085),(1097,1038,1045),(1095,1038,1097),(1099,1053,1047),
(1048,1101,1100),(1103,1048,1049),(1105,1048,1103),(1101,1048,1105),(1053,
1099,1107),(1109,1054,1108),(1054,1111,1055),(1054,1109,1111),(1025,1113,
1028),(1113,1025,1033),(1115,1029,1032),(1029,1115,1035),(1028,1117,1077),
(1117,1028,1113),(1119,1032,1081),(1032,1119,1115),(1121,1087,1086),(1087,
1121,1123),(1125,1088,1124),(1088,1127,1089),(1088,1125,1127),(1085,1129,
1122),(1129,1085,1095),(1131,1107,1099),(1100,1133,1132),(1135,1100,1101),
(1133,1100,1135),(1107,1131,1137),(1139,1108,1138),(1108,1139,1109),(994,
1074,1141),(1073,1079,1142),(1067,1004,1143),(1083,1068,1144),(1145,994,
1141),(994,1145,1046),(1142,1149,1146),(1149,1142,1079),(1004,1150,1143),
(1004,1153,1150),(1056,1153,1004),(1157,1144,1152),(1144,1157,1083),(1148,
1158,1147),(1046,1145,1160),(1155,1156,1151),(1158,1148,1161),(1149,1163,
1162),(1149,1079,1166),(1163,1149,1166),(1156,1155,1167),(1169,1157,1168),
(1083,1157,1172),(1157,1169,1172),(1173,1123,1121),(1123,1173,1175),(1177,
1124,1176),(1124,1179,1125),(1124,1177,1179),(1122,1181,1174),(1181,1122,
1129),(1175,1137,1131),(1132,1183,1176),(1185,1132,1133),(1183,1132,1185),
(1137,1175,1173),(1187,1138,1174),(1138,1187,1139),(1176,1189,1177),(1189,
1176,1183),(1191,1174,1181),(1174,1191,1187),(882,1034,974),(1034,882,880),
(976,894,896),(894,976,1036),(1077,1193,1080),(1193,1077,1117),(1195,1081,
1084),(1081,1195,1119),(1162,1197,1159),(1197,1162,1199),(1162,1163,1202),
(1162,1202,1199),(1203,1168,1154),(1168,1203,1205),(1168,1208,1169),(1168,
1205,1208),(1046,1160,1198),(1153,1056,1204),(1209,1046,1198),(1046,1209,
1098),(1197,1199,1210),(1056,1213,1204),(1056,1215,1213),(1112,1215,1056),
(1205,1203,1214),(1211,1218,1220),(1210,1199,1219),(1098,1209,1222),(1212,
1217,1223),(1205,1214,1224),(1219,1225,1221),(1219,1199,1228),(1225,1219,
1228),(1229,1224,1216),(1205,1224,1232),(1224,1229,1232),(1098,1222,1233),
(1221,1225,1234),(1215,1112,1235),(1229,1216,1236),(1080,1237,1165),(1237,
1080,1193),(1239,1084,1171),(1084,1239,1195),(1165,1237,1164),(1239,1171,
1170),(1241,1098,1233),(1098,1241,1096),(1234,1225,1242),(1112,1245,1235),
(1112,1247,1245),(1110,1247,1112),(1229,1236,1246),(1164,1250,1201),(1250,
1164,1237),(1252,1170,1207),(1170,1252,1239),(880,1114,1034),(1114,880,
942),(1036,954,894),(954,1036,1116),(1243,1254,1256),(1242,1225,1255),(1096,
1241,1258),(1244,1249,1259),(1229,1246,1260),(1261,1257,1255),(1255,1225,
1264),(1255,1264,1261),(1248,1265,1260),(1260,1268,1229),(1260,1265,1268),
(1096,1258,1269),(1257,1261,1270),(1247,1110,1271),(1265,1248,1272),(1273,
1096,1269),(1096,1273,1130),(1270,1261,1274),(1110,1277,1271),(1110,1279,
1277),(1140,1279,1110),(1265,1272,1278),(1275,1282,1284),(1274,1261,1283),
(1130,1273,1286),(1276,1281,1287),(1265,1278,1288),(1283,1289,1285),(1283,
1261,1292),(1289,1283,1292),(1293,1288,1280),(1265,1288,1296),(1288,1293,
1296),(1201,1297,1200),(1297,1201,1250),(1299,1207,1206),(1207,1299,1252),
(1130,1286,1301),(1285,1289,1302),(1279,1140,1303),(1293,1280,1304),(1305,
1130,1301),(1130,1305,1182),(1302,1289,1306),(1140,1309,1303),(1140,1311,
1309),(1188,1311,1140),(1293,1304,1310),(1307,1314,1316),(1306,1289,1315),
(1182,1305,1318),(1308,1313,1319),(1293,1310,1320),(1315,1321,1317),(1315,
1289,1324),(1321,1315,1324),(1325,1320,1312),(1320,1328,1293),(1320,1325,
1328),(1182,1318,1329),(1317,1321,1330),(1311,1188,1331),(1325,1312,1332),
(1333,1182,1329),(1182,1333,1192),(1330,1337,1334),(1330,1321,1337),(1188,
1338,1331),(1192,1338,1188),(1341,1332,1340),(1325,1332,1341),(1335,1336,
1343),(1192,1333,1345),(1339,1343,1342),(1338,1192,1345),(942,1118,1114),
(1118,942,940),(1116,952,954),(952,1116,1120),(1346,1344,1337),(1337,1321,
1349),(1337,1349,1346),(1344,1350,1341),(1341,1353,1325),(1341,1350,1353),
(1344,1346,1354),(1350,1344,1354),(1200,1356,1227),(1356,1200,1297),(1358,
1206,1231),(1206,1358,1299),(1227,1356,1226),(1358,1231,1230),(1226,1360,
1263),(1360,1226,1356),(1362,1230,1267),(1230,1362,1358),(1263,1364,1262),
(1364,1263,1360),(1366,1267,1266),(1267,1366,1362),(940,1194,1118),(1194,
940,992),(1120,1000,952),(1000,1120,1196),(1262,1368,1291),(1368,1262,1364),
(1370,1266,1295),(1266,1370,1366),(1291,1368,1290),(1370,1295,1294),(1290,
1368,1323),(1370,1294,1327),(1323,1372,1322),(1372,1323,1368),(1374,1327,
1326),(1327,1374,1370),(1322,1376,1348),(1376,1322,1372),(1378,1326,1352),
(1326,1378,1374),(1348,1380,1347),(1380,1348,1376),(1382,1352,1351),(1352,
1382,1378),(1347,1384,1355),(1384,1347,1380),(1384,1351,1355),(1351,1384,
1382),(990,1194,992),(1194,990,1238),(1240,1000,1196),(1000,1240,998),(1044,
1238,990),(1238,1044,1251),(1253,998,1240),(998,1253,1052),(1042,1251,1044),
(1251,1042,1298),(1300,1052,1253),(1052,1300,1050),(1092,1298,1042),(1298,
1092,1357),(1359,1050,1300),(1050,1359,1104),(1094,1357,1092),(1357,1094,
1361),(1363,1104,1359),(1104,1363,1106),(1090,1361,1094),(1361,1090,1365),
(1367,1106,1363),(1106,1367,1102),(1128,1365,1090),(1365,1128,1369),(1371,
1102,1367),(1102,1371,1136),(1126,1369,1128),(1369,1126,1373),(1375,1136,
1371),(1136,1375,1134),(1180,1373,1126),(1373,1180,1377),(1379,1134,1375),
(1134,1379,1186),(1178,1377,1180),(1377,1178,1381),(1383,1186,1379),(1186,
1383,1184),(1190,1381,1178),(1381,1190,1385),(1385,1184,1383),(1184,1385,
1190)),());
#92=COMPLEX_TRIANGULATED_FACE('ConvergentBody',#97,1385,((-0.999348084691644,
0.0361027093601433,0.),(0.,0.,1.),(-0.999348084691644,-0.036102709360142,
0.),(0.,0.,-1.),(-0.999348084691644,-0.036102709360142,0.),(0.,0.,1.),(-0.994138269819339,
-0.108116143478254,0.),(0.,0.,-1.),(0.,0.,-1.),(-0.999348084691644,0.0361027093601433,
0.),(0.,0.,-1.),(0.999999999999927,0.,0.),(0.,0.,1.),(0.706172532118942,
0.0363370439125582,0.707106762886919),(-0.994138269819339,-0.108116143478254,
0.),(0.,0.,1.),(0.,0.,1.),(0.703829766150432,0.0726859069624343,0.706640233223157),
(-0.994138269819339,0.108116143478254,0.),(0.,0.,1.),(-0.994138269819339,
0.108116143478254,0.),(0.,0.,-1.),(0.,0.,1.),(0.703828843064215,-0.0726984931459239,
0.706639857894529),(0.,0.,1.),(0.706171911780012,-0.036349088072894,0.707106763373984),
(-0.983744977965594,-0.179571206844173,0.),(0.,0.,-1.),(0.,0.,-1.),(0.987687976618522,
0.156436763080838,0.),(-0.983744977965594,-0.179571206844173,0.),(0.,0.,
1.),(0.,0.,1.),(0.6986837301599,0.108814262151565,0.707107135844532),(-0.983744792557504,
0.17957222256238,0.),(0.,0.,1.),(-0.983744792557504,0.17957222256238,0.),
(0.,0.,-1.),(0.,0.,-1.),(0.987688094510637,-0.156436018748711,0.),(0.,0.,
1.),(0.698683837908579,-0.108813570317534,0.707107135842999),(-0.968223667078431,
-0.250085846279226,0.),(0.,0.,-1.),(-0.968223667078431,-0.250085846279226,
0.),(0.,0.,1.),(0.,0.,1.),(0.692610285747662,0.144751254517778,0.706638568429485),
(-0.968223751030977,0.25008552125124,0.),(0.,0.,1.),(-0.968223751030977,
0.25008552125124,0.),(0.,0.,-1.),(0.,0.,1.),(0.69261008704839,-0.144750671514551,
0.706638882609008),(-0.947653298550399,-0.319301152122174,0.),(0.,0.,-1.),
(0.,0.,-1.),(0.951055529692284,0.309020030809862,0.),(-0.947653298550399,
-0.319301152122174,0.),(0.,0.,1.),(0.,0.,1.),(0.683786546666009,0.180097969548506,
0.707107261992889),(-0.947653193586354,0.319301463644602,0.),(0.,0.,1.),
(-0.947653193586354,0.319301463644602,0.),(0.,0.,-1.),(0.,0.,-1.),(0.9510558804469,
-0.309018951307798,0.),(0.,0.,1.),(0.683785948280171,-0.180097916123887,
0.707107854250269),(-0.922140909955342,-0.38685416139255,0.),(0.,0.,-1.),
(-0.922140909955342,-0.38685416139255,0.),(0.,0.,1.),(0.,0.,1.),(0.661598775037342,
0.249579935989278,0.707104600763336),(0.,0.,1.),(0.674017346399597,0.215314515878487,
0.706640131894912),(-0.92214103364814,0.386853866546969,0.),(0.,0.,1.),
(-0.92214103364814,0.386853866546969,0.),(0.,0.,-1.),(0.,0.,1.),(0.661602752121949,
-0.249569389787358,0.707104601926637),(0.,0.,1.),(0.674004804496625,-0.215349499075645,
0.706641434366352),(-0.891824701036536,-0.452381147508483,0.),(0.,0.,-1.),
(0.,0.,-1.),(0.891008953596821,0.453985731725457,0.),(-0.891824701036536,
-0.452381147508483,0.),(0.,0.,1.),(0.,0.,1.),(0.632497468321597,0.316138018328059,
0.707109401673021),(0.,0.,1.),(0.648355218931049,0.283372503573655,0.70663677678371),
(-0.891825613337045,0.452379348993745,0.),(0.,0.,1.),(-0.891825613337045,
0.452379348993745,0.),(0.,0.,-1.),(0.,0.,-1.),(0.891007800291239,-0.453987995237944,
0.),(0.,0.,1.),(0.632495742874538,-0.316139145077769,0.707110441299719),
(0.,0.,1.),(0.648373223823119,-0.283327050801141,0.706638482474273),(-0.856859138591352,
-0.515550595589304,0.),(0.,0.,-1.),(-0.856859138591352,-0.515550595589304,
0.),(0.,0.,1.),(0.,0.,1.),(-0.856859138591386,0.515550595589247,0.),(-0.856859138591386,
0.515550595589247,0.),(0.,0.,-1.),(0.,0.,-1.),(-0.817423478001754,-0.576037201586422,
0.),(0.,0.,-1.),(0.809019558230641,0.587781723431665,0.),(-0.817423478001754,
-0.576037201586422,0.),(0.,0.,1.),(0.,0.,1.),(0.59661770299635,0.379536038307393,
0.707106577608559),(0.,0.,1.),(0.615730071262675,0.348617701693578,0.706641477277373),
(-0.817421803691323,0.576039577503164,0.),(0.,0.,1.),(-0.817421803691323,
0.576039577503164,0.),(0.,0.,-1.),(0.,0.,-1.),(0.809018065030763,-0.587783778658343,
0.),(0.,0.,1.),(0.596617702997318,-0.37953603830593,0.707106577608527),
(0.,0.,1.),(0.61572918318204,-0.348618702400694,0.706641757409251),(-0.773723430333619,
-0.633523522335814,0.),(0.,0.,-1.),(-0.773723430333619,-0.633523522335814,
0.),(0.,0.,1.),(0.,0.,1.),(0.55445403339663,0.43883842804792,0.70710788350763),
(0.,0.,1.),(0.576736590999447,0.409920888947349,0.706639773439729),(-0.773721588933872,
0.633525771234008,0.),(0.,0.,1.),(-0.773721588933872,0.633525771234008,
0.),(0.,0.,-1.),(0.,0.,1.),(0.554455264339729,-0.438836872799952,0.707107883506555),
(0.,0.,1.),(0.576737941082626,-0.409919264581089,0.706639613835138),(-0.725994455669059,
-0.687700552811896,0.),(0.,0.,-1.),(0.,0.,-1.),(0.707106399703876,0.707107162669013,
0.),(-0.725994455669059,-0.687700552811896,0.),(0.,0.,1.),(0.,0.,1.),(0.531502016296683,
0.467085512141366,0.706637623552694),(-0.725994455668998,0.68770055281196,
0.),(0.,0.,1.),(-0.725994455668998,0.68770055281196,0.),(0.,0.,-1.),(0.,
0.,-1.),(0.707109013966867,-0.707104548399178,0.),(0.,0.,1.),(0.53150187517754,
-0.467085283020803,0.70663788114432),(-0.674481922313683,-0.738291362858891,
0.),(0.,0.,1.),(-0.674481922313683,-0.738291362858891,0.),(0.,0.,-1.),(0.,
0.,1.),(0.506416667577915,0.4934986253691,0.707107676070687),(-0.674481922313688,
0.738291362858887,0.),(0.,0.,-1.),(-0.674481922313688,0.738291362858887,
0.),(0.,0.,1.),(0.,0.,1.),(0.506416667577918,-0.493498625369102,0.707107676070684),
(0.707569621068129,0.,0.706643638152573),(0.999999999998811,-1.54192202690506E-6,
0.),(0.706167846033395,0.0363901232664503,0.707108713110797),(0.,0.,1.),
(0.,0.,1.),(0.70757106119308,2.99782000662329E-5,0.70664219550166),(0.998173631156748,
0.060410281104458,0.),(0.706167958795054,-0.0363902406105915,0.707108594460235),
(0.,0.,1.),(0.707571060919102,-2.99798078105224E-5,0.70664219577593),(0.998173544483945,
-0.0604117132049281,0.),(0.,0.,1.),(0.,0.,1.),(0.69868356408994,0.108804040271058,
0.707108872869852),(0.703824590271745,0.0727346322792912,0.706640374869712),
(0.998176684093015,0.0603598155468374,0.),(0.,0.,1.),(0.703830953389128,
0.0727947670804203,0.706627844722424),(0.992789525232983,0.119870591004087,
0.),(0.703825999328448,0.0727715925202554,0.70663516611571),(0.,0.,1.),
(0.983612302620647,0.180296528344618,0.),(0.698683707209138,-0.108805530706022,
0.707108502118506),(0.,0.,1.),(0.,0.,1.),(0.703824827853848,-0.0727346456532526,
0.706640136857649),(0.998176730599338,-0.0603590464637755,0.),(0.703831194753338,
-0.0727948074386534,0.70662760015588),(0.992789525232964,-0.119870591004238,
0.),(0.703826665681809,-0.0727745472351523,0.706634198118054),(0.983611968404036,
-0.180298351662421,0.),(0.,0.,1.),(0.,0.,1.),(0.683801805288377,0.180058225732062,
0.707102627933582),(0.692612327809861,0.144740271001686,0.706638816734662),
(0.98361768261114,0.180267175199798,0.),(0.,0.,1.),(0.692619259420206,0.144729548934172,
0.706634218776247),(0.971289279999984,0.237901522813775,0.),(0.683801273969204,
-0.180057953250109,0.707103211129376),(0.,0.,1.),(0.,0.,1.),(0.692611858413166,
-0.144740183331329,0.706639294771154),(0.983617540013642,-0.180267953273262,
0.),(0.692618804033057,-0.144729446505853,0.706634686110105),(0.971289280000007,
-0.237901522813679,0.),(-0.61944936858163,-0.785036610460824,0.),(0.,0.,
1.),(-0.61944936858163,-0.785036610460824,0.),(0.,0.,-1.),(0.,0.,1.),(0.480619500475436,
0.519292254049517,0.706640255467316),(-0.619452410912775,0.785034209836967,
0.),(0.,0.,-1.),(-0.619452410912775,0.785034209836967,0.),(0.,0.,1.),(0.,
0.,1.),(0.480552783115134,-0.519351925014061,0.706641776733083),(0.661602659448555,
0.249766669281834,0.707035028783199),(0.,0.,1.),(0.,0.,1.),(0.661662892947972,
-0.249695379202612,0.707003842776391),(0.63250732642025,0.316124663436086,
0.70710655434109),(0.,0.,1.),(0.648323060143954,0.283666026794533,0.706548508545721),
(0.934070073626889,0.357089761201099,0.),(0.648372280724054,0.283329176102847,
0.706638495666328),(0.,0.,1.),(0.911914758471184,0.410379669674827,0.),
(0.632514258788082,-0.31612781047457,0.707098946311136),(0.,0.,1.),(0.648382700610773,
-0.283614131722621,0.706514612613147),(0.934060480222644,-0.35711485447436,
0.),(0.648365316060644,-0.283344819838498,0.706638613437074),(0.911905053933657,
-0.410401233685091,0.),(0.,0.,1.),(0.,0.,1.),(-0.561183833057312,-0.827691189704894,
0.),(-0.561183833057312,-0.827691189704894,0.),(0.,0.,-1.),(0.,0.,-1.),
(0.5877846407984,0.809017438651044,0.),(0.,0.,1.),(0.394734041133489,0.586673524850675,
0.70710622399305),(0.,0.,1.),(0.45302197193864,0.542925012880331,0.707109272552494),
(0.,0.,1.),(0.424771239100948,0.565885667684134,0.706641921727212),(-0.561187040692641,
0.827689014883389,0.),(0.,0.,-1.),(0.,0.,-1.),(0.587787631837938,-0.809015265528623,
0.),(-0.561187040692641,0.827689014883389,0.),(0.,0.,1.),(0.,0.,1.),(0.394736312767567,
-0.586671996414469,0.707106223990234),(0.,0.,1.),(0.452956962400092,-0.542981573689109,
0.707107488892163),(0.,0.,1.),(0.424773562614369,-0.565885369855468,0.706640763533662),
(0.99999999999982,0.,0.),(0.,0.,1.),(0.,0.,1.),(0.992708224178447,-0.120542032701992,
0.),(0.992708350950831,0.120540988682172,0.),(0.,0.,1.),(0.,0.,1.),(0.999999999999927,
0.,0.),(0.596643188427599,0.379492692913312,0.707108338041881),(0.,0.,1.),
(0.615806478817677,0.348493074289691,0.706636368876025),(0.884885271200495,
0.465809034704594,0.),(0.615782589922771,0.34852506105381,0.706641411017952),
(0.,0.,1.),(0.85577481946972,0.517348488314702,0.),(0.596647452045733,-0.379486259163834,
0.707108193329121),(0.,0.,1.),(0.615819071411967,-0.348493122418531,0.706625370979761),
(0.884877973452665,-0.465822897782306,0.),(0.615786627232278,-0.348521890313202,
0.706639456649859),(0.855780221070916,-0.517339553121365,0.),(0.,0.,1.),
(0.,0.,1.),(0.97094043254354,0.239321282906173,0.),(0.,0.,1.),(0.987687976618522,
0.156436763080838,0.),(0.970940635876436,-0.239320457971841,0.),(0.,0.,
1.),(0.,0.,1.),(0.987688094510637,-0.156436018748711,0.),(0.554452391638935,
0.438843466133512,0.707106044124776),(0.,0.,1.),(0.576699136741975,0.409976293861843,
0.706638198905472),(0.855781865572765,0.517336832785705,0.),(0.,0.,1.),
(0.576691918426688,0.409988399495454,0.70663706632224),(0.822665826085895,
0.568525231269829,0.),(0.576687971207398,0.409996928551329,0.706635339084574),
(0.,0.,1.),(0.787176186195685,0.616728183145878,0.),(0.554447679214441,
-0.438846922884639,0.707107593855705),(0.,0.,1.),(0.,0.,1.),(0.576705952004044,
-0.409967595352236,0.706637683458938),(0.855781955021564,-0.517336684818956,
0.),(0.576693034663083,-0.409989168263976,0.706635709313716),(0.822665826085871,
-0.568525231269863,0.),(0.576689048532399,-0.409997757559721,0.706633978873644),
(0.787173224077877,-0.616731963899038,0.),(0.,0.,1.),(0.954739472299043,
0.297443339199428,0.),(0.692873791538012,0.144765383248297,0.70637730202259),
(0.,0.,1.),(0.,0.,1.),(0.954491092815461,0.298239423510554,0.),(0.651279903395672,
0.284983358450677,0.703291527632103),(0.93501841810247,0.354599150886087,
0.),(0.,0.,1.),(0.,0.,1.),(0.951055529692284,0.309020030809862,0.),(0.954739894331377,
-0.29744198454827,0.),(0.,0.,1.),(0.692873791538012,-0.144765383248297,
0.70637730202259),(0.935018298354151,-0.354599466642096,0.),(0.,0.,1.),
(0.,0.,1.),(0.9510558804469,-0.309018951307798,0.),(0.,0.,1.),(0.954491559330595,
-0.298237930462493,0.),(0.652691025485678,-0.285261635857255,0.701869093462945),
(-0.500000753106253,-0.866024968977904,0.),(0.,0.,1.),(-0.500000753106253,
-0.866024968977904,0.),(0.,0.,-1.),(0.,0.,-1.),(-0.499998915643563,0.866026029837014,
0.),(-0.499998915643563,0.866026029837014,0.),(0.,0.,1.),(0.,0.,1.),(0.911922797281248,
0.410361805969715,0.),(0.615591586291058,0.348362147832852,0.706888119043559),
(0.885458682934929,0.46471810898124,0.),(0.,0.,1.),(0.,0.,1.),(0.891008953596821,
0.453985731725457,0.),(0.885458842477307,-0.464717804994325,0.),(0.,0.,
1.),(0.,0.,1.),(0.891007800291239,-0.453987995237944,0.),(0.,0.,1.),(0.911912386141917,
-0.410384941245346,0.),(0.616000380084878,-0.348550510919953,0.706439008742244),
(0.822981373976014,0.568068356880154,0.),(0.,0.,1.),(0.,0.,1.),(0.822981191176875,
-0.568068621707877,0.),(0.506390813269564,0.493522370330179,0.707109619662943),
(0.,0.,1.),(0.531489165547381,0.467101545028625,0.706636691332696),(0.787188621506377,
0.616712310701586,0.),(0.,0.,1.),(0.531489259269129,0.467102509232551,0.706635983481033),
(0.748625000489342,0.662993671645765,0.),(0.531478710809554,0.467111129287277,
0.70663821921276),(0.,0.,1.),(0.70710279126758,0.707110771082999,0.),(0.506397869443156,
-0.493514991677251,0.707109716248642),(0.,0.,1.),(0.,0.,1.),(0.531479448000145,
-0.467106870913618,0.70664047966328),(0.787185433089524,-0.616716380463157,
0.),(0.531488085765165,-0.467101496891473,0.706637535297571),(0.748625000489694,
-0.662993671645368,0.),(0.531484568411831,-0.467103482331533,0.70663886840015),
(0.707106781186547,-0.707106781186547,0.),(0.,0.,1.),(0.,0.,1.),(-0.436207318183301,
-0.899846195504172,0.),(-0.436207318183301,-0.899846195504172,0.),(0.,0.,
-1.),(0.,0.,-1.),(0.453989425447959,0.891007071566456,0.),(0.,0.,1.),(0.332291410332617,
0.624166520673751,0.707105772207514),(0.,0.,1.),(0.364219852478599,0.606635685897993,
0.706637844766002),(-0.436207386196157,0.899846162534417,0.),(0.,0.,-1.),
(0.,0.,-1.),(0.453989425447959,-0.891007071566456,0.),(-0.436207386196157,
0.899846162534417,0.),(0.,0.,1.),(0.,0.,1.),(0.332290402565569,-0.624164731834943,
0.707107824802007),(0.,0.,1.),(0.364218473760236,-0.606635031458322,0.706639117215658),
(0.748509283049118,0.663124312017857,0.),(0.,0.,1.),(0.,0.,1.),(0.809019558230641,
0.587781723431665,0.),(0.748507312547605,-0.663126536237815,0.),(0.,0.,
1.),(0.,0.,1.),(0.809018065030763,-0.587783778658343,0.),(0.452968656289958,
0.542967915715106,0.707110485654727),(0.,0.,1.),(0.480635773134838,0.519275386452082,
0.70664158284672),(0.707113277654465,0.707100284658942,0.),(0.,0.,1.),(0.480637864371769,
0.519275926710667,0.706639763437441),(0.663775792784045,0.747931612457926,
0.),(0.480630273122301,0.519280982870018,0.706641211215373),(0.,0.,1.),
(0.616708687016844,0.787191460419827,0.),(0.452968591928505,-0.542969191546013,
0.70710954721187),(0.,0.,1.),(0.,0.,1.),(0.48062811161002,-0.519280291514382,
0.706643189435039),(0.707106781186547,-0.707106781186547,0.),(0.480644352163308,
-0.519268885767926,0.706640524599921),(0.663790133982938,-0.747918884657229,
0.),(0.480648235455254,-0.519266327659226,0.706639763042706),(0.616736432116807,
-0.787169723312454,0.),(0.,0.,1.),(0.,0.,1.),(0.394728409124252,0.586658133301743,
0.707122137725267),(0.424705351397072,0.565930538762827,0.706645589946125),
(0.616731777880578,0.787173369818997,0.),(0.,0.,1.),(0.424692251379994,
0.565922489599939,0.706659909279421),(0.569336273537271,0.822104742496169,
0.),(0.394735672933718,-0.586632905642678,0.707139012168607),(0.,0.,1.),
(0.,0.,1.),(0.42469651042763,-0.565943151878874,0.7066408018732),(0.616718007833246,
-0.787184158132115,0.),(0.424703109002255,-0.565891048913968,0.706678561980529),
(0.569321381233539,-0.822115055737538,0.),(0.66312374766663,0.748509783022567,
0.),(0.,0.,1.),(0.,0.,1.),(0.707106399703876,0.707107162669013,0.),(0.663123693637972,
-0.748509830887967,0.),(0.,0.,1.),(0.,0.,1.),(0.707109013966867,-0.707104548399178,
0.),(-0.370137128115054,-0.928977129099926,0.),(0.,0.,1.),(-0.370137128115054,
-0.928977129099926,0.),(0.,0.,-1.),(0.,0.,1.),(0.299970610057464,0.640844178460199,
0.706637369543548),(-0.370137068451004,0.928977152872177,0.),(0.,0.,-1.),
(-0.370137068451004,0.928977152872177,0.),(0.,0.,1.),(0.,0.,1.),(0.299868941170476,
-0.640887475994351,0.706641253561443),(0.568065497829234,0.822983347447552,
0.),(0.,0.,1.),(0.,0.,1.),(0.5877846407984,0.809017438651044,0.),(0.568065556327874,
-0.822983307068801,0.),(0.,0.,1.),(0.,0.,1.),(0.587787631837938,-0.809015265528623,
0.),(-0.302139909603526,-0.953263591576209,0.),(0.,0.,1.),(-0.302139909603526,
-0.953263591576209,0.),(0.,0.,-1.),(0.,0.,-1.),(0.309015534507952,0.951056990633456,
0.),(0.,0.,1.),(0.232430911799867,0.668310816331626,0.706637477080035),
(0.,0.,1.),(0.26636954391332,0.655015639713633,0.707108038284073),(-0.302139959529007,
0.953263575752169,0.),(0.,0.,-1.),(0.,0.,-1.),(0.309015534507851,-0.951056990633488,
0.),(-0.302139959529007,0.953263575752169,0.),(0.,0.,1.),(0.,0.,1.),(0.23253863897368,
-0.668269440292583,0.70664116534158),(0.,0.,1.),(0.266373828833728,-0.655013897148345,
0.707108038318754),(0.517293659077284,0.855807963434807,0.),(0.424301201758918,
0.56531071931983,0.707384111221078),(0.,0.,1.),(0.,0.,1.),(0.464721787970154,
0.8854567520697,0.),(0.,0.,1.),(0.453989425447959,0.891007071566456,0.),
(0.517293768817382,-0.855807897102316,0.),(0.,0.,1.),(0.424078664471634,
-0.564844805870148,0.707889561740721),(0.517299792949075,-0.855804255782142,
0.),(0.300029752239702,-0.641054175998591,0.706421751651059),(0.,0.,1.),
(0.,0.,1.),(0.464725580422493,-0.885454761634355,0.),(0.,0.,1.),(0.453989425447959,
-0.891007071566456,0.),(0.,0.,1.),(0.300029752222365,0.641054175976485,
0.706421751678483),(0.517299902482745,0.855804189573374,0.),(0.332312689324926,
0.624154732248954,0.707106177829661),(0.,0.,1.),(0.,0.,1.),(0.332308655076762,
-0.624154616206029,0.707108176186486),(-0.232567086798855,-0.972580356648176,
0.),(0.,0.,1.),(-0.232567086798855,-0.972580356648176,0.),(0.,0.,-1.),(0.,
0.,1.),(0.1976277729598,0.678928069423828,0.707106738691822),(-0.232567047577596,
0.972580366026911,0.),(0.,0.,-1.),(0.,0.,1.),(0.197623922105582,-0.678926865003862,
0.707108971366956),(-0.232567047577596,0.972580366026911,0.),(0.,0.,1.),
(0.299935208130244,0.640859710380154,0.706638310973395),(0.463084426787613,
0.886314173229103,0.),(0.299934225090439,-0.64085786233272,0.706640404240894),
(0.463084426787173,-0.886314173229333,0.),(0.410419618114665,0.911896779831252,
0.),(0.299958973617081,0.640851109785522,0.706636023164155),(0.,0.,1.),
(0.,0.,1.),(0.354603405678539,0.935016804491328,0.),(0.410424960866253,
-0.911894375187133,0.),(0.,0.,1.),(0.299958117744225,-0.640849193174906,
0.706638124648262),(0.410401090492081,-0.911905118377405,0.),(0.232478477756332,
-0.66829235586606,0.706639288796689),(0.,0.,1.),(0.,0.,1.),(0.354603242793043,
-0.935016866265331,0.),(0.266379023062437,0.655012317091303,0.707107545236921),
(0.,0.,1.),(0.,0.,1.),(0.232451106062475,0.668303532923813,0.706637722720689),
(0.410395899972473,0.911907454342697,0.),(0.266406338578088,-0.654999210969515,
0.707109394927497),(0.,0.,1.),(0.232459823916076,0.668299504922196,0.706638664372149),
(0.353554718785256,0.935413844683025,0.),(0.232470918272532,0.668294653876456,
0.706639602454939),(0.,0.,1.),(0.297497033909567,0.954722742378625,0.),
(0.197619443112239,0.678926372959672,0.707110695580142),(0.,0.,1.),(0.232459823916353,
-0.668299504922007,0.706638664372237),(0.353554718785675,-0.935413844682867,
0.),(0.232462912397013,-0.668299001699115,0.70663812428135),(0.297496866291056,
-0.954722794609513,0.),(0.,0.,1.),(0.,0.,1.),(0.197626418317633,-0.67892909008431,
0.707106137309128),(-0.161782089958563,-0.986826507228418,0.),(0.,0.,1.),
(-0.161782089958563,-0.986826507228418,0.),(0.,0.,-1.),(0.,0.,-1.),(0.156436504157963,
0.987688017628459,0.),(0.,0.,1.),(0.162419432843733,0.688678673725655,0.706641077344215),
(-0.161779766743959,0.986826888097538,0.),(0.,0.,-1.),(0.,0.,-1.),(0.156436504158085,
-0.98768801762844,0.),(0.,0.,1.),(0.162534024797959,-0.68865437257242,0.706638412428778),
(-0.161779766743959,0.986826888097538,0.),(0.,0.,1.),(0.,0.,1.),(0.309015534507952,
0.951056990633456,0.),(0.239316109419392,0.970941707710791,0.),(0.,0.,1.),
(0.,0.,1.),(0.309015534507851,-0.951056990633488,0.),(0.297489270695108,
-0.954725161405779,0.),(0.162523878275288,-0.688656990629582,0.706638194727236),
(0.,0.,1.),(0.,0.,1.),(0.239311695253163,-0.97094279569656,0.),(0.,0.,1.),
(0.162518978145624,0.688654769091111,0.706641486717678),(0.297519001577044,
0.954715896851282,0.),(-0.090153396066919,-0.995927891555207,0.),(0.,0.,
1.),(-0.090153396066919,-0.995927891555207,0.),(0.,0.,-1.),(0.,0.,1.),(0.126672685179889,
0.695667263897127,0.707107551063628),(0.,0.,1.),(0.0907581634485741,0.701727416014132,
0.706641061205455),(-0.0901557842076626,0.995927675373017,0.),(0.,0.,-1.),
(0.,0.,1.),(0.126781820877125,-0.695647379410046,0.707107554347297),(0.,
0.,1.),(0.0908760910089517,-0.701715253666561,0.706637982884169),(-0.0901557842076626,
0.995927675373017,0.),(0.,0.,1.),(0.238943873023044,0.971033380242279,0.),
(0.162533810059405,0.688655600037925,0.706637265592453),(0.238936452263793,
-0.971035206251345,0.),(0.162519987400674,-0.688656202313161,0.706639857856108),
(0.180251122942228,0.983620624365949,0.),(0.162515944336445,0.688656028738035,
0.706640956865078),(0.,0.,1.),(0.,0.,1.),(0.156436504157963,0.987688017628459,
0.),(0.120537141855059,0.992708818049579,0.),(0.,0.,1.),(0.,0.,1.),(0.180265884385597,
-0.98361791917728,0.),(0.16253339170877,-0.688656287936775,0.706636691422675),
(0.,0.,1.),(0.156436504158085,-0.98768801762844,0.),(0.180250048263865,
-0.983620821303026,0.),(0.0908458151767765,-0.701717028939843,0.706640112900978),
(0.,0.,1.),(0.,0.,1.),(0.120537193020824,-0.992708811836888,0.),(0.126776459884965,
0.695648406379307,0.707107505207636),(0.,0.,1.),(0.,0.,1.),(0.0908603374230643,
0.701718143619343,0.706637138847648),(0.180257825537373,0.983619396073771,
0.),(0.126767853818051,-0.695649090711534,0.707108374883639),(0.,0.,1.),
(0.,0.,1.),(-0.0180535554860679,-0.999837021286125,0.),(0.,0.,-1.),(0.,
0.999999999999709,0.),(-0.0180535554860679,-0.999837021286125,0.),(0.,0.,
-1.),(0.,0.,1.),(0.0545113657675935,0.705001409841576,0.707107858196713),
(0.,0.,1.),(0.018253458332423,0.707338303263165,0.706639466769082),(-0.0180559530008648,
0.999836977992528,0.),(0.,0.,-1.),(0.,0.,-1.),(0.,-0.999999999999709,0.),
(0.,0.,1.),(0.0546275206913396,-0.704992418871694,0.707107858333193),(0.,
0.,1.),(0.0182498954016944,-0.707338411740284,0.70663945021104),(0.,0.,
1.),(-0.0180559530008648,0.999836977992528,0.),(0.120843905374131,0.99267152197186,
0.),(0.0908468127710583,0.701717345909572,0.706639669887678),(0.120843905374367,
-0.992671521971831,0.),(0.0908468127710964,-0.701717345909572,0.706639669887673),
(0.0603730819591039,0.998175881783743,0.),(0.0908402887494788,0.701717386964281,
0.706640467827829),(0.,0.,1.),(0.,0.,1.),(0.,0.999999999999709,0.),(0.,
0.999999999999827,0.),(0.,0.,1.),(0.,0.,1.),(0.0603808665461152,-0.998175410914901,
0.),(0.0908561528962021,-0.7017166976192,0.70663911281736),(0.,0.,1.),(0.,
-0.999999999999709,0.),(0.0603693091378158,-0.998176109969687,0.),(0.0182107142707164,
-0.707341456765038,0.70663741298297),(0.,0.,1.),(0.,0.,1.),(0.,-0.999999999999744,
0.),(0.0545662594577102,0.704996017310544,0.707109000724121),(0.,0.,1.),
(0.,0.,1.),(0.0182266229038402,0.707338602554251,0.706639859867896),(0.0603819320458448,
0.998175346460933,0.),(0.0545842030101978,-0.704995616572038,0.707108015366786),
(0.,0.,1.),(0.,0.,1.),(-0.0182085596495674,0.706871280550071,0.707107800189611),
(0.0182148877887772,0.707341904194097,0.706636857539933),(0.00102525224179709,
0.999999474428782,0.),(0.0182187576610222,0.707340473342761,0.706638190052397),
(0.,0.,1.),(-0.0603886119161406,0.998174942357701,0.),(-0.0182075441798528,
0.706870151829873,0.707108954678804),(0.,0.,1.),(0.,0.,1.),(-0.0182085686289987,
-0.706871280318685,0.707107800189693),(0.0182039876211107,-0.707342410410601,
0.70663663170629),(0.0010046091683451,-0.999999495380082,0.),(0.0182188487492043,
-0.707338103613908,0.706640559779959),(-0.0603821985844806,-0.998175330337362,
0.),(0.,0.,1.),(0.,0.,1.),(-0.0182033864669172,-0.706869938265657,0.707109275216669),
(0.0541399707969734,-0.99853335625912,0.),(0.,0.,1.),(0.,0.,-1.),(0.0541399707969734,
-0.99853335625912,0.),(0.0541399707969729,0.99853335625912,0.),(0.,0.,-1.),
(0.,0.,1.),(0.0541399707969729,0.99853335625912,0.),(0.,0.,1.),(-0.120537684643056,
0.992708752142783,0.),(-0.156437257742191,0.987687898270553,0.),(0.,0.,
-1.),(-0.156437257742191,0.987687898270553,0.),(0.,0.,1.),(0.,0.,1.),(-0.156437257742313,
-0.987687898270534,0.),(-0.156437257742313,-0.987687898270534,0.),(0.,0.,
-1.),(0.,0.,1.),(-0.12053771959513,-0.992708747898794,0.),(-0.0603850966408772,
-0.998175155022238,0.),(-0.0546126869452612,-0.705463245621408,0.706639273959443),
(0.,0.,1.),(0.,0.,1.),(-0.0546023884124669,0.705465101811764,0.706638216703125),
(-0.0603657347701201,0.998176326139634,0.),(-0.0545968397322561,0.705465419851159,
0.706638327919932),(0.,0.,1.),(0.,0.,1.),(-0.0545932924249989,-0.705465636821286,
0.706638385375813),(0.126048882899071,-0.992024031523378,0.),(0.,0.,1.),
(0.,0.,-1.),(0.126048882899071,-0.992024031523378,0.),(0.126051233771627,
0.992023732813208,0.),(0.,0.,-1.),(0.,0.,1.),(0.126051233771627,0.992023732813208,
0.),(-0.118832573581855,0.99291430619964,0.),(-0.054620827058203,0.705458091796777,
0.706643790017239),(-0.118706586380502,-0.992929376315299,0.),(-0.0545916018213593,
-0.705485509697434,0.706618675536905),(-0.309015534507933,0.951056990633461,
0.),(0.,0.,-1.),(0.,0.,-1.),(0.197302407682868,-0.980342674743145,0.),(0.,
0.,1.),(-0.239316141881471,0.970941699709597,0.),(-0.309015534507933,0.951056990633461,
0.),(0.,0.,1.),(0.,0.,1.),(-0.309015534507832,-0.951056990633494,0.),(0.,
0.,-1.),(0.19730473087294,0.980342207178267,0.),(-0.309015534507832,-0.951056990633494,
0.),(0.,0.,-1.),(0.,0.,1.),(-0.239311745080672,-0.970942783415399,0.),(-0.180291976891172,
0.983613136893094,0.),(-0.0546158346771868,0.705214988118061,0.706886788061679),
(0.,0.,1.),(0.,0.,1.),(-0.0908134759162437,0.701245006036575,0.70711268840318),
(-0.180136481491966,-0.983641625814834,0.),(0.,0.,1.),(-0.0547001264732089,
-0.706303387377036,0.705792760761642),(-0.180266647200366,-0.983617779377283,
0.),(-0.197788146354953,-0.679399220988731,0.706609190204442),(0.,0.,1.),
(0.,0.,1.),(-0.0907701314466046,-0.70127304419496,0.707090447342276),(0.,
0.,1.),(-0.197788146348947,0.679399220969057,0.70660919022504),(-0.180261912829592,
0.983618647028927,0.),(-0.0907763914149433,0.701254600976784,0.707107934738801),
(0.,0.,1.),(0.,0.,1.),(-0.126925049429787,0.696096311589679,0.706639906047267),
(0.,0.,1.),(-0.16242448093324,0.688198660959322,0.7071074112519),(-0.0907797312386179,
-0.701254168603068,0.707107934768847),(0.,0.,1.),(0.,0.,1.),(-0.126810783943203,
-0.696119146449286,0.706637926396842),(0.,0.,1.),(-0.162427220029697,-0.688196940917341,
0.707108456112241),(0.,0.,1.),(0.197302407682868,-0.980342674743145,0.),
(0.,0.,1.),(0.19730473087294,0.980342207178267,0.),(-0.197771594115859,
0.6793741338758,0.706637943208102),(-0.240933042081325,0.9705417400779,
0.),(-0.197688683905395,0.679396000272714,0.706640119911961),(0.,0.,1.),
(0.,0.,1.),(-0.162416517987987,0.688201496293501,0.707106480796241),(-0.197755239960816,
-0.679375873557277,0.706640847599633),(-0.240910362110273,-0.970547370007202,
0.),(-0.197689976375875,-0.679395091226688,0.706640632328474),(0.,0.,1.),
(0.,0.,1.),(-0.16230347309253,-0.68822584436726,0.707108739704916),(-0.453989425448021,
0.891007071566425,0.),(0.,0.,-1.),(0.,0.,-1.),(0.267527521301177,-0.963550219421099,
0.),(0.,0.,-1.),(0.403436122899339,-0.915007811299963,0.),(0.,0.,-1.),(0.336360080465007,
-0.941733452878028,0.),(0.,0.,1.),(-0.354603473474735,0.935016778779746,
0.),(-0.453989425448021,0.891007071566425,0.),(0.,0.,1.),(0.,0.,1.),(-0.45398942544802,
-0.891007071566425,0.),(0.,0.,-1.),(0.267527521301071,0.963550219421129,
0.),(-0.45398942544802,-0.891007071566425,0.),(0.,0.,-1.),(0.,0.,-1.),(0.403436122899332,
0.915007811299967,0.),(0.,0.,-1.),(0.336360080465015,0.941733452878026,
0.),(0.,0.,1.),(-0.354603073734154,-0.935016930380541,0.),(-0.297499402180095,
0.954722004408849,0.),(-0.197758139008211,0.679376556608443,0.706639379589663),
(0.,0.,1.),(0.,0.,1.),(-0.297483914545358,-0.954726830348186,0.),(-0.197743799728209,
-0.67937902917812,0.706641015213556),(-0.297488722368364,-0.954725332262412,
0.),(-0.26656577338066,-0.655442881478266,0.706638038589374),(0.,0.,1.),
(0.,0.,1.),(-0.232306705245898,0.667855769641927,0.707108383243888),(0.,
0.,1.),(-0.26657201393229,0.655440764716356,0.706637647833825),(-0.297526542424133,
0.954713546857435,0.),(-0.232331842057502,-0.667848242395513,0.707107233943616),
(0.,0.,1.),(0.,0.,1.),(0.267527521301177,-0.963550219421099,0.),(0.,0.,
1.),(0.267527521301071,0.963550219421129,0.),(-0.232331689242375,0.667846854058999,
0.707108595406167),(0.,0.,1.),(0.,0.,1.),(-0.232335547515242,-0.667847837234456,
0.707106399109817),(-0.266581282581594,0.65543652828331,0.706638080752144),
(0.,0.,1.),(0.,0.,1.),(-0.266582635966053,-0.65543752721813,0.706636643626393),
(-0.355516872361996,0.934669863356011,0.),(-0.266578979821271,0.655437786416661,
0.706637782498698),(-0.355475641468089,-0.934685545155616,0.),(-0.266552210503882,
-0.655448081144456,0.706638331821551),(-0.58778464079838,0.809017438651059,
0.),(0.,0.,-1.),(0.,0.,-1.),(0.530938797176506,-0.847410168485583,0.),(0.,
0.,-1.),(0.468407621908245,-0.88351247854134,0.),(0.,0.,1.),(-0.464721663688459,
0.885456817297506,0.),(-0.58778464079838,0.809017438651059,0.),(0.,0.,1.),
(0.,0.,1.),(-0.568065475378651,0.822983362944127,0.),(-0.587787631837918,
-0.809015265528638,0.),(0.,0.,1.),(-0.587787631837918,-0.809015265528638,
0.),(0.,0.,-1.),(0.,0.,-1.),(0.530937034822957,0.847411272673078,0.),(0.,
0.,-1.),(0.468405784473224,0.883513452683106,0.),(0.,0.,1.),(-0.464725636786685,
-0.885454732051866,0.),(0.,0.,1.),(-0.568065542757536,-0.822983316435713,
0.),(-0.410409332649527,0.911901408965992,0.),(-0.26655456579925,0.655444254751578,
0.706640992558967),(0.,0.,1.),(0.,0.,1.),(-0.410409254677346,-0.911901444058064,
0.),(-0.266564957080022,-0.655444173954381,0.706637147683438),(-0.410440202240459,
-0.911887515203937,0.),(-0.332553421282305,-0.624552084082523,0.706642000069067),
(0.,0.,1.),(0.,0.,1.),(-0.29975084146339,0.640425086333056,0.707110417005214),
(0.,0.,1.),(-0.332555716585701,0.624550076590202,0.706642694151254),(-0.410415036189152,
0.91189884201585,0.),(-0.299748047073965,-0.640431479081536,0.707105811655356),
(0.,0.,1.),(0.,0.,1.),(0.336360080465007,-0.941733452878028,0.),(0.,0.,
1.),(0.336360080465015,0.941733452878026,0.),(-0.299751927409733,0.640429192835013,
0.707106237406264),(0.,0.,1.),(0.,0.,1.),(0.403436122899339,-0.915007811299963,
0.),(-0.299749190801545,-0.640430473686013,0.707106237412829),(0.,0.,1.),
(0.,0.,1.),(0.403436122899332,0.915007811299967,0.),(-0.332616480429702,
0.624519571169971,0.706641056104323),(0.,0.,1.),(0.,0.,1.),(-0.332613637126598,
-0.624520953110625,0.706641173102171),(-0.464940034388147,0.885342173638615,
0.),(-0.332551849047404,0.624553021457316,0.706641911496686),(-0.464963776838948,
-0.885329704814913,0.),(-0.332568411999986,-0.624537397671699,0.706647925242316),
(-0.707106399703819,0.70710716266907,0.),(0.,0.,-1.),(0.,0.,-1.),(0.64738795562645,
-0.762160635896269,0.),(0.,0.,-1.),(0.590701525454836,-0.806890146070287,
0.),(-0.707106399703819,0.70710716266907,0.),(0.,0.,1.),(0.,0.,1.),(-0.663123634253417,
0.748509883498187,0.),(-0.70710901396681,-0.707104548399235,0.),(0.,0.,
1.),(-0.70710901396681,-0.707104548399235,0.),(0.,0.,-1.),(0.,0.,-1.),(0.647390658187264,
0.762158340301975,0.),(0.,0.,-1.),(0.590701525454828,0.806890146070293,
0.),(0.,0.,1.),(-0.663123557751551,-0.748509951272981,0.),(-0.517334993458408,
0.85578297747931,0.),(-0.332548782731475,0.624555824028543,0.706640877515476),
(0.,0.,1.),(0.,0.,1.),(-0.517334844484403,-0.855783067536565,0.),(-0.332539349520153,
-0.624559793224364,0.706641808633096),(-0.517342828096391,-0.855778241261849,
0.),(-0.39500384571136,-0.587056181695276,0.706637814871663),(0.,0.,1.),
(0.,0.,1.),(-0.364006367272552,0.606214225330258,0.707109381632202),(0.,
0.,1.),(-0.394997365779381,0.587061632490177,0.706636908663366),(-0.517342678841736,
0.85577833149059,0.),(0.,0.,1.),(-0.364004727453442,-0.606214985797006,
0.707109573819136),(0.,0.,1.),(0.468407621908245,-0.88351247854134,0.),
(0.,0.,1.),(0.468405784473224,0.883513452683106,0.),(-0.395019046340575,
0.587045695223431,0.706638029508617),(0.,0.,1.),(0.,0.,1.),(-0.364103094008144,
0.606156550158388,0.707109025280953),(-0.395019287026246,-0.587044512121051,
0.706638877833532),(0.,0.,1.),(0.,0.,1.),(-0.364103094007967,-0.606156550158426,
0.707109025281011),(-0.809014684864979,0.587788431047107,0.),(0.,0.,1.),
(-0.809014684864979,0.587788431047107,0.),(0.,0.,-1.),(0.,0.,-1.),(0.750347913444531,
-0.66104312173219,0.),(0.,0.,-1.),(0.70069289633622,-0.713463008868687,
0.),(0.,0.,1.),(-0.748509265974822,0.663124331290625,0.),(-0.809013191622828,
-0.587790486296133,0.),(0.,0.,-1.),(0.,0.,-1.),(0.750345902082175,0.661045404816104,
0.),(0.,0.,-1.),(0.700695426218538,0.713460524259347,0.),(-0.809013191622828,
-0.587790486296133,0.),(0.,0.,1.),(0.,0.,1.),(-0.748507548622569,-0.663126269766909,
0.),(-0.567677065490073,0.823251328159621,0.),(-0.394997168114017,0.58706012395354,
0.706638272417763),(-0.567677065489929,-0.82325132815972,0.),(-0.394995994729437,
-0.587058547818664,0.706640237731155),(-0.616717428727735,0.787184611830937,
0.),(-0.394985274841113,0.587065184193405,0.706640716465343),(0.,0.,1.),
(0.,0.,1.),(-0.61671281036779,-0.787188230049368,0.),(-0.394984092297067,
-0.587063621077375,0.706642676067461),(-0.616726735363712,-0.78717732048606,
0.),(-0.453276921228897,-0.543328426404589,0.706635870687277),(0.,0.,1.),
(0.,0.,1.),(-0.424418343413026,0.565568739134837,0.707107538559711),(0.,
0.,1.),(-0.453269636534021,0.543330676594081,0.706638813304318),(-0.616718993185018,
0.787183386159049,0.),(-0.4244136047991,-0.565571150485362,0.707108454057861),
(0.,0.,1.),(0.,0.,1.),(-0.424435977957733,0.565557018371375,0.70710632834528),
(-0.453290345626244,0.543316634655442,0.706636325890996),(0.,0.,1.),(0.,
0.,1.),(-0.424506967108829,-0.565501416248273,0.707108183446678),(-0.453361411352264,
-0.543258731313303,0.706635253542126),(0.,0.,1.),(0.,0.,1.),(0.530938797176506,
-0.847410168485583,0.),(0.,0.,1.),(0.530937034822957,0.847411272673078,
0.),(-0.891005189539918,0.453993119125096,0.),(0.,0.,1.),(-0.891005189539918,
0.453993119125096,0.),(0.,0.,-1.),(0.,0.,-1.),(0.837683722199052,-0.546155638589168,
0.),(0.,0.,-1.),(0.796095028191146,-0.605171633579549,0.),(0.,0.,1.),(-0.822981618399049,
0.568068002775443,0.),(-0.891004036196081,-0.45399538266627,0.),(0.,0.,
-1.),(0.,0.,-1.),(0.837685074562685,0.546153564352471,0.),(0.,0.,-1.),(0.796093186829049,
0.605174055858617,0.),(-0.891004036196081,-0.45399538266627,0.),(0.,0.,
1.),(0.,0.,1.),(-0.822981125409297,-0.568068716987648,0.),(-0.662200051744744,
0.749327092443119,0.),(-0.453232368699749,0.543349940855506,0.706647905066684),
(-0.662212215041864,-0.749316343241857,0.),(-0.453240116966778,-0.543346160803716,
0.706645841926353),(-0.70707636783896,0.707137193226058,0.),(-0.453235178559151,
0.54334916189348,0.706646701815064),(0.,0.,1.),(0.,0.,1.),(-0.707073396094157,
-0.70714016470276,0.),(-0.453235178559243,-0.54334916189349,0.706646701814997),
(-0.707142115230423,-0.707071445376922,0.),(-0.506753561455791,-0.493825160837005,
0.706638194889137),(0.,0.,1.),(0.,0.,1.),(-0.480312634610336,0.51893888525084,
0.707108341351093),(0.,0.,1.),(-0.506744520637733,0.493835840889708,0.706637214599111),
(-0.707125918729893,0.707087643125211,0.),(-0.48031010757764,-0.518940904750351,
0.707108575775773),(0.,0.,1.),(0.,0.,1.),(-0.480320809553448,0.518935381049742,
0.70710536004522),(-0.506641327434929,0.493947107339541,0.706633441386603),
(0.,0.,1.),(0.,0.,1.),(-0.480317669303365,-0.518935962255988,0.707107066597722),
(-0.506698804015305,-0.493884121212099,0.706636254960084),(0.,0.,1.),(0.,
0.,1.),(-0.951058451559988,0.309011038178763,0.),(-0.951058451559988,0.309011038178763,
0.),(0.,0.,-1.),(0.,0.,-1.),(0.935506914938559,-0.35330838102448,0.),(0.,
0.,-1.),(0.874911358652515,-0.484283093346041,0.),(0.,0.,-1.),(0.90757838211263,
-0.41988269828825,0.),(0.,0.,1.),(-0.93501868480987,0.354598447622688,0.),
(0.,0.,1.),(-0.885454451291898,0.464726171726226,0.),(-0.951058802278363,
-0.30900995875351,0.),(0.,0.,-1.),(0.,0.,-1.),(0.935506914938556,0.353308381024489,
0.),(0.,0.,-1.),(0.874912557809967,0.484280926928184,0.),(0.,0.,-1.),(0.907578382112608,
0.419882698288296,0.),(-0.951058802278363,-0.30900995875351,0.),(0.,0.,
1.),(0.,0.,1.),(-0.935018467938541,-0.354599019476725,0.),(0.,0.,1.),(-0.885454784310877,
-0.464725537216277,0.),(0.,0.,1.),(0.590701525454836,-0.806890146070287,
0.),(0.,0.,1.),(0.590701525454828,0.806890146070293,0.),(0.,0.,1.),(0.64738795562645,
-0.762160635896269,0.),(0.,0.,1.),(0.647390658187264,0.762158340301975,
0.),(-0.987687939286249,0.156436998783803,0.),(0.,0.,1.),(-0.987687939286249,
0.156436998783803,0.),(0.,0.,-1.),(0.,0.,-1.),(0.976622017622574,-0.21496379856807,
0.),(0.,0.,-1.),(0.958562983311556,-0.284880689104841,0.),(0.,0.,1.),(-0.970942634505667,
0.239312349240891,0.),(-0.987688057150751,-0.156436254627162,0.),(0.,0.,
-1.),(0.,0.,-1.),(0.976622017622571,0.214963798568081,0.),(0.,0.,-1.),(0.958562983311559,
0.284880689104832,0.),(-0.987688057150751,-0.156436254627162,0.),(0.,0.,
1.),(0.,0.,1.),(-0.97094272519799,-0.239311981281863,0.),(-0.747089570819682,
0.664723380943129,0.),(-0.506687064428859,0.493922346589365,0.70661795496585),
(-0.746980114270652,-0.664846379913588,0.),(-0.506751168387309,-0.493949652348723,
0.706552895601365),(-0.787003798469478,0.616948151139607,0.),(-0.507137818972505,
0.494430493209024,0.705938892506208),(0.,0.,1.),(0.,0.,1.),(-0.531076701990507,
0.466882197164192,0.707091613989321),(-0.786878040310997,-0.617108539623426,
0.),(0.,0.,1.),(-0.509269331709616,-0.496131883085738,0.703205448191238),
(-0.787147305867026,-0.616765043485872,0.),(-0.596446545412712,-0.37933913184153,
0.707356587245045),(0.,0.,1.),(0.,0.,1.),(-0.531123172976041,-0.466917724254234,
0.707033248090293),(0.,0.,1.),(-0.596446545412162,0.379339131841181,0.707356587245695),
(-0.787147544207992,0.616764739302831,0.),(0.,0.,1.),(-0.576297423081848,
0.409712299932284,0.707118880693635),(-0.554820400837283,0.439131745750461,
0.706638261551771),(0.,0.,1.),(0.,0.,1.),(-0.531040143219618,0.466900609292074,
0.707106913650246),(0.,0.,1.),(-0.576296590679294,-0.409714100727045,0.707118515693693),
(-0.55481904774855,-0.439133506186099,0.706638229931056),(0.,0.,1.),(0.,
0.,1.),(-0.531094282432106,-0.466839017456099,0.707106919035976),(-0.999999999999927,
0.,0.),(0.,0.,1.),(-0.999999999999927,0.,0.),(0.,0.,-1.),(0.,0.,-1.),(0.997392594765801,
-0.0721665567028313,0.),(0.,0.,-1.),(0.98958648647612,-0.143939521271427,
0.),(0.,0.,1.),(-0.992708316966754,0.120541268555774,0.),(0.,0.,-1.),(0.997392557290067,
0.0721670746419713,0.),(0.,0.,-1.),(0.989586411729182,0.143940035156872,
0.),(0.,0.,1.),(-0.992708234521712,-0.120541947523366,0.),(0.,0.,-1.),(1.,
0.,0.),(0.,0.,1.),(-1.,0.,0.),(0.,0.,1.),(0.70069289633622,-0.713463008868687,
0.),(0.,0.,1.),(0.700695426218538,0.713460524259347,0.),(-0.59701758113717,
0.379749760252873,0.706654178082184),(-0.823810506644354,0.566865283063245,
0.),(-0.597103862561798,0.379634576596831,0.706643167069439),(0.,0.,1.),
(0.,0.,1.),(-0.576309960630159,0.409713250941686,0.707108111452033),(-0.597018599628257,
-0.379750465013732,0.70665293887436),(-0.823810506644387,-0.566865283063196,
0.),(-0.597070742915754,-0.379688772428112,0.70664203388),(0.,0.,1.),(0.,
0.,1.),(-0.576309794209305,-0.409713485033298,0.707108111451352),(-0.855788319161366,
0.517326157068182,0.),(-0.597037677716847,0.379734283887816,0.706645515818703),
(0.,0.,1.),(0.,0.,1.),(-0.855788285867191,-0.517326212145123,0.),(-0.597039872221542,
-0.379732080755307,0.706644845606992),(-0.855775111156224,-0.51734800581957,
0.),(-0.632904047946272,-0.316370675815619,0.706641395318157),(0.,0.,1.),
(0.,0.,1.),(-0.615378030418385,0.348287245680858,0.707110934842922),(0.,
0.,1.),(-0.632901604659681,0.316372797340911,0.706642633812797),(-0.855763731832857,
0.517366828545737,0.),(0.,0.,1.),(-0.615374691166892,-0.348293399739986,
0.707110809681775),(-0.632867399702687,0.316442276611705,0.706642158356236),
(0.,0.,1.),(0.,0.,1.),(-0.615400199424478,0.348252619938325,0.707108695501905),
(-0.632892758891519,-0.316394468761465,0.706640853531574),(0.,0.,1.),(0.,
0.,1.),(-0.615393991048552,-0.348261264867513,0.707109840954158),(-0.885807810593046,
0.464052284438245,0.),(-0.632904970141532,0.316368532820478,0.706641528790351),
(-0.885813500761491,-0.464041422578493,0.),(-0.632907563050932,-0.316364479982237,
0.706641020914085),(0.,0.,1.),(0.750347913444531,-0.66104312173219,0.),
(0.,0.,1.),(0.750345902082175,0.661045404816104,0.),(-0.911898370476689,
0.410416083897743,0.),(-0.632917583332684,0.316349721486029,0.706638653361127),
(0.,0.,1.),(0.,0.,1.),(-0.911896201762728,-0.410420902502141,0.),(-0.632915173295053,
-0.316354624632556,0.706638616894441),(-0.911895807056083,-0.410421779482402,
0.),(-0.662089934315146,-0.249605888112623,0.706635563425784),(0.,0.,1.),
(0.,0.,1.),(0.796095028191146,-0.605171633579549,0.),(0.,0.,1.),(0.796093186829049,
0.605174055858617,0.),(0.,0.,1.),(-0.647934666459148,0.283164379614376,
0.70710579273407),(0.,0.,1.),(-0.66209056857632,0.249607142864171,0.706634525927987),
(-0.911899231633627,0.410414170498535,0.),(0.,0.,1.),(-0.647935442538388,
-0.283161102430931,0.707106393955452),(-0.662084826403582,0.249613320593314,
0.706637723892885),(0.,0.,1.),(0.,0.,1.),(-0.64793395732457,0.283159422226394,
0.707108427718223),(-0.66208442469512,-0.249613774810447,0.706637939825631),
(0.,0.,1.),(0.,0.,1.),(-0.647934365288054,-0.283160814053962,0.707107496539999),
(-0.93504625532034,0.354525740125326,0.),(-0.66209189891066,0.2495986136444,
0.706636292206726),(-0.935042286425378,-0.354536207736813,0.),(-0.662090331312486,
-0.249606590395627,0.706634943385616),(-0.954725310946266,0.297488790777998,
0.),(-0.662093876482435,0.24959024838248,0.706637394026691),(0.,0.,1.),
(0.,0.,1.),(-0.954726027839193,-0.297486490056935,0.),(-0.662095005607055,
-0.249585967856916,0.706637847980931),(-0.954726628587507,-0.297484562063197,
0.),(-0.684245103291104,-0.180191082634932,0.706639803832899),(0.,0.,1.),
(0.,0.,1.),(-0.673616097233812,0.215033907918368,0.707108034173593),(0.,
0.,1.),(-0.684245665393788,0.180191260367052,0.706639214222608),(-0.954725917738819,
0.297486843402813,0.),(0.,0.,1.),(-0.673616955846564,-0.215029042015399,
0.707108695948472),(-0.684218145348299,0.180284539243178,0.706642069569885),
(0.,0.,1.),(0.,0.,1.),(-0.673582940008436,0.215139774931248,0.707107417704074),
(-0.684217668990338,-0.180284652852548,0.706642501826252),(0.,0.,1.),(0.,
0.,1.),(-0.673582235906501,-0.215139654085294,0.707108125191091),(0.,0.,
1.),(0.837683722199052,-0.546155638589168,0.),(0.,0.,1.),(0.837685074562685,
0.546153564352471,0.),(-0.970792679530466,0.239919931164667,0.),(-0.684242653440143,
0.180196552846626,0.706640781129553),(-0.970792679530504,-0.239919931164513,
0.),(-0.684242060725311,-0.180196432566021,0.706641385728899),(-0.983617954913196,
0.180265689392873,0.),(-0.68424221159495,0.180197970379416,0.706640847490994),
(0.,0.,1.),(0.,0.,1.),(-0.983617665439988,-0.180267268893658,0.),(-0.684238321481665,
-0.180203853821056,0.706643113943661),(-0.983619752704695,-0.180255879485654,
0.),(-0.699148069432584,-0.108890158944222,0.706636335248756),(0.,0.,1.),
(0.,0.,1.),(-0.69215069920128,0.144650083871177,0.707109441905028),(0.,
0.,1.),(-0.699148069432605,0.108890158944161,0.706636335248745),(-0.98361994926735,
0.180254806879568,0.),(0.,0.,1.),(-0.692148667444442,-0.144653612711899,
0.70711070878914),(-0.699160372364294,0.108799815207214,0.706638078457635),
(0.,0.,1.),(0.,0.,1.),(-0.692168906514229,0.144554744176668,0.707111116297088),
(-0.699160554409478,-0.108799439927928,0.706637956119823),(0.,0.,1.),(0.,
0.,1.),(-0.69216890651423,-0.144554744176668,0.707111116297087),(-0.992546975165521,
0.121862636151424,0.),(-0.699173196491394,0.108858376874429,0.70661637052383),
(-0.99254752838995,-0.121858130163736,0.),(-0.699169854044662,-0.10885814475614,
0.706619713506082),(-0.998175212986773,0.060384138470378,0.),(-0.699740192404183,
0.108887926520985,0.706050339984422),(0.,0.,1.),(0.,0.,1.),(-0.703374795329157,
0.0726923232498042,0.707092443345431),(-0.998175465673552,-0.0603799613066174,
0.),(0.,0.,1.),(-0.699587631904347,-0.108877340489155,0.706203136508523),
(-0.703371990270749,-0.0726922850582035,0.707095237570995),(0.,0.,1.),(0.,
0.,1.),(-0.707105681506225,0.,0.70710788086516),(-0.999999999999951,0.,
0.),(-0.706633651943415,0.0364939040345511,0.706637868295657),(0.,0.,1.),
(0.,0.,1.),(-0.703356791387071,0.0727061747313019,0.707108928076591),(-0.706633685878347,
-0.0364940393803842,0.706637827371055),(0.,0.,1.),(0.,0.,1.),(-0.703357075922082,
-0.0727057474868465,0.707108688981205),(-0.707104455839046,0.,0.707109106526402),
(0.,0.,1.),(0.,0.,1.),(0.874911358652515,-0.484283093346041,0.),(0.,0.,
1.),(0.874912557809967,0.484280926928184,0.),(0.,0.,1.),(0.90757838211263,
-0.41988269828825,0.),(0.,0.,1.),(0.907578382112608,0.419882698288296,0.),
(0.,0.,1.),(0.935506914938559,-0.35330838102448,0.),(0.,0.,1.),(0.935506914938556,
0.353308381024489,0.),(0.,0.,1.),(0.958562983311556,-0.284880689104841,
0.),(0.,0.,1.),(0.958562983311559,0.284880689104832,0.),(0.,0.,1.),(0.976622017622574,
-0.21496379856807,0.),(0.,0.,1.),(0.976622017622571,0.214963798568081,0.),
(0.,0.,1.),(0.98958648647612,-0.143939521271427,0.),(0.,0.,1.),(0.989586411729182,
0.143940035156872,0.),(0.,0.,1.),(0.997392594765801,-0.0721665567028313,
0.),(0.,0.,1.),(0.997392557290067,0.0721670746419713,0.),(0.,0.,1.),(1.,
0.,0.)),$,(4,4,1,1,2,2,5,5,3,3,149,149,45,45,6,6,47,47,8,8,7,7,48,48,46,
46,9,9,155,155,10,10,49,49,12,12,11,11,157,157,50,50,13,13,14,14,51,51,
16,16,15,15,52,52,17,17,173,173,18,18,53,53,20,20,19,19,175,175,54,54,21,
21,22,22,61,61,59,59,24,24,23,23,62,62,60,60,25,25,181,181,26,26,65,65,
63,63,28,28,27,27,183,183,66,66,64,64,29,29,30,30,32,32,31,31,33,33,199,
199,34,34,81,81,77,77,36,36,35,35,201,201,82,82,78,78,37,37,38,38,117,117,
87,87,40,40,39,39,118,118,88,88,41,41,217,217,42,42,129,129,44,44,43,43,
219,219,130,130,56,56,55,55,133,133,57,57,58,58,134,134,72,72,73,73,74,
74,74,76,76,75,75,75,91,91,79,79,79,84,84,89,89,89,92,92,80,80,80,86,86,
90,90,90,101,101,93,93,93,96,96,102,102,94,94,94,98,98,68,68,67,67,153,
153,69,69,70,70,154,154,107,107,108,108,119,119,112,112,115,115,115,120,
120,114,114,116,116,116,104,104,103,103,233,233,189,189,159,159,161,161,
105,105,235,235,106,106,190,190,160,160,162,162,71,71,85,85,83,83,150,150,
131,131,124,124,127,127,127,132,132,126,126,128,128,128,95,95,156,156,97,
97,158,158,147,147,139,139,139,142,142,145,145,145,148,148,140,140,140,
144,144,146,146,146,99,99,99,109,109,109,111,111,174,174,100,100,100,113,
113,176,176,110,110,110,136,136,135,135,137,137,138,138,121,121,121,123,
123,182,182,125,125,184,184,122,122,122,141,141,143,143,177,177,151,151,
151,164,164,167,167,167,178,178,152,152,152,166,166,168,168,168,170,170,
169,169,257,257,215,215,213,213,171,171,259,259,172,172,216,216,214,214,
163,163,200,200,165,165,202,202,193,193,179,179,179,186,186,191,191,191,
194,194,180,180,180,188,188,192,192,192,211,211,203,203,203,206,206,212,
212,204,204,204,208,208,185,185,218,218,187,187,220,220,196,196,195,195,
239,239,197,197,198,198,240,240,205,205,234,234,207,207,236,236,222,222,
221,221,277,277,243,243,241,241,223,223,279,279,224,224,244,244,242,242,
209,209,209,229,229,258,258,210,210,210,228,228,228,231,231,260,260,227,
227,227,225,225,226,226,246,246,245,245,261,261,247,247,262,262,248,248,
230,230,232,232,237,237,237,253,253,238,238,238,252,252,252,255,255,249,
249,251,251,251,250,250,254,254,263,263,263,265,265,256,256,264,264,264,
266,266,268,268,267,267,299,299,283,283,269,269,301,301,284,284,270,270,
278,278,273,273,280,280,272,272,272,275,275,271,271,271,290,290,289,289,
285,285,305,305,291,291,286,286,306,306,292,292,274,274,276,276,281,281,
281,300,300,295,295,282,282,282,302,302,294,294,294,297,297,287,287,293,
293,293,288,288,314,314,321,321,313,313,307,307,309,309,315,315,323,323,
308,308,310,310,316,316,296,296,298,298,303,303,303,322,322,319,319,304,
304,304,324,324,318,318,318,325,325,311,311,317,317,317,312,312,331,331,
320,320,327,327,327,329,329,332,332,326,326,328,328,328,330,330,334,334,
333,333,335,335,336,336,343,343,339,339,340,340,342,342,341,341,345,345,
338,338,338,337,337,337,351,351,352,352,356,356,355,355,357,357,358,358,
344,344,346,346,363,363,381,381,367,367,364,364,366,366,384,384,365,365,
369,369,347,347,347,349,349,348,348,348,362,362,362,350,350,361,361,361,
353,353,373,373,359,359,354,354,374,374,360,360,382,382,383,383,368,368,
377,377,375,375,370,370,378,378,376,376,387,387,409,409,459,459,429,429,
391,391,388,388,390,390,411,411,389,389,461,461,431,431,393,393,371,371,
371,372,372,372,386,386,386,379,379,385,385,385,380,380,410,410,412,412,
397,397,398,398,399,399,400,400,392,392,394,394,405,405,523,523,493,493,
413,413,406,406,433,433,408,408,407,407,525,525,495,495,415,415,435,435,
395,395,395,396,396,396,404,404,404,401,401,403,403,403,402,402,430,430,
432,432,419,419,460,460,420,420,462,462,441,441,442,442,414,414,416,416,
423,423,577,577,561,561,424,424,453,453,426,426,425,425,579,579,564,564,
455,455,417,417,417,418,418,418,428,428,428,421,421,427,427,427,422,422,
494,494,496,496,445,445,443,443,446,446,444,444,448,448,447,447,600,600,
596,596,479,479,449,449,602,602,598,598,450,450,481,481,434,434,436,436,
437,437,437,438,438,438,452,452,452,439,439,451,451,451,440,440,469,469,
471,471,470,470,472,472,524,524,526,526,466,466,465,465,608,608,604,604,
503,503,467,467,610,610,606,606,468,468,505,505,454,454,456,456,457,457,
457,458,458,458,478,478,478,463,463,477,477,477,464,464,497,497,513,513,
498,498,514,514,474,474,473,473,620,620,612,612,616,616,533,533,517,517,
475,475,622,622,614,614,618,618,476,476,535,535,519,519,562,562,563,563,
578,578,580,580,488,488,487,487,628,628,624,624,545,545,489,489,630,630,
626,626,490,490,547,547,480,480,482,482,483,483,483,485,485,484,484,484,
502,502,502,486,486,501,501,501,499,499,521,521,515,515,500,500,522,522,
516,516,492,492,491,491,636,636,632,632,555,555,638,638,634,634,557,557,
640,640,567,567,597,597,599,599,504,504,569,569,541,541,506,506,570,570,
542,542,507,507,507,508,508,508,512,512,512,509,509,511,511,511,510,510,
573,573,571,571,574,574,572,572,518,518,520,520,601,601,603,603,527,527,
527,528,528,528,532,532,532,605,605,607,607,529,529,531,531,531,530,530,
581,581,575,575,582,582,576,576,534,534,536,536,537,537,537,538,538,538,
544,544,544,539,539,543,543,543,540,540,585,585,583,583,586,586,584,584,
609,609,611,611,546,546,548,548,549,549,549,550,550,550,554,554,554,551,
551,553,553,553,552,552,589,589,587,587,590,590,588,588,556,556,558,558,
559,559,559,565,565,560,560,560,566,566,568,568,568,593,593,591,591,594,
594,592,592,595,595,613,613,615,615,617,617,619,619,621,621,623,623,625,
625,627,627,629,629,631,631,633,633,635,635,637,637,639,639,641,641),((1,
3,5),(7,5,3),(3,1,10),(9,11,4),(4,11,8),(6,13,2),(5,7,15),(17,6,16),(6,
17,13),(19,10,1),(10,19,21),(11,9,22),(2,23,20),(25,2,13),(23,2,25),(27,
15,7),(8,29,28),(29,8,11),(15,27,31),(33,16,32),(16,33,17),(35,21,19),(21,
35,37),(39,22,38),(22,39,11),(20,41,36),(41,20,23),(43,31,27),(28,29,44),
(31,43,45),(47,32,46),(32,47,33),(49,37,35),(37,49,51),(39,38,52),(36,53,
50),(53,36,41),(55,45,43),(44,57,56),(57,44,29),(45,55,59),(61,46,60),(46,
61,47),(63,51,49),(51,63,65),(67,52,66),(52,67,39),(50,69,64),(69,50,53),
(71,59,55),(56,57,72),(59,71,73),(75,60,74),(60,77,61),(60,75,77),(79,65,
63),(65,79,81),(67,66,82),(64,83,80),(85,64,69),(83,64,85),(87,73,71),(72,
89,88),(89,72,57),(73,87,91),(93,74,92),(74,95,75),(74,93,95),(97,81,79),
(81,97,99),(101,82,100),(82,101,67),(80,103,98),(105,80,83),(103,80,105),
(107,91,87),(88,89,108),(91,107,109),(93,92,110),(112,99,97),(99,112,113),
(101,100,114),(98,103,111),(116,109,107),(108,117,115),(117,108,89),(109,
116,119),(121,110,120),(110,123,93),(110,121,123),(125,113,112),(113,125,
127),(129,114,128),(114,129,101),(111,131,126),(133,111,103),(131,111,133),
(135,119,116),(115,117,136),(119,135,137),(139,120,138),(120,141,121),(120,
139,141),(143,127,125),(127,143,145),(129,128,146),(126,147,144),(149,126,
131),(147,126,149),(151,137,135),(136,153,152),(153,136,117),(137,151,155),
(157,138,156),(138,157,139),(159,145,143),(145,159,161),(163,146,162),(146,
163,129),(144,165,160),(165,144,147),(151,167,155),(167,151,169),(152,153,
170),(171,156,168),(156,171,157),(159,173,161),(163,162,174),(173,159,175),
(160,177,176),(177,160,165),(14,179,26),(18,181,14),(179,14,184),(184,14,
181),(186,24,26),(26,179,188),(26,188,186),(18,34,192),(18,193,181),(193,
18,196),(18,198,196),(198,18,192),(24,201,42),(204,24,186),(24,204,206),
(208,24,206),(24,208,201),(34,48,192),(42,201,54),(212,48,62),(48,213,192),
(213,48,216),(48,212,216),(54,218,70),(221,54,201),(54,221,223),(218,54,
223),(62,78,212),(70,218,86),(169,225,167),(225,169,227),(170,153,228),
(229,168,226),(168,229,171),(175,231,173),(163,174,232),(231,175,233),(176,
235,234),(235,176,177),(237,78,76),(78,237,212),(86,240,84),(240,86,218),
(96,237,76),(240,106,84),(96,94,241),(237,96,243),(96,245,243),(245,96,
241),(106,248,104),(106,240,250),(252,106,250),(106,252,248),(94,124,241),
(104,248,134),(227,256,225),(256,227,257),(228,259,258),(259,228,153),(261,
226,255),(226,263,229),(226,265,263),(226,261,265),(233,267,231),(269,232,
268),(232,269,163),(267,233,271),(234,273,272),(275,234,235),(277,234,275),
(273,234,277),(185,279,180),(279,189,180),(194,279,185),(189,279,282),(194,
283,279),(285,280,284),(280,285,281),(182,195,183),(190,203,187),(189,282,
205),(287,124,122),(124,289,241),(124,291,289),(291,124,287),(134,294,132),
(296,134,248),(298,134,296),(134,298,294),(283,194,197),(205,282,207),(142,
287,122),(294,150,132),(200,283,197),(214,283,200),(214,302,283),(303,284,
301),(284,303,285),(282,209,207),(209,282,305),(281,307,306),(307,281,285),
(142,140,309),(142,311,287),(311,142,314),(142,316,314),(316,142,309),(150,
319,148),(322,150,294),(150,322,324),(326,150,324),(150,326,319),(199,191,
215),(210,220,202),(209,305,222),(302,214,217),(222,305,224),(329,302,217),
(333,302,329),(333,335,302),(337,301,336),(301,337,303),(216,212,330),(305,
339,224),(339,305,342),(306,344,343),(344,306,307),(218,223,341),(211,332,
331),(346,219,340),(339,342,347),(332,211,238),(219,346,239),(257,349,256),
(349,257,351),(258,259,352),(261,255,350),(271,354,267),(269,268,353),(354,
271,355),(272,273,356),(237,243,334),(250,240,348),(335,333,244),(347,342,
251),(247,335,244),(358,335,247),(358,360,335),(362,336,361),(336,362,337),
(342,253,251),(253,342,364),(343,366,365),(366,343,344),(246,242,357),(254,
368,249),(253,364,369),(140,158,309),(148,319,166),(241,289,359),(296,248,
370),(360,358,290),(369,364,297),(293,360,290),(312,360,293),(312,371,360),
(362,361,372),(364,299,297),(299,364,374),(365,366,373),(292,288,313),(300,
321,295),(299,374,323),(375,158,172),(158,377,309),(377,158,380),(158,382,
380),(382,158,375),(166,385,178),(388,166,319),(166,388,390),(392,166,390),
(166,392,385),(172,230,375),(178,385,236),(351,396,349),(396,351,397),(352,
399,398),(399,352,259),(401,350,395),(350,403,261),(350,401,403),(355,405,
354),(407,353,406),(353,407,269),(405,355,409),(356,411,410),(413,356,273),
(411,356,413),(371,312,315),(323,374,325),(318,371,315),(378,371,318),(378,
415,371),(417,372,416),(372,417,362),(374,327,325),(327,374,419),(373,421,
420),(421,373,366),(317,310,379),(328,387,320),(327,419,389),(304,12,286),
(40,286,12),(12,304,30),(286,40,308),(415,378,381),(389,419,391),(423,230,
264),(230,425,375),(425,230,428),(230,430,428),(430,230,423),(236,433,276),
(436,236,385),(236,436,438),(440,236,438),(236,440,433),(338,30,304),(30,
338,58),(68,308,40),(308,68,345),(266,423,264),(433,278,276),(266,262,444),
(266,445,423),(445,266,448),(448,266,444),(278,450,274),(453,278,433),(278,
453,455),(278,455,450),(384,415,381),(426,415,384),(426,457,415),(459,416,
458),(416,459,417),(419,393,391),(393,419,461),(420,463,462),(463,420,421),
(383,376,427),(394,435,386),(393,461,437),(397,465,396),(465,397,467),(398,
399,468),(469,395,466),(395,469,401),(409,471,405),(407,406,472),(471,409,
473),(410,475,474),(475,410,411),(363,58,338),(58,363,90),(102,345,68),
(345,102,367),(457,426,429),(437,461,439),(418,90,363),(90,418,118),(130,
367,102),(367,130,422),(432,457,429),(457,432,477),(479,458,478),(458,479,
459),(461,441,439),(441,461,454),(481,454,461),(462,483,482),(483,462,463),
(262,404,444),(274,450,414),(431,424,447),(446,477,432),(442,452,434),(467,
485,465),(485,467,487),(468,489,488),(489,468,399),(491,466,486),(466,493,
469),(466,491,493),(473,495,471),(497,472,496),(472,497,407),(495,473,499),
(474,501,500),(503,474,475),(501,474,503),(460,118,418),(118,460,154),(164,
422,130),(422,164,464),(477,446,449),(454,481,456),(505,477,449),(477,505,
509),(510,478,508),(478,510,479),(448,444,506),(481,512,456),(512,481,515),
(519,515,481),(482,520,518),(520,482,483),(450,455,514),(443,522,507),(524,
509,505),(517,451,513),(404,525,444),(522,443,526),(528,414,450),(451,517,
527),(525,404,402),(414,528,412),(402,470,525),(412,528,476),(460,260,154),
(260,460,480),(164,484,464),(484,164,270),(487,529,485),(529,487,531),(488,
489,532),(486,533,491),(533,486,530),(499,535,495),(497,496,536),(537,500,
501),(535,499,539),(500,537,540),(525,541,523),(541,525,470),(543,528,516),
(528,543,476),(509,524,542),(515,519,544),(545,509,542),(509,545,549),(510,
508,548),(541,470,546),(519,550,544),(550,519,553),(557,553,519),(518,520,
556),(476,543,552),(480,400,260),(400,480,511),(270,521,484),(521,270,408),
(546,470,558),(547,559,560),(562,549,545),(476,552,563),(551,555,564),(558,
470,494),(476,563,504),(492,558,494),(563,502,504),(492,561,558),(561,492,
565),(492,567,565),(492,534,570),(567,492,570),(554,502,563),(502,554,572),
(574,502,572),(502,578,538),(502,574,578),(531,579,529),(579,531,581),(532,
583,582),(583,532,489),(530,585,533),(585,530,580),(539,587,535),(589,536,
588),(536,589,497),(591,540,537),(587,539,593),(540,591,594),(549,562,566),
(553,557,573),(569,549,566),(548,595,510),(549,569,597),(595,548,598),(557,
575,573),(599,556,520),(575,557,601),(605,601,557),(556,599,604),(511,490,
400),(490,511,596),(408,600,521),(600,408,498),(534,586,570),(538,578,592),
(568,571,606),(608,597,569),(576,603,577),(586,607,570),(602,592,578),(581,
609,579),(609,581,611),(582,583,612),(580,613,585),(580,615,613),(615,580,
610),(593,617,587),(589,588,618),(619,594,591),(621,594,619),(617,593,623),
(594,621,624),(597,608,625),(607,586,626),(601,605,627),(592,602,628),(629,
597,625),(598,632,595),(597,629,634),(632,598,635),(626,586,630),(605,637,
627),(639,604,599),(637,605,641),(645,641,605),(604,639,644),(592,628,638),
(596,584,490),(584,596,633),(498,640,600),(640,498,590),(630,586,646),(631,
647,648),(650,634,629),(592,638,651),(636,643,652),(646,586,614),(592,651,
620),(614,616,646),(620,651,622),(616,649,646),(642,622,651),(611,654,609),
(655,612,583),(654,611,657),(612,655,658),(610,659,615),(610,661,659),(661,
610,653),(623,663,617),(618,665,589),(665,618,664),(667,624,621),(669,624,
667),(624,669,671),(663,623,672),(634,650,673),(649,616,674),(641,645,675),
(622,642,676),(677,634,673),(635,680,632),(634,677,682),(680,635,683),(674,
616,678),(645,685,675),(687,644,639),(685,645,689),(693,689,645),(644,687,
692),(622,676,686),(633,656,584),(656,633,681),(590,688,640),(688,590,666),
(678,616,694),(679,695,696),(698,682,677),(622,686,699),(684,691,700),(694,
616,660),(622,699,668),(662,694,660),(699,670,668),(694,662,697),(661,653,
701),(697,662,703),(662,705,703),(705,662,708),(662,702,708),(670,699,690),
(671,669,710),(670,690,712),(714,670,712),(670,714,718),(670,718,711),(657,
719,654),(658,655,721),(719,657,722),(701,653,720),(672,723,663),(665,664,
724),(671,710,725),(723,672,726),(682,698,704),(689,693,713),(707,682,704),
(680,683,727),(682,707,728),(681,729,656),(721,655,730),(729,681,731),(680,
727,732),(666,734,688),(665,724,736),(734,666,735),(687,737,692),(737,687,
733),(693,715,713),(715,693,739),(738,739,693),(706,709,742),(744,728,707),
(716,741,717),(708,702,745),(745,743,708),(718,748,711),(740,748,718),(701,
720,746),(725,710,747),(722,749,719),(721,730,751),(749,722,752),(746,720,
750),(726,753,723),(736,724,754),(725,747,755),(753,726,756),(728,744,757),
(743,745,758),(739,738,759),(748,740,760),(731,761,729),(730,763,751),(763,
730,762),(765,732,727),(761,731,767),(732,765,768),(735,770,734),(771,736,
754),(770,735,773),(736,771,774),(733,775,737),(775,733,769),(777,728,757),
(728,777,766),(758,781,778),(781,758,745),(738,782,759),(782,738,785),(776,
785,738),(789,760,784),(760,789,748),(780,790,779),(792,766,777),(787,788,
783),(781,745,793),(781,793,796),(790,780,797),(796,798,781),(748,789,799),
(789,802,799),(788,787,803),(804,802,789),(746,750,794),(755,747,800),(805,
794,750),(794,805,795),(800,807,755),(807,800,801),(752,806,749),(806,752,
764),(756,772,753),(772,756,808),(798,809,791),(798,811,809),(798,796,814),
(811,798,814),(815,804,786),(817,804,815),(802,804,820),(804,817,820),(766,
792,810),(785,776,816),(767,821,761),(762,823,763),(825,762,822),(762,827,
823),(762,825,827),(829,768,765),(821,767,831),(768,829,832),(773,834,770),
(835,774,771),(834,773,837),(774,839,838),(841,774,835),(839,774,841),(769,
843,775),(843,769,833),(845,766,810),(766,845,830),(809,811,846),(776,849,
816),(849,776,851),(844,851,776),(817,815,850),(846,811,855),(847,854,856),
(858,830,845),(817,850,859),(848,853,860),(795,805,813),(807,801,819),(813,
861,812),(861,813,805),(863,819,818),(819,863,807),(811,865,855),(812,861,
866),(817,859,868),(863,818,867),(855,869,857),(869,855,865),(872,859,852),
(859,872,868),(764,862,806),(862,764,824),(808,836,772),(836,808,864),(830,
858,873),(857,869,874),(851,844,875),(872,852,876),(831,877,821),(879,822,
878),(822,881,825),(822,879,881),(883,832,829),(877,831,885),(832,887,886),
(887,832,883),(837,889,834),(889,837,891),(838,893,892),(895,838,839),(893,
838,895),(833,897,843),(899,833,890),(833,899,897),(901,830,873),(830,901,
884),(874,869,902),(844,905,875),(905,844,907),(898,907,844),(872,876,906),
(902,869,911),(903,910,912),(914,884,901),(872,906,915),(904,909,916),(866,
917,870),(917,866,861),(919,867,871),(867,919,863),(869,921,911),(870,923,
922),(923,870,917),(872,915,925),(927,871,926),(871,927,919),(929,913,911),
(911,921,929),(908,932,915),(915,932,925),(884,914,933),(913,929,934),(907,
898,935),(932,908,936),(885,937,877),(939,878,938),(878,941,879),(878,939,
941),(937,885,943),(886,945,944),(945,886,887),(891,947,889),(947,891,949),
(892,951,950),(953,892,893),(951,892,953),(955,890,948),(890,955,899),(824,
918,862),(918,824,828),(864,842,836),(842,864,920),(957,884,933),(884,957,
888),(934,929,958),(898,961,935),(961,898,963),(900,963,898),(932,936,962),
(959,966,968),(958,929,967),(970,888,957),(960,965,971),(932,962,972),(922,
973,930),(973,922,923),(975,926,931),(926,975,927),(967,977,969),(967,929,
980),(977,967,980),(981,972,964),(932,972,984),(972,981,984),(985,937,943),
(937,985,987),(989,938,988),(938,991,939),(938,989,991),(944,993,986),(993,
944,945),(995,947,949),(950,997,996),(999,950,951),(997,950,999),(947,995,
1001),(1003,948,1002),(948,1003,955),(888,970,1005),(969,977,1006),(963,
900,1007),(981,964,1008),(828,924,918),(924,828,826),(920,840,842),(840,
920,928),(1009,888,1005),(888,1009,946),(1006,977,1010),(900,1013,1007),
(1013,900,1015),(956,1015,900),(981,1008,1014),(1010,977,1019),(1011,1018,
1020),(1022,946,1009),(981,1014,1023),(1012,1017,1024),(1019,977,1026),
(1019,1027,1021),(1027,1019,1026),(1023,1030,981),(1031,1023,1016),(1023,
1031,1030),(930,1033,979),(1033,930,973),(1035,931,983),(931,1035,975),
(979,1033,978),(1035,983,982),(978,1033,1025),(1035,982,1029),(1037,987,
985),(987,1037,1039),(1041,988,1040),(988,1043,989),(988,1041,1043),(986,
1045,1038),(1045,986,993),(1047,1001,995),(996,1049,1048),(1051,996,997),
(1049,996,1051),(1001,1047,1053),(1055,1002,1054),(1002,1055,1003),(946,
1022,1057),(1021,1027,1058),(1015,956,1059),(1031,1016,1060),(1061,946,
1057),(946,1061,994),(1058,1027,1062),(956,1065,1059),(956,1067,1065),(1004,
1067,956),(1031,1060,1066),(1062,1027,1071),(1063,1070,1072),(994,1061,
1074),(1031,1066,1075),(1064,1069,1076),(826,974,924),(974,826,882),(928,
896,840),(896,928,976),(1071,1027,1078),(1079,1073,1071),(1071,1078,1079),
(1075,1082,1031),(1068,1083,1075),(1075,1083,1082),(1086,1039,1037),(1039,
1086,1087),(1089,1040,1088),(1040,1091,1041),(1040,1093,1091),(1040,1089,
1093),(1038,1095,1085),(1097,1038,1045),(1095,1038,1097),(1099,1053,1047),
(1048,1101,1100),(1103,1048,1049),(1105,1048,1103),(1101,1048,1105),(1053,
1099,1107),(1109,1054,1108),(1054,1111,1055),(1054,1109,1111),(1025,1113,
1028),(1113,1025,1033),(1115,1029,1032),(1029,1115,1035),(1028,1117,1077),
(1117,1028,1113),(1119,1032,1081),(1032,1119,1115),(1121,1087,1086),(1087,
1121,1123),(1125,1088,1124),(1088,1127,1089),(1088,1125,1127),(1085,1129,
1122),(1129,1085,1095),(1131,1107,1099),(1100,1133,1132),(1135,1100,1101),
(1133,1100,1135),(1107,1131,1137),(1139,1108,1138),(1108,1139,1109),(994,
1074,1141),(1073,1079,1142),(1067,1004,1143),(1083,1068,1144),(1145,994,
1141),(994,1145,1046),(1142,1149,1146),(1149,1142,1079),(1004,1150,1143),
(1004,1153,1150),(1056,1153,1004),(1157,1144,1152),(1144,1157,1083),(1148,
1158,1147),(1046,1145,1160),(1155,1156,1151),(1158,1148,1161),(1149,1163,
1162),(1149,1079,1166),(1163,1149,1166),(1156,1155,1167),(1169,1157,1168),
(1083,1157,1172),(1157,1169,1172),(1173,1123,1121),(1123,1173,1175),(1177,
1124,1176),(1124,1179,1125),(1124,1177,1179),(1122,1181,1174),(1181,1122,
1129),(1175,1137,1131),(1132,1183,1176),(1185,1132,1133),(1183,1132,1185),
(1137,1175,1173),(1187,1138,1174),(1138,1187,1139),(1176,1189,1177),(1189,
1176,1183),(1191,1174,1181),(1174,1191,1187),(882,1034,974),(1034,882,880),
(976,894,896),(894,976,1036),(1077,1193,1080),(1193,1077,1117),(1195,1081,
1084),(1081,1195,1119),(1162,1197,1159),(1197,1162,1199),(1162,1163,1202),
(1162,1202,1199),(1203,1168,1154),(1168,1203,1205),(1168,1208,1169),(1168,
1205,1208),(1046,1160,1198),(1153,1056,1204),(1209,1046,1198),(1046,1209,
1098),(1197,1199,1210),(1056,1213,1204),(1056,1215,1213),(1112,1215,1056),
(1205,1203,1214),(1211,1218,1220),(1210,1199,1219),(1098,1209,1222),(1212,
1217,1223),(1205,1214,1224),(1219,1225,1221),(1219,1199,1228),(1225,1219,
1228),(1229,1224,1216),(1205,1224,1232),(1224,1229,1232),(1098,1222,1233),
(1221,1225,1234),(1215,1112,1235),(1229,1216,1236),(1080,1237,1165),(1237,
1080,1193),(1239,1084,1171),(1084,1239,1195),(1165,1237,1164),(1239,1171,
1170),(1241,1098,1233),(1098,1241,1096),(1234,1225,1242),(1112,1245,1235),
(1112,1247,1245),(1110,1247,1112),(1229,1236,1246),(1164,1250,1201),(1250,
1164,1237),(1252,1170,1207),(1170,1252,1239),(880,1114,1034),(1114,880,
942),(1036,954,894),(954,1036,1116),(1243,1254,1256),(1242,1225,1255),(1096,
1241,1258),(1244,1249,1259),(1229,1246,1260),(1261,1257,1255),(1255,1225,
1264),(1255,1264,1261),(1248,1265,1260),(1260,1268,1229),(1260,1265,1268),
(1096,1258,1269),(1257,1261,1270),(1247,1110,1271),(1265,1248,1272),(1273,
1096,1269),(1096,1273,1130),(1270,1261,1274),(1110,1277,1271),(1110,1279,
1277),(1140,1279,1110),(1265,1272,1278),(1275,1282,1284),(1274,1261,1283),
(1130,1273,1286),(1276,1281,1287),(1265,1278,1288),(1283,1289,1285),(1283,
1261,1292),(1289,1283,1292),(1293,1288,1280),(1265,1288,1296),(1288,1293,
1296),(1201,1297,1200),(1297,1201,1250),(1299,1207,1206),(1207,1299,1252),
(1130,1286,1301),(1285,1289,1302),(1279,1140,1303),(1293,1280,1304),(1305,
1130,1301),(1130,1305,1182),(1302,1289,1306),(1140,1309,1303),(1140,1311,
1309),(1188,1311,1140),(1293,1304,1310),(1307,1314,1316),(1306,1289,1315),
(1182,1305,1318),(1308,1313,1319),(1293,1310,1320),(1315,1321,1317),(1315,
1289,1324),(1321,1315,1324),(1325,1320,1312),(1320,1328,1293),(1320,1325,
1328),(1182,1318,1329),(1317,1321,1330),(1311,1188,1331),(1325,1312,1332),
(1333,1182,1329),(1182,1333,1192),(1330,1337,1334),(1330,1321,1337),(1188,
1338,1331),(1192,1338,1188),(1341,1332,1340),(1325,1332,1341),(1335,1336,
1343),(1192,1333,1345),(1339,1343,1342),(1338,1192,1345),(942,1118,1114),
(1118,942,940),(1116,952,954),(952,1116,1120),(1346,1344,1337),(1337,1321,
1349),(1337,1349,1346),(1344,1350,1341),(1341,1353,1325),(1341,1350,1353),
(1344,1346,1354),(1350,1344,1354),(1200,1356,1227),(1356,1200,1297),(1358,
1206,1231),(1206,1358,1299),(1227,1356,1226),(1358,1231,1230),(1226,1360,
1263),(1360,1226,1356),(1362,1230,1267),(1230,1362,1358),(1263,1364,1262),
(1364,1263,1360),(1366,1267,1266),(1267,1366,1362),(940,1194,1118),(1194,
940,992),(1120,1000,952),(1000,1120,1196),(1262,1368,1291),(1368,1262,1364),
(1370,1266,1295),(1266,1370,1366),(1291,1368,1290),(1370,1295,1294),(1290,
1368,1323),(1370,1294,1327),(1323,1372,1322),(1372,1323,1368),(1374,1327,
1326),(1327,1374,1370),(1322,1376,1348),(1376,1322,1372),(1378,1326,1352),
(1326,1378,1374),(1348,1380,1347),(1380,1348,1376),(1382,1352,1351),(1352,
1382,1378),(1347,1384,1355),(1384,1347,1380),(1384,1351,1355),(1351,1384,
1382),(990,1194,992),(1194,990,1238),(1240,1000,1196),(1000,1240,998),(1044,
1238,990),(1238,1044,1251),(1253,998,1240),(998,1253,1052),(1042,1251,1044),
(1251,1042,1298),(1300,1052,1253),(1052,1300,1050),(1092,1298,1042),(1298,
1092,1357),(1359,1050,1300),(1050,1359,1104),(1094,1357,1092),(1357,1094,
1361),(1363,1104,1359),(1104,1363,1106),(1090,1361,1094),(1361,1090,1365),
(1367,1106,1363),(1106,1367,1102),(1128,1365,1090),(1365,1128,1369),(1371,
1102,1367),(1102,1371,1136),(1126,1369,1128),(1369,1126,1373),(1375,1136,
1371),(1136,1375,1134),(1180,1373,1126),(1373,1180,1377),(1379,1134,1375),
(1134,1379,1186),(1178,1377,1180),(1377,1178,1381),(1383,1186,1379),(1186,
1383,1184),(1190,1381,1178),(1381,1190,1385),(1385,1184,1383),(1184,1385,
1190)),());
#93=COMPLEX_TRIANGULATED_FACE('ConvergentBody',#98,1385,((-0.999348084691644,
0.0361027093601332,0.),(0.,0.,1.),(-0.999348084691644,-0.0361027093601426,
0.),(0.,0.,-1.),(-0.999348084691644,-0.0361027093601426,0.),(0.,0.,1.),
(-0.994137755945829,-0.108120868489812,0.),(0.,0.,-1.),(0.,0.,-1.),(-0.999348084691644,
0.0361027093601332,0.),(0.,0.,-1.),(0.999999999999927,0.,0.),(0.,0.,1.),
(0.70616790026259,0.036406509572032,0.707107815470531),(-0.994137755945829,
-0.108120868489812,0.),(0.,0.,1.),(0.,0.,1.),(0.703824254916584,0.0727590188412932,
0.706638198350731),(-0.994137755945828,0.108120868489822,0.),(0.,0.,1.),
(-0.994137755945828,0.108120868489822,0.),(0.,0.,-1.),(0.,0.,1.),(0.703824390368838,
-0.0727591353219869,0.706638051444394),(0.,0.,1.),(0.706168025187829,-0.0364064117657724,
0.707107695747022),(-0.983744966775796,-0.179571268145237,0.),(0.,0.,-1.),
(0.,0.,-1.),(0.987687957950141,0.156436880946535,0.),(-0.983744966775796,
-0.179571268145237,0.),(0.,0.,1.),(0.,0.,1.),(0.69868445616809,0.108817065891059,
0.707105987020306),(-0.983744781375153,0.17957228382229,0.),(0.,0.,1.),
(-0.983744781375153,0.17957228382229,0.),(0.,0.,-1.),(0.,0.,-1.),(0.987688075828448,
-0.156436136702161,0.),(0.,0.,1.),(0.698684456168089,-0.108817065891059,
0.707105987020307),(-0.968223113065689,-0.250087991165883,0.),(0.,0.,-1.),
(-0.968223113065689,-0.250087991165883,0.),(0.,0.,1.),(0.,0.,1.),(0.692605047455899,
0.144778684281082,0.70663808333294),(-0.968223197043926,0.250087666041408,
0.),(0.,0.,1.),(-0.968223197043926,0.250087666041408,0.),(0.,0.,-1.),(0.,
0.,1.),(0.692605047455749,-0.144778684281707,0.706638083332959),(-0.947653245480464,
-0.319301309628293,0.),(0.,0.,-1.),(0.,0.,-1.),(0.951056990633459,0.30901553450794,
0.),(-0.947653245480464,-0.319301309628293,0.),(0.,0.,1.),(0.,0.,1.),(0.683781921937617,
0.180119943316371,0.707106137189465),(-0.947653140551454,0.319301621046567,
0.),(0.,0.,1.),(-0.947653140551454,0.319301621046567,0.),(0.,0.,-1.),(0.,
0.,-1.),(0.951057341369946,-0.309014455044308,0.),(0.,0.,1.),(0.683782187082422,
-0.180118936638243,0.707106137219222),(-0.92214267405472,-0.386849956297284,
0.),(0.,0.,-1.),(-0.92214267405472,-0.386849956297284,0.),(0.,0.,1.),(0.,
0.,1.),(0.661652570276286,0.249428010941276,0.70710787267903),(0.,0.,1.),
(0.674073754745198,0.215148287266283,0.706636956046098),(-0.92214279777204,
0.386849661389478,0.),(0.,0.,1.),(-0.92214279777204,0.386849661389478,0.),
(0.,0.,-1.),(0.,0.,1.),(0.661639968322943,-0.249461438098765,0.707107872406545),
(0.,0.,1.),(0.674061700991172,-0.215182554374523,0.706638020169976),(-0.891823715072629,
-0.452383091233586,0.),(0.,0.,-1.),(0.,0.,-1.),(0.891007071566503,0.453989425447866,
0.),(-0.891823715072629,-0.452383091233586,0.),(0.,0.,1.),(0.,0.,1.),(0.632497292751917,
0.31614302188583,0.707107321680656),(0.,0.,1.),(0.648350618726266,0.28338084171888,
0.706637653783017),(-0.891824627383835,0.452381292707472,0.),(0.,0.,1.),
(-0.891824627383835,0.452381292707472,0.),(0.,0.,-1.),(0.,0.,-1.),(0.891005918241762,
-0.45399168897476,0.),(0.,0.,1.),(0.632496180173359,-0.31614292243788,0.707108361326994),
(0.,0.,1.),(0.648350755451272,-0.283379768056361,0.70663795890264),(-0.856857064365338,
-0.515554042993764,0.),(0.,0.,-1.),(-0.856857064365338,-0.515554042993764,
0.),(0.,0.,1.),(0.,0.,1.),(-0.856857064365338,0.515554042993764,0.),(-0.856857064365338,
0.515554042993764,0.),(0.,0.,-1.),(0.,0.,-1.),(-0.81742336291657,-0.576037364897595,
0.),(0.,0.,-1.),(0.809019294651011,0.58778208622106,0.),(-0.81742336291657,
-0.576037364897595,0.),(0.,0.,1.),(0.,0.,1.),(0.596672576190755,0.379449767248459,
0.707106576802237),(0.,0.,1.),(0.615785482497293,0.348527003866615,0.706637932127434),
(-0.817421688612742,0.57603974080396,0.),(0.,0.,1.),(-0.817421688612742,
0.57603974080396,0.),(0.,0.,-1.),(0.,0.,-1.),(0.809017801437558,-0.587784141464484,
0.),(0.,0.,1.),(0.596672576189664,-0.379449767250116,0.707106576802268),
(0.,0.,1.),(0.615784513497448,-0.348527922168657,0.706638323617896),(-0.773726994160869,
-0.633519169802135,0.),(0.,0.,-1.),(-0.773726994160869,-0.633519169802135,
0.),(0.,0.,1.),(0.,0.,1.),(0.554454033396518,0.438838428047981,0.70710788350768),
(0.,0.,1.),(0.576736277594664,0.409920780051408,0.70664009240086),(-0.773725152781591,
0.633521418701138,0.),(0.,0.,1.),(-0.773725152781591,0.633521418701138,
0.),(0.,0.,-1.),(0.,0.,1.),(0.554456618161193,-0.438837487642288,0.707106440373059),
(0.,0.,1.),(0.576736976482296,-0.409920593875701,0.706639629991591),(-0.725995694838885,
-0.687699244637802,0.),(0.,0.,-1.),(0.,0.,-1.),(0.707106781186567,0.707106781186528,
0.),(-0.725995694838885,-0.687699244637802,0.),(0.,0.,1.),(0.,0.,1.),(0.531439192476294,
0.467153310735893,0.706640056159173),(-0.725995694838946,0.687699244637739,
0.),(0.,0.,1.),(-0.725995694838946,0.687699244637739,0.),(0.,0.,-1.),(0.,
0.,-1.),(0.707109395442972,-0.707104166920457,0.),(0.,0.,1.),(0.531386428546744,
-0.467211782125431,0.706641078765957),(-0.674481922313702,-0.738291362858874,
0.),(0.,0.,1.),(-0.674481922313702,-0.738291362858874,0.),(0.,0.,-1.),(0.,
0.,1.),(0.506356839790828,0.493560012752569,0.707107675399391),(-0.6744819223137,
0.738291362858875,0.),(0.,0.,-1.),(-0.6744819223137,0.738291362858875,0.),
(0.,0.,1.),(0.,0.,1.),(0.506303902244352,-0.49361664964718,0.707106047041909),
(0.707572751872556,0.,0.706640503231663),(0.999999999998813,-1.54057668814247E-6,
0.),(0.706167785433878,0.0364006055614553,0.707108234098693),(0.,0.,1.),
(0.,0.,1.),(0.707573234779898,1.00517665606449E-5,0.706640019615415),(0.998174765915026,
0.0603915283004836,0.),(0.706167836685821,-0.0364017478892089,0.707108124109092),
(0.,0.,1.),(0.707573234723705,-1.00522817181822E-5,0.706640019671674),(0.998174668600195,
-0.0603931367364189,0.),(0.,0.,1.),(0.,0.,1.),(0.69868283605483,0.108809775168822,
0.707108709768229),(0.703823710825705,0.072743433169714,0.706640344878651),
(0.998176212054871,0.060367621186961,0.),(0.,0.,1.),(0.703826083653806,
0.0727599947854577,0.706636276402058),(0.992794079699714,0.11983286407826,
0.),(0.703824004445711,0.0727501901872966,0.706639356810612),(0.,0.,1.),
(0.983618068309999,0.180265070643465,0.),(0.698682836054817,-0.108809775168852,
0.707108709768237),(0.,0.,1.),(0.,0.,1.),(0.703823686874707,-0.0727426467894402,
0.706640449685808),(0.998176289206207,-0.0603663454790753,0.),(0.703826573970765,
-0.0727623605378829,0.706635544436826),(0.992793420014945,-0.119838329323422,
0.),(0.703824330858877,-0.0727524230051945,0.706638801820228),(0.983616746186526,
-0.180272284673568,0.),(0.,0.,1.),(0.,0.,1.),(0.683785378119131,0.180079362324006,
0.707113130931293),(0.692614637342963,0.144735776258579,0.706637473680176),
(0.983620142573102,0.18025375203989,0.),(0.,0.,1.),(0.692606962430271,0.144736062171533,
0.706644937645627),(0.971276286991518,0.237954563578787,0.),(0.683785209241975,
-0.180078998634465,0.707113386857241),(0.,0.,1.),(0.,0.,1.),(0.692614637342939,
-0.144735776258609,0.706637473680194),(0.983620164328074,-0.180253633325953,
0.),(0.692606962430256,-0.144736062171527,0.706644937645642),(0.971276286991511,
-0.237954563578815,0.),(-0.619447141376638,-0.785038367877846,0.),(0.,0.,
1.),(-0.619447141376638,-0.785038367877846,0.),(0.,0.,-1.),(0.,0.,1.),(0.480615340164856,
0.519294970617687,0.706641088735573),(-0.619450183703649,0.785035967271255,
0.),(0.,0.,-1.),(-0.619450183703649,0.785035967271255,0.),(0.,0.,1.),(0.,
0.,1.),(0.480616364822082,-0.519295960600701,0.706639664304943),(0.661590162754073,
0.249562763775786,0.707118719511533),(0.,0.,1.),(0.,0.,1.),(0.661584642828789,
-0.249474541411527,0.707155013812822),(0.632499280114183,0.316137113028302,
0.707108185797032),(0.,0.,1.),(0.6483058593137,0.283456045306232,0.706648557034454),
(0.934280222393664,0.356539571498096,0.),(0.648371430427763,0.283328793880209,
0.706639429103303),(0.,0.,1.),(0.911913589386796,0.410382267516111,0.),
(0.632499025210228,-0.31613697855444,0.707108473926442),(0.,0.,1.),(0.64829292230142,
-0.283380933914815,0.70669054980766),(0.934337144982106,-0.356390375160002,
0.),(0.64836531606076,-0.283344819838025,0.706638613437157),(0.911902939570414,
-0.410405931734454,0.),(0.,0.,1.),(0.,0.,1.),(-0.561183595464682,-0.82769135079529,
0.),(-0.561183595464682,-0.82769135079529,0.),(0.,0.,-1.),(0.,0.,-1.),(0.58778208622106,
0.80901929465101,0.),(0.,0.,1.),(0.394735092874866,0.586671252618348,0.707107522095677),
(0.,0.,1.),(0.452961974407145,0.542973127339644,0.707110764115628),(0.,
0.,1.),(0.424714446420839,0.565929346373957,0.706641078564065),(-0.561186803089179,
0.827689175982474,0.),(0.,0.,-1.),(0.,0.,-1.),(0.587785077261467,-0.809017121542388,
0.),(-0.561186803089179,0.827689175982474,0.),(0.,0.,1.),(0.,0.,1.),(0.394734929640978,
-0.586671362448674,0.707107522095437),(0.,0.,1.),(0.452963169434027,-0.542974455758463,
0.707108978538727),(0.,0.,1.),(0.424716769875057,-0.565929048934432,0.706639920298214),
(0.999999999999958,0.,0.),(0.,0.,1.),(0.,0.,1.),(0.992708790191301,-0.120537371287259,
0.),(0.992708907620641,0.120536404171601,0.),(0.,0.,1.),(0.,0.,1.),(0.999999999999927,
0.,0.),(0.596637264221691,0.379503542151541,0.707107514057438),(0.,0.,1.),
(0.615795988240885,0.348507053264695,0.706638616756253),(0.88487797345239,
0.465822897782829,0.),(0.615790260859542,0.348517425374474,0.706638492328917),
(0.,0.,1.),(0.855778198641978,0.517342898597331,0.),(0.596637264221649,
-0.379503542151583,0.707107514057451),(0.,0.,1.),(0.615795988240558,-0.348507053264846,
0.706638616756463),(0.884877973452412,-0.465822897782787,0.),(0.615790260859517,
-0.348517425374459,0.706638492328946),(0.855778229146932,-0.517342848136631,
0.),(0.,0.,1.),(0.,0.,1.),(0.970941561228022,0.239316703721417,0.),(0.,
0.,1.),(0.987687957950141,0.156436880946535,0.),(0.970941704059676,-0.23931612423248,
0.),(0.,0.,1.),(0.,0.,1.),(0.987688075828448,-0.156436136702161,0.),(0.554454697282125,
0.438837210771019,0.707108118398098),(0.,0.,1.),(0.576689549503153,0.409988530195218,
0.70663892378089),(0.855779909164476,0.517340069074916,0.),(0.,0.,1.),(0.576690348322178,
0.409987318150943,0.706638975083771),(0.822665826085527,0.568525231270362,
0.),(0.576690793013626,0.409986153647726,0.706639287805638),(0.,0.,1.),
(0.787180149024575,0.616723125058275,0.),(0.554451934173366,-0.438836473032602,
0.707110742831503),(0.,0.,1.),(0.,0.,1.),(0.576697224134893,-0.409975803437448,
0.70664004434431),(0.855789517354279,-0.517324174948852,0.),(0.576692849753008,
-0.409985525109886,0.706637973961296),(0.822668343049724,-0.568521589162471,
0.),(0.576690772151112,-0.409986199868863,0.706639278014492),(0.787171667912726,
-0.616733950123933,0.),(0.,0.,1.),(0.954715813411962,0.297519269327438,
0.),(0.692301442409792,0.144645799652625,0.706962732737854),(0.,0.,1.),
(0.,0.,1.),(0.954678831254337,0.297637916191554,0.),(0.647820247009901,
0.283469501675655,0.707088374380308),(0.935016937128865,0.354603055940237,
0.),(0.,0.,1.),(0.,0.,1.),(0.951056990633459,0.30901553450794,0.),(0.954715806027077,
-0.297519293024955,0.),(0.,0.,1.),(0.692301442409575,-0.144645799652579,
0.706962732738076),(0.935016800345552,-0.354603416610114,0.),(0.,0.,1.),
(0.,0.,1.),(0.951057341369946,-0.309014455044308,0.),(0.,0.,1.),(0.954737285653863,
-0.297450357845293,0.),(0.646312152387022,-0.28280959820151,0.708730790104363),
(-0.500002850586082,-0.866023757991542,0.),(0.,0.,1.),(-0.500002850586082,
-0.866023757991542,0.),(0.,0.,-1.),(0.,0.,-1.),(-0.49999917569429,0.866025879697039,
0.),(-0.49999917569429,0.866025879697039,0.),(0.,0.,1.),(0.,0.,1.),(0.911910384276661,
0.410389389541653,0.),(0.615657006882536,0.348432115211542,0.706796654608415),
(0.885456607978451,0.464722062514021,0.),(0.,0.,1.),(0.,0.,1.),(0.891007071566503,
0.453989425447866,0.),(0.885456789830559,-0.464721716022567,0.),(0.,0.,
1.),(0.,0.,1.),(0.891005918241762,-0.45399168897476,0.),(0.,0.,1.),(0.911910313623745,
-0.410389546536739,0.),(0.615657006877552,-0.348432115209737,0.706796654613646),
(0.822983549115294,0.568065205663551,0.),(0.,0.,1.),(0.,0.,1.),(0.822983272302529,
-0.568065606695334,0.),(0.506390520810903,0.493525151688414,0.707107887867043),
(0.,0.,1.),(0.531489165547377,0.467101545028624,0.7066366913327),(0.787192509539546,
0.616707347876468,0.),(0.,0.,1.),(0.531489259269374,0.467102509232345,0.706635983480985),
(0.748625000489699,0.662993671645362,0.),(0.531470818775235,0.467118595167638,
0.706639219714695),(0.,0.,1.),(0.707106781186567,0.707106781186528,0.),
(0.506393043780717,-0.493521346538173,0.707108736844376),(0.,0.,1.),(0.,
0.,1.),(0.531479448000409,-0.46710687091347,0.706640479663179),(0.787192472241431,
-0.61670739548541,0.),(0.531488085764948,-0.467101496891702,0.706637535297583),
(0.748625000489337,-0.662993671645771,0.),(0.531476676580181,-0.467110948086036,
0.706639868978145),(0.707106781186283,-0.707106781186812,0.),(0.,0.,1.),
(0.,0.,1.),(-0.436206969256504,-0.899846364649019,0.),(-0.436206969256504,
-0.899846364649019,0.),(0.,0.,-1.),(0.,0.,-1.),(0.453989425447856,0.891007071566509,
0.),(0.,0.,1.),(0.332376312654347,0.624117750680985,0.707108916696153),
(0.,0.,1.),(0.364309770571624,0.60658225450488,0.706637360734505),(-0.436205128100963,
0.899847257160026,0.),(0.,0.,-1.),(0.,0.,-1.),(0.453989425447856,-0.891007071566509,
0.),(-0.436205128100963,0.899847257160026,0.),(0.,0.,1.),(0.,0.,1.),(0.33237631265438,
-0.624117750681031,0.707108916696097),(0.,0.,1.),(0.364307163771248,-0.606583870834066,
0.706637317206579),(0.748511869107908,0.66312139296253,0.),(0.,0.,1.),(0.,
0.,1.),(0.809019294651011,0.58778208622106,0.),(0.748509925916605,-0.663123586373061,
0.),(0.,0.,1.),(0.,0.,1.),(0.809017801437558,-0.587784141464484,0.),(0.452957335037727,
0.54297650086025,0.707111145541547),(0.,0.,1.),(0.480642271705549,0.519273073259093,
0.706638862530066),(0.707106781186567,0.707106781186528,0.),(0.,0.,1.),
(0.480628511683099,0.519282829051504,0.706641052592867),(0.663764677590268,
0.747941476843936,0.),(0.480617247999722,0.51929144575431,0.7066423814714),
(0.,0.,1.),(0.616708603820993,0.787191525597903,0.),(0.452972629331985,
-0.54296583734243,0.707109536461716),(0.,0.,1.),(0.,0.,1.),(0.480635498193452,
-0.519277409823269,0.706640282975411),(0.707106781186283,-0.707106781186812,
0.),(0.480628511683309,-0.519282829051346,0.706641052592841),(0.66376467759064,
-0.747941476843606,0.),(0.480631235453692,-0.519280034016575,0.706641253945736),
(0.616712929840545,-0.787188136449911,0.),(0.,0.,1.),(0.,0.,1.),(0.39473652264567,
0.586672011735255,0.70710609411609),(0.424700872880574,0.565937595494331,
0.706642630033438),(0.616720911234568,0.787181883458961,0.),(0.,0.,1.),
(0.424698025552476,0.565944787046624,0.706638581671409),(0.569369507900432,
0.82208172554389,0.),(0.39474346816454,-0.586647869019191,0.707122246939433),
(0.,0.,1.),(0.,0.,1.),(0.424692031778861,-0.565950208600974,0.706637841845494),
(0.616711337857532,-0.787189383666958,0.),(0.424708884554304,-0.565913345749591,
0.706657235499038),(0.569354616138031,-0.822092039301145,0.),(0.663121433700604,
0.748511833017256,0.),(0.,0.,1.),(0.,0.,1.),(0.707106781186567,0.707106781186528,
0.),(0.663121527492537,-0.748511749925108,0.),(0.,0.,1.),(0.,0.,1.),(0.707109395442972,
-0.707104166920457,0.),(-0.370138987747449,-0.928976388154884,0.),(0.,0.,
1.),(-0.370138987747449,-0.928976388154884,0.),(0.,0.,-1.),(0.,0.,1.),(0.299961427367196,
0.640846397110427,0.706639255492092),(-0.370138928112488,0.928976411915684,
0.),(0.,0.,-1.),(-0.370138928112488,0.928976411915684,0.),(0.,0.,1.),(0.,
0.,1.),(0.29996142736957,-0.640846397109382,0.706639255492032),(0.56806516445721,
0.822983577558021,0.),(0.,0.,1.),(0.,0.,1.),(0.58778208622106,0.80901929465101,
0.),(0.56806501812714,-0.822983678562466,0.),(0.,0.,1.),(0.,0.,1.),(0.587785077261467,
-0.809017121542388,0.),(-0.302139859665524,-0.953263607404215,0.),(0.,0.,
1.),(-0.302139859665524,-0.953263607404215,0.),(0.,0.,-1.),(0.,0.,-1.),
(0.30901553450794,0.95105699063346,0.),(0.,0.,1.),(0.232394484021217,0.668324316356861,
0.706636690218281),(0.,0.,1.),(0.266327278123956,0.655031881762007,0.707108912970561),
(-0.302139909603518,0.953263591576211,0.),(0.,0.,-1.),(0.,0.,-1.),(0.30901553450794,
-0.95105699063346,0.),(-0.302139909603518,0.953263591576211,0.),(0.,0.,
1.),(0.,0.,1.),(0.232502058161757,-0.668282793610601,0.706640573923234),
(0.,0.,1.),(0.266430052715026,-0.654990084983654,0.707108913522785),(0.517340628369454,
0.855779571056877,0.),(0.424742613657568,0.566026224500216,0.706546548587826),
(0.,0.,1.),(0.,0.,1.),(0.464722114806126,0.885456580533524,0.),(0.,0.,1.),
(0.453989425447856,0.891007071566509,0.),(0.517340581759285,-0.855779599233918,
0.),(0.,0.,1.),(0.424519926281725,-0.565559829829682,0.707053683303312),
(0.517395379234502,-0.855746470367705,0.),(0.299773189348872,-0.640505994671809,
0.707027655567363),(0.,0.,1.),(0.,0.,1.),(0.464726046919174,-0.885454516796242,
0.),(0.,0.,1.),(0.453989425447856,-0.891007071566509,0.),(0.,0.,1.),(0.2997731893704,
0.640505994701888,0.707027655530986),(0.517395332713507,0.855746498494894,
0.),(0.332327670535356,0.624138243987837,0.707113690850575),(0.,0.,1.),
(0.,0.,1.),(0.332324609228485,-0.624139911335964,0.707113657892895),(-0.232567126009992,
-0.97258034727186,0.),(0.,0.,1.),(-0.232567126009992,-0.97258034727186,
0.),(0.,0.,-1.),(0.,0.,1.),(0.19762809782953,0.678927974858318,0.707106738691596),
(-0.232567086798751,0.972580356648201,0.),(0.,0.,-1.),(0.,0.,1.),(0.197624247005395,
-0.678926770430804,0.707108971367178),(-0.232567086798751,0.972580356648201,
0.),(0.,0.,1.),(0.299960448671574,0.640841282991797,0.706644308861379),
(0.463167534947701,0.886270745636157,0.),(0.299960448669305,-0.640841282991336,
0.70664430886276),(0.463167534948866,-0.886270745635549,0.),(0.410406004599456,
0.911902906777201,0.),(0.299947739217462,0.640852355482655,0.7066396622117),
(0.,0.,1.),(0.,0.,1.),(0.35460309783008,0.935016921242209,0.),(0.410411325565146,
-0.911900512033993,0.),(0.,0.,1.),(0.299947739217928,-0.640852355482607,
0.706639662211547),(0.410419655267821,-0.911896763109641,0.),(0.232480424505625,
-0.668290736244093,0.706640180057724),(0.,0.,1.),(0.,0.,1.),(0.35460281365935,
-0.935017029013307,0.),(0.266368559857144,0.655015856541011,0.707108208126222),
(0.,0.,1.),(0.,0.,1.),(0.23245305517541,0.668301912489265,0.706638614075687),
(0.410414443580417,0.911899108728906,0.),(0.266397176759853,-0.65500334997864,
0.707109012621914),(0.,0.,1.),(0.23248384727019,0.668288833478603,0.706640853479516),
(0.353593498039475,0.935399186521031,0.),(0.232476569126511,0.668294052824943,
0.70663831184417),(0.,0.,1.),(0.297510789686407,0.954718455891634,0.),(0.197616456781427,
0.678928993058149,0.707109014504979),(0.,0.,1.),(0.232470776417332,-0.668294639764729,
0.706639662468541),(0.353575097819825,-0.935406141845189,0.),(0.232465697189506,
-0.668297489344545,0.706638638460971),(0.29749910827735,-0.954722095991384,
0.),(0.,0.,1.),(0.,0.,1.),(0.197628360166321,-0.678928341235873,0.707106313594128),
(-0.161784413167852,-0.986826126354554,0.),(0.,0.,1.),(-0.161784413167852,
-0.986826126354554,0.),(0.,0.,-1.),(0.,0.,-1.),(0.156436880946554,0.987687957950138,
0.),(0.,0.,1.),(0.16244597592584,0.688672927941134,0.706640575700609),(-0.161782089958676,
0.9868265072284,0.),(0.,0.,-1.),(0.,0.,-1.),(0.156436880946545,-0.987687957950139,
0.),(0.,0.,1.),(0.162560607911554,-0.688648615718173,0.706637907860079),
(-0.161782089958676,0.9868265072284,0.),(0.,0.,1.),(0.,0.,1.),(0.30901553450794,
0.95105699063346,0.),(0.239316514859437,0.970941607778511,0.),(0.,0.,1.),
(0.,0.,1.),(0.30901553450794,-0.95105699063346,0.),(0.297491448317104,-0.954724482863088,
0.),(0.162524031254049,-0.688657510926608,0.706637652484851),(0.,0.,1.),
(0.,0.,1.),(0.239312231162683,-0.970942663608893,0.),(0.,0.,1.),(0.162519131009933,
0.688655289372776,0.706640944521809),(0.297514121975585,0.954717417472324,
0.),(-0.0901510079244408,-0.995928107731782,0.),(0.,0.,1.),(-0.0901510079244408,
-0.995928107731782,0.),(0.,0.,-1.),(0.,0.,1.),(0.126698799909181,0.695662083094933,
0.707107969298602),(0.,0.,1.),(0.0908937682477556,0.701712136700033,0.706638804554065),
(-0.090153396067057,0.995927891555195,0.),(0.,0.,-1.),(0.,0.,1.),(0.126807966823996,
-0.695642190430701,0.707107970852218),(0.,0.,1.),(0.0908914803905089,-0.701713576482795,
0.706637669086602),(-0.090153396067057,0.995927891555195,0.),(0.,0.,1.),
(0.238943873022885,0.971033380242319,0.),(0.162533957475647,0.688656122987089,
0.706636722043014),(0.23893645226307,-0.971035206251523,0.),(0.162520134673962,
-0.688656725225825,0.70663931437955),(0.180249695921451,0.983620885870273,
0.),(0.1625136348456,0.688656828328047,0.706640708766786),(0.,0.,1.),(0.,
0.,1.),(0.156436880946554,0.987687957950138,0.),(0.120536558797779,0.992708888845653,
0.),(0.,0.,1.),(0.,0.,1.),(0.180264435833389,-0.983618184649728,0.),(0.162531082278263,
-0.688657087607503,0.706636443287075),(0.,0.,1.),(0.156436880946545,-0.987687957950139,
0.),(0.180248622511759,-0.98362108257325,0.),(0.0908458151771184,-0.701717028939798,
0.706640112900978),(0.,0.,1.),(0.,0.,1.),(0.120536452898346,-0.992708901704162,
0.),(0.126773846869171,0.695648863748259,0.707107523730124),(0.,0.,1.),
(0.,0.,1.),(0.0908603374226484,0.701718143619302,0.706637138847742),(0.180256378019986,
0.983619661344318,0.),(0.126765240796715,-0.695649548061761,0.707108393393275),
(0.,0.,1.),(0.,0.,1.),(-0.0180512446915089,-0.999837063008312,0.),(0.,0.,
-1.),(0.,0.999999999999927,0.),(-0.0180512446915089,-0.999837063008312,
0.),(0.,0.,-1.),(0.,0.,1.),(0.0545222679681161,0.704998241016164,0.707110177030233),
(0.,0.,1.),(0.0181284831272594,0.707343553872077,0.706637428173122),(-0.0180536422075305,
0.999837019720235,0.),(0.,0.,-1.),(0.,0.,-1.),(0.,-0.999999999999927,0.),
(0.,0.,1.),(0.0546395436402432,-0.704991487685783,0.707107857799199),(0.,
0.,1.),(0.0182467274864335,-0.707338355273518,0.70663958854213),(0.,0.,
1.),(-0.0180536422075305,0.999837019720235,0.),(0.120843905375094,0.992671521971742,
0.),(0.0908468127716448,0.701717345909574,0.706639669887601),(0.120843905374254,
-0.992671521971845,0.),(0.0908468127711244,-0.701717345909568,0.706639669887673),
(0.0603735484566526,0.998175853568271,0.),(0.0908423425052861,0.701717297732542,
0.706640292419765),(0.,0.,1.),(0.,0.,1.),(0.,0.999999999999927,0.),(0.,
0.999999999999998,0.),(0.,0.,1.),(0.,0.,1.),(0.0603735156968713,-0.998175855549712,
0.),(0.0908582073477947,-0.70171660833389,0.706638937326501),(0.,0.,1.),
(0.,-0.999999999999927,0.),(0.060382444811955,-0.998175315442398,0.),(0.0182190491851169,
-0.707337685483426,0.706640973155208),(0.,0.,1.),(0.,0.,1.),(0.,-0.999999999999995,
0.),(0.0545685553155446,0.704995977566062,0.707108863179105),(0.,0.,1.),
(0.,0.,1.),(0.0182266267401538,0.707338662062009,0.706639800202339),(0.0603824117016137,
0.998175317445332,0.),(0.0545779023375517,-0.704996180325508,0.707107939640672),
(0.,0.,1.),(0.,0.,1.),(-0.0182081047775735,0.706871352166296,0.707107740310485),
(0.0182148844155445,0.707341965704757,0.706636796054847),(0.0010252522409239,
0.999999474428783,0.),(0.0182178061722218,0.707340813408162,0.706637874179803),
(0.,0.,1.),(-0.0603823017491133,0.998175324096658,0.),(-0.0182043060540573,
0.706871686388138,0.707107504007616),(0.,0.,1.),(0.,0.,1.),(-0.0182081138420733,
-0.70687135193287,0.707107740310422),(0.0182150167259926,-0.707339576708726,
0.706639184016279),(0.00102525224180287,-0.999999474428782,0.),(0.0182178972660489,
-0.707338443678122,0.70664024391073),(-0.0603821985832517,-0.998175330337436,
0.),(0.,0.,1.),(0.,0.,1.),(-0.0182042654823298,-0.706870006535578,0.707109184340467),
(0.0541398841887156,-0.998533360954972,0.),(0.,0.,1.),(0.,0.,-1.),(0.0541398841887156,
-0.998533360954972,0.),(0.0541398841887156,0.998533360954972,0.),(0.,0.,
-1.),(0.,0.,1.),(0.0541398841887156,0.998533360954972,0.),(0.,0.,1.),(-0.120537425783031,
0.992708783574307,0.),(-0.156436136702179,0.987688075828446,0.),(0.,0.,
-1.),(-0.156436136702179,0.987688075828446,0.),(0.,0.,1.),(0.,0.,1.),(-0.15643613670217,
-0.987688075828447,0.),(-0.15643613670217,-0.987688075828447,0.),(0.,0.,
-1.),(0.,0.,1.),(-0.120537421692504,-0.992708784070996,0.),(-0.0603835161438195,
-0.998175250633929,0.),(-0.054611878325258,-0.705463209812458,0.706639372202604),
(0.,0.,1.),(0.,0.,1.),(-0.0546120224004684,0.705465529145748,0.706637045587365),
(-0.0603834107006502,0.998175257012586,0.),(-0.0546061757827635,0.705464748011107,
0.706638277253651),(0.,0.,1.),(0.,0.,1.),(-0.0546025352766643,-0.70546471704578,
0.706638589481835),(0.126047302826192,-0.992024232289838,0.),(0.,0.,1.),
(0.,0.,-1.),(0.126047302826192,-0.992024232289838,0.),(0.126049653724442,
0.992023933580208,0.),(0.,0.,-1.),(0.,0.,1.),(0.126049653724442,0.992023933580208,
0.),(-0.118884828843102,0.992908050864201,0.),(-0.0546413106906867,0.705453670453604,
0.706646620319904),(-0.11888482884677,-0.992908050863762,0.),(-0.0545855652349482,
-0.705435636379937,0.706668931673959),(-0.309014455044311,0.951057341369944,
0.),(0.,0.,-1.),(0.,0.,-1.),(0.197300846215408,-0.980342989000627,0.),(0.,
0.,1.),(-0.239316111114706,0.970941707292935,0.),(-0.309014455044311,0.951057341369944,
0.),(0.,0.,1.),(0.,0.,1.),(-0.309014455044311,-0.951057341369944,0.),(0.,
0.,-1.),(0.197303169431252,0.980342521434413,0.),(-0.309014455044311,-0.951057341369944,
0.),(0.,0.,-1.),(0.,0.,1.),(-0.239311745256263,-0.97094278337212,0.),(-0.180320515720205,
0.983607905422887,0.),(-0.0546093120531197,0.705130766155496,0.706971304692098),
(0.,0.,1.),(0.,0.,1.),(-0.0908169961235324,0.701242564718103,0.707114657352452),
(-0.180320433566601,-0.983607920483736,0.),(0.,0.,1.),(-0.0543485516802475,
-0.704234754194572,0.707883921215032),(-0.18026110419968,-0.98361879522135,
0.),(-0.197805381278609,-0.67961152282834,0.706400176370425),(0.,0.,1.),
(0.,0.,1.),(-0.0907642776639141,-0.701229384287564,0.707134496762696),(0.,
0.,1.),(-0.197805381284508,0.679611522846695,0.706400176351115),(-0.180261021993314,
0.983618810286752,0.),(-0.0907847706897153,0.7012535161802,0.70710793479901),
(0.,0.,1.),(0.,0.,1.),(-0.126806806139891,0.696119541105886,0.706638251446333),
(0.,0.,1.),(-0.162413745715298,0.688205482332723,0.707103238070588),(-0.0907881104823996,
-0.701253083790221,0.707107934808924),(0.,0.,1.),(0.,0.,1.),(-0.126810277481181,
-0.696118959494871,0.706638201455967),(0.,0.,1.),(-0.16241648927264,-0.688203781053712,
0.707104263709197),(0.,0.,1.),(0.197300846215408,-0.980342989000627,0.),
(0.,0.,1.),(0.197303169431252,0.980342521434413,0.),(-0.197761426329897,
0.679382372134328,0.706632868390014),(-0.240933042084602,0.970541740077087,
0.),(-0.197834531271269,0.67935617642934,0.70663759012947),(0.,0.,1.),(0.,
0.,1.),(-0.162445152549238,0.688191864060074,0.707109277732074),(-0.197760870013478,
-0.679380258717672,0.706635055991578),(-0.240933042081555,-0.970541740077843,
0.),(-0.197722846537664,-0.679385947573589,0.706640226845726),(0.,0.,1.),
(0.,0.,1.),(-0.162335384683137,-0.688217767181259,0.707109275724637),(-0.453991688974752,
0.891005918241766,0.),(0.,0.,-1.),(0.,0.,-1.),(0.26752612304777,-0.963550607641877,
0.),(0.,0.,-1.),(0.403436122899334,-0.915007811299966,0.),(0.,0.,-1.),(0.33635871387102,
-0.941733940984944,0.),(0.,0.,1.),(-0.354603473474629,0.935016778779786,
0.),(-0.453991688974752,0.891005918241766,0.),(0.,0.,1.),(0.,0.,1.),(-0.453991688974752,
-0.891005918241766,0.),(0.,0.,-1.),(0.26752612304777,0.963550607641877,
0.),(-0.453991688974752,-0.891005918241766,0.),(0.,0.,-1.),(0.,0.,-1.),
(0.403436122899342,0.915007811299962,0.),(0.,0.,-1.),(0.336358713871027,
0.941733940984941,0.),(0.,0.,1.),(-0.354603141195785,-0.935016904795883,
0.),(-0.297499402179908,0.954722004408907,0.),(-0.197760183776562,0.679376859778165,
0.706638515869762),(0.,0.,1.),(0.,0.,1.),(-0.29749924347627,-0.954722053862297,
0.),(-0.197753159126779,-0.679375818271116,0.706641483075987),(-0.297482748788527,
-0.954727193586324,0.),(-0.266556313397079,-0.655446090192382,0.70663863087131),
(0.,0.,1.),(0.,0.,1.),(-0.232297799133322,0.667858937840444,0.707108316783538),
(0.,0.,1.),(-0.266562555097762,0.65544397309,0.706638240091596),(-0.297526542425112,
0.95471354685713,0.),(-0.232318474319753,-0.667851493304787,0.707108555584154),
(0.,0.,1.),(0.,0.,1.),(0.26752612304777,-0.963550607641877,0.),(0.,0.,1.),
(0.26752612304777,0.963550607641877,0.),(-0.232289877003572,0.667861398280293,
0.707108595428422),(0.,0.,1.),(0.,0.,1.),(-0.232293735159721,-0.667862381656937,
0.707106399188318),(-0.266538108413366,0.655452500612254,0.7066395518258),
(0.,0.,1.),(0.,0.,1.),(-0.266539461762174,-0.655453499622009,0.706638114707091),
(-0.355516872363055,0.934669863355608,0.),(-0.266578979821963,0.655437786416394,
0.706637782498685),(-0.35547564146813,-0.9346855451556,0.),(-0.266552210503916,
-0.65544808114444,0.706638331821553),(-0.58778414146448,0.809017801437561,
0.),(0.,0.,-1.),(0.,0.,-1.),(0.530942594516479,-0.847407789277459,0.),(0.,
0.,-1.),(0.46841158102759,-0.883510379542444,0.),(0.,0.,1.),(-0.464721663638977,
0.885456817323476,0.),(-0.58778414146448,0.809017801437561,0.),(0.,0.,1.),
(0.,0.,1.),(-0.568065564628583,0.822983301339217,0.),(-0.587787132499367,
-0.80901562832134,0.),(0.,0.,1.),(-0.587787132499367,-0.80901562832134,
0.),(0.,0.,-1.),(0.,0.,-1.),(0.530939069806057,0.847409997671422,0.),(0.,
0.,-1.),(0.468407906152596,0.883512327844802,0.),(0.,0.,1.),(-0.464725653377168,
-0.88545472334453,0.),(0.,0.,1.),(-0.56806546790361,-0.82298336810378,0.),
(-0.410412224629844,0.911900107399039,0.),(-0.266558434739079,0.655443415707822,
0.706640311385301),(0.,0.,1.),(0.,0.,1.),(-0.410412254980086,-0.911900093739529,
0.),(-0.266568826260656,-0.655443334825075,0.706636466437588),(-0.410431831512454,
-0.911891282819028,0.),(-0.332548331187947,-0.624559193046541,0.706638112335561),
(0.,0.,1.),(0.,0.,1.),(-0.299753478541087,0.640424081745665,0.707110208965151),
(0.,0.,1.),(-0.332549744602609,0.624555299719822,0.706640888256987),(-0.410406773760829,
0.911902560612275,0.),(-0.299751810665186,-0.640430767454472,0.70710486075307),
(0.,0.,1.),(0.,0.,1.),(0.33635871387102,-0.941733940984944,0.),(0.,0.,1.),
(0.336358713871027,0.941733940984941,0.),(-0.299753052111039,0.640427578042326,
0.707107223151452),(0.,0.,1.),(0.,0.,1.),(0.403436122899334,-0.915007811299966,
0.),(-0.299753052111046,-0.640427578042327,0.707107223151448),(0.,0.,1.),
(0.,0.,1.),(0.403436122899342,0.915007811299962,0.),(-0.332523074626555,
0.624571682994593,0.706638958480358),(0.,0.,1.),(0.,0.,1.),(-0.332522886883417,
-0.624573184795382,0.706637719438519),(-0.46492927235393,0.885347825268942,
0.),(-0.332543029518048,0.62456134063551,0.706638709173601),(-0.464953013962925,
-0.885335357255539,0.),(-0.332560509438442,-0.624547587190171,0.706642638748172),
(-0.707104166920457,0.707109395442972,0.),(0.,0.,-1.),(0.,0.,-1.),(0.647385486613013,
-0.762162733097619,0.),(0.,0.,-1.),(0.590701525454906,-0.806890146070236,
0.),(-0.707104166920457,0.707109395442972,0.),(0.,0.,1.),(0.,0.,1.),(-0.663123646352551,
0.748509872779304,0.),(-0.707106781186547,-0.707106781186547,0.),(0.,0.,
1.),(-0.707106781186547,-0.707106781186547,0.),(0.,0.,-1.),(0.,0.,-1.),
(0.647388189178099,0.762160437514768,0.),(0.,0.,-1.),(0.590701525454982,
0.806890146070181,0.),(0.,0.,1.),(-0.66312365089257,-0.748509868757132,
0.),(-0.517338472167539,0.855780874532352,0.),(-0.332549349457129,0.624556753303356,
0.706639789481749),(0.,0.,1.),(0.,0.,1.),(-0.517338453665593,-0.855780885717187,
0.),(-0.332540980529871,-0.624562467790587,0.706638677186272),(-0.517336262491522,
-0.855782210326495,0.),(-0.395000583747608,-0.587058546569409,0.706637673591538),
(0.,0.,1.),(0.,0.,1.),(-0.36401151669102,0.606211689415713,0.707108904859818),
(0.,0.,1.),(-0.394993116729299,0.58706234946223,0.70663868814293),(-0.517336243955061,
0.855782221532131,0.),(0.,0.,1.),(-0.364010854064211,-0.606214188430651,
0.707107103534402),(0.,0.,1.),(0.46841158102759,-0.883510379542444,0.),
(0.,0.,1.),(0.468407906152596,0.883512327844802,0.),(-0.395048428265887,
0.587026487770325,0.706637560550448),(0.,0.,1.),(0.,0.,1.),(-0.364040960257626,
0.606192935254338,0.707109824922858),(-0.395047595241604,-0.587027560993004,
0.706637134693919),(0.,0.,1.),(0.,0.,1.),(-0.364042032677629,-0.606194616573164,
0.707107831438498),(-0.809017121542392,0.587785077261461,0.),(0.,0.,1.),
(-0.809017121542392,0.587785077261461,0.),(0.,0.,-1.),(0.,0.,-1.),(0.750350218377749,
-0.661040505400739,0.),(0.,0.,-1.),(0.70069307279795,-0.713462835565362,
0.),(0.,0.,1.),(-0.748511723430918,0.663121557398365,0.),(-0.809015628321341,
-0.587787132499364,0.),(0.,0.,-1.),(0.,0.,-1.),(0.7503482070234,0.661042788491613,
0.),(0.,0.,-1.),(0.700695602676631,0.713460350958364,0.),(-0.809015628321341,
-0.587787132499364,0.),(0.,0.,1.),(0.,0.,1.),(-0.748509900615155,-0.663123614932416,
0.),(-0.567684203446496,0.823246406100456,0.),(-0.395005457622895,0.587056632385749,
0.706636539403413),(-0.567684203446689,-0.823246406100323,0.),(-0.395005457623274,
-0.587056632385593,0.706636539403331),(-0.616725816736406,0.787178040198519,
0.),(-0.394994430992811,0.587060461857401,0.706639521685874),(0.,0.,1.),
(0.,0.,1.),(-0.616725654179644,-0.787178167555904,0.),(-0.394994430992668,
-0.587060461857399,0.706639521685956),(-0.616723078629048,-0.787180185399945,
0.),(-0.453272191949239,-0.543329508429244,0.706638072336587),(0.,0.,1.),
(0.,0.,1.),(-0.424407577606638,0.565574514749709,0.70710938074367),(0.,
0.,1.),(-0.453272191948939,0.543329508429425,0.706638072336641),(-0.616722913913605,
0.787180314447634,0.),(-0.424407457857882,-0.565574260405908,0.707109656051252),
(0.,0.,1.),(0.,0.,1.),(-0.424317108618053,0.565646213481069,0.7071063233408),
(-0.453168565588541,0.543412214514188,0.706640938722921),(0.,0.,1.),(0.,
0.,1.),(-0.424385834181865,-0.565592321375999,0.707108188148229),(-0.453241456585004,
-0.543353372657359,0.706639437375651),(0.,0.,1.),(0.,0.,1.),(0.530942594516479,
-0.847407789277459,0.),(0.,0.,1.),(0.530939069806057,0.847409997671422,
0.),(-0.891007071566507,0.45398942544786,0.),(0.,0.,1.),(-0.891007071566507,
0.45398942544786,0.),(0.,0.,-1.),(0.,0.,-1.),(0.837683722199093,-0.546155638589105,
0.),(0.,0.,-1.),(0.796095028191133,-0.605171633579564,0.),(0.,0.,1.),(-0.822983677046872,
0.56806502032283,0.),(-0.891005918241765,-0.453991688974754,0.),(0.,0.,
-1.),(0.,0.,-1.),(0.837685074562651,0.546153564352523,0.),(0.,0.,-1.),(0.796093186829092,
0.605174055858561,0.),(-0.891005918241765,-0.453991688974754,0.),(0.,0.,
1.),(0.,0.,1.),(-0.822983274455269,-0.568065603576596,0.),(-0.662242926090031,
0.749289201072398,0.),(-0.45327114935877,0.543329402251528,0.706638822743258),
(-0.662242926090363,-0.749289201072105,0.),(-0.453271149358943,-0.543329402251387,
0.706638822743255),(-0.70710391742955,0.707109644931915,0.),(-0.453252185094683,
0.543338215926542,0.70664421020812),(0.,0.,1.),(0.,0.,1.),(-0.707103809576411,
-0.707109752784196,0.),(-0.45325218509453,-0.543338215926557,0.706644210208206),
(-0.707122978123757,-0.707090583878323,0.),(-0.5067406597306,-0.493837828901031,
0.706638593994209),(0.,0.,1.),(0.,0.,1.),(-0.480309403296076,0.518939314229174,
0.707110221431371),(0.,0.,1.),(-0.506740659730937,0.493837828900697,0.706638593994201),
(-0.7071228676287,0.70709069437839,0.),(-0.480309403295985,-0.518939314229169,
0.707110221431436),(0.,0.,1.),(0.,0.,1.),(-0.480319648666063,0.518934303232977,
0.707106939602077),(-0.506696776000261,0.49388466619212,0.706637328260572),
(0.,0.,1.),(0.,0.,1.),(-0.48031964866604,-0.518934303232947,0.707106939602114),
(-0.506696776000234,-0.493884666192125,0.706637328260588),(0.,0.,1.),(0.,
0.,1.),(-0.951056990633459,0.30901553450794,0.),(-0.951056990633459,0.30901553450794,
0.),(0.,0.,-1.),(0.,0.,-1.),(0.935506958212893,-0.353308266440598,0.),(0.,
0.,-1.),(0.874911358652564,-0.484283093345953,0.),(0.,0.,-1.),(0.907576522466255,
-0.419886717899077,0.),(0.,0.,1.),(-0.93501706072462,0.35460273004292,0.),
(0.,0.,1.),(-0.885454521310224,0.464726038318579,0.),(-0.951057341369946,
-0.309014455044308,0.),(0.,0.,-1.),(0.,0.,-1.),(0.935506958212897,0.353308266440587,
0.),(0.,0.,-1.),(0.87491255781001,0.484280926928106,0.),(0.,0.,-1.),(0.907576522466278,
0.419886717899028,0.),(-0.951057341369946,-0.309014455044308,0.),(0.,0.,
1.),(0.,0.,1.),(-0.935016819422608,-0.354603366307806,0.),(0.,0.,1.),(-0.885454854329225,
-0.464725403808317,0.),(0.,0.,1.),(0.590701525454906,-0.806890146070236,
0.),(0.,0.,1.),(0.590701525454982,0.806890146070181,0.),(0.,0.,1.),(0.647385486613013,
-0.762162733097619,0.),(0.,0.,1.),(0.647388189178099,0.762160437514768,
0.),(-0.987687957950138,0.156436880946552,0.),(0.,0.,1.),(-0.987687957950138,
0.156436880946552,0.),(0.,0.,-1.),(0.,0.,-1.),(0.976621017970345,-0.214968340130745,
0.),(0.,0.,-1.),(0.958562955150912,-0.284880783859407,0.),(0.,0.,1.),(-0.970942654958056,
0.239312266261049,0.),(-0.987688075828446,-0.156436136702179,0.),(0.,0.,
-1.),(0.,0.,-1.),(0.976621017970345,0.214968340130744,0.),(0.,0.,-1.),(0.9585629551509,
0.284880783859447,0.),(-0.987688075828446,-0.156436136702179,0.),(0.,0.,
1.),(0.,0.,1.),(-0.970942784884919,-0.23931173911843,0.),(-0.747123240680802,
0.664685537103536,0.),(-0.506760410706641,0.493884675533732,0.706591687902834),
(-0.747123240680296,-0.664685537104105,0.),(-0.506760410706299,-0.493884675534107,
0.706591687902818),(-0.787037993582036,0.616904527993078,0.),(-0.508186479910003,
0.495076965256703,0.704730657846594),(0.,0.,1.),(0.,0.,1.),(-0.531145023345686,
0.466841631166132,0.707067079975625),(-0.787036158601599,-0.616906869027733,
0.),(0.,0.,1.),(-0.508186479910003,-0.495076965256703,0.704730657846594),
(-0.787191188077392,-0.616709034645405,0.),(-0.596921528880519,-0.379641220630352,
0.706793627558455),(0.,0.,1.),(0.,0.,1.),(-0.531143375395123,-0.466843542433679,
0.707067055986806),(0.,0.,1.),(-0.596921528880519,0.379641220630352,0.706793627558455),
(-0.787193168796663,0.616706506370631,0.),(0.,0.,1.),(-0.576310811983889,
0.409701644879905,0.707114142252275),(-0.55481762536841,0.439132585933623,
0.706639918594901),(0.,0.,1.),(0.,0.,1.),(-0.531093016130836,0.466837812639203,
0.707108665558057),(0.,0.,1.),(-0.576310280520407,-0.409703666778372,0.707113403914002),
(-0.554817656724497,-0.439133390981019,0.706639393688358),(0.,0.,1.),(0.,
0.,1.),(-0.53109301613075,-0.466837812639304,0.707108665558054),(-0.999999999999927,
0.,0.),(0.,0.,1.),(-0.999999999999927,0.,0.),(0.,0.,-1.),(0.,0.,-1.),(0.997392941136523,
-0.072161769456109,0.),(0.,0.,-1.),(0.989586486476121,-0.14393952127142,
0.),(0.,0.,1.),(-0.992708892373909,0.120536529740021,0.),(0.,0.,-1.),(0.997392903663276,
0.0721622873954126,0.),(0.,0.,-1.),(0.989586411729182,0.143940035156872,
0.),(0.,0.,1.),(-0.992708798497842,-0.12053730287738,0.),(0.,0.,-1.),(1.,
0.,0.),(0.,0.,1.),(-1.,0.,0.),(0.,0.,1.),(0.70069307279795,-0.713462835565362,
0.),(0.,0.,1.),(0.700695602676631,0.713460350958364,0.),(-0.597035071082289,
0.379735346816335,0.706647146938304),(-0.823840173889868,0.566822166014273,
0.),(-0.597018334056216,0.379775562529386,0.706639675440198),(0.,0.,1.),
(0.,0.,1.),(-0.576310320423031,0.409710419503891,0.70710945879959),(-0.597037965676422,
-0.379730081355453,0.706647530848824),(-0.823846646639622,-0.566812758166795,
0.),(-0.59701893051681,-0.379775339078453,0.706639291599619),(0.,0.,1.),
(0.,0.,1.),(-0.576311467780353,-0.409711130943088,0.707108111455519),(-0.855776912164582,
0.517345026656295,0.),(-0.59703380810488,0.379749256099998,0.706640739323232),
(0.,0.,1.),(0.,0.,1.),(-0.855782558659451,-0.517335686275585,0.),(-0.59703733524689,
-0.379740372699273,0.706642533154855),(-0.855791950294438,-0.517320150207971,
0.),(-0.63291928470808,-0.316348734194009,0.70663757147385),(0.,0.,1.),
(0.,0.,1.),(-0.615374649431235,0.348297477426311,0.707108837489571),(0.,
0.,1.),(-0.63291928470797,0.316348734194247,0.706637571473842),(-0.855791802028957,
0.517320395480381,0.),(0.,0.,1.),(-0.615374649431368,-0.348297477426075,
0.707108837489572),(-0.632942775775124,0.316298547921787,0.706638996359987),
(0.,0.,1.),(0.,0.,1.),(-0.61539690497471,0.348256116000101,0.707109840842335),
(-0.632942864452641,-0.316299059308412,0.706638688028825),(0.,0.,1.),(0.,
0.,1.),(-0.6153969049747,-0.348256116000118,0.707109840842335),(-0.885833799867054,
0.464002671342629,0.),(-0.632924426196589,0.316338121353517,0.706637717435354),
(-0.885833799867069,-0.464002671342601,0.),(-0.632924426196581,-0.316338121353483,
0.706637717435376),(0.,0.,1.),(0.750350218377749,-0.661040505400739,0.),
(0.,0.,1.),(0.7503482070234,0.661042788491613,0.),(-0.911898370476592,0.410416083897958,
0.),(-0.632917583332481,0.316349721486247,0.706638653361211),(0.,0.,1.),
(0.,0.,1.),(-0.911898382513321,-0.410416057153697,0.),(-0.632914511249952,
-0.316353802759005,0.706639577811172),(-0.911894503403117,-0.410424675992053,
0.),(-0.662086652322951,-0.249604464052351,0.706639141529059),(0.,0.,1.),
(0.,0.,1.),(0.796095028191133,-0.605171633579564,0.),(0.,0.,1.),(0.796093186829092,
0.605174055858561,0.),(0.,0.,1.),(-0.647931920387858,0.283165255664378,
0.707107958183918),(0.,0.,1.),(-0.662086524225573,0.249605388057938,0.706638935165156),
(-0.911899231633837,0.41041417049807,0.),(0.,0.,1.),(-0.647930930645465,
-0.283164214509213,0.707109282030919),(-0.662119921325041,0.249508189956973,
0.70664196940807),(0.,0.,1.),(0.,0.,1.),(-0.647929512741395,0.283164271452487,
0.707110558464149),(-0.662105769523223,-0.249548464675262,0.706641007685147),
(0.,0.,1.),(0.,0.,1.),(-0.647930404262053,-0.283164556836329,0.707109627274653),
(-0.935046255320369,0.354525740125249,0.),(-0.662087813905687,0.249596962268181,
0.706640702977181),(-0.935045023416172,-0.354528989202083,0.),(-0.662088073731103,
-0.249599869622739,0.706639432601486),(-0.95472304335935,0.297496068005359,
0.),(-0.662086737364576,0.249600329325757,0.70664052233537),(0.,0.,1.),
(0.,0.,1.),(-0.954725311734594,-0.297488788247994,0.),(-0.662088476969987,
-0.249593734604183,0.706641221773751),(-0.954723653029306,-0.297494111448204,
0.),(-0.684247237803381,-0.18019175749283,0.706637564873315),(0.,0.,1.),
(0.,0.,1.),(-0.673612415480215,0.215044197845161,0.707108412256594),(0.,
0.,1.),(-0.684247237803357,0.180191757492886,0.706637564873324),(-0.954723603014191,
0.297494271957609,0.),(0.,0.,1.),(-0.673612409751663,-0.215044196009912,
0.707108418271914),(-0.684243593273166,0.180200705219229,0.706638812196952),
(0.,0.,1.),(0.,0.,1.),(-0.6736418245751,0.214955321387965,0.707107418989595),
(-0.684251722046366,-0.180171637696251,0.706638352940479),(0.,0.,1.),(0.,
0.,1.),(-0.673637620808777,-0.214966167455552,0.707108126583595),(0.,0.,
1.),(0.837683722199093,-0.546155638589105,0.),(0.,0.,1.),(0.837685074562651,
0.546153564352523,0.),(-0.970792679530472,0.239919931164641,0.),(-0.684244311339494,
0.180196889389276,0.706639089956089),(-0.970792679530437,-0.239919931164783,
0.),(-0.684244311339414,-0.180196889389439,0.706639089956125),(-0.983619261351184,
0.180258560681331,0.),(-0.684243862996117,0.180198304314275,0.706639163275296),
(0.,0.,1.),(0.,0.,1.),(-0.983619232078341,-0.180258720414889,0.),(-0.68424056323852,
-0.180204307177045,0.706640827644338),(-0.983620655175892,-0.180250954813971,
0.),(-0.69914696412042,-0.108885294753853,0.706638178382379),(0.,0.,1.),
(0.,0.,1.),(-0.692152654189211,0.14464402718859,0.707108767232805),(0.,
0.,1.),(-0.699147483473652,0.108883772766051,0.706637899054877),(-0.983621298885531,
0.180247442086403,0.),(0.,0.,1.),(-0.692151208962684,-0.144646613158132,
0.707109652906376),(-0.699136236206325,0.108936546546352,0.706640893275933),
(0.,0.,1.),(0.,0.,1.),(-0.692143864928629,0.144685713944608,0.707108841991103),
(-0.699139747050201,-0.108918067694853,0.706640268187569),(0.,0.,1.),(0.,
0.,1.),(-0.692147388480801,-0.144668854786886,0.707108842452036),(-0.99254697516527,
0.121862636153473,0.),(-0.699149321648855,0.108884923931516,0.706635902978594),
(-0.992547069437265,-0.121861868324333,0.),(-0.699145646055468,-0.108886327856882,
0.706639323281351),(-0.99817521298665,0.0603841384724063,0.),(-0.699290798277654,
0.108902481452318,0.706493191034229),(0.,0.,1.),(0.,0.,1.),(-0.703358587524739,
0.0727055755501257,0.707107203073995),(-0.99817546567343,-0.0603799613086324,
0.),(0.,0.,1.),(-0.699138220282704,-0.108891876020585,0.706645815296922),
(-0.703355891175351,-0.0727056947733127,0.707109872860263),(0.,0.,1.),(0.,
0.,1.),(-0.707103452805617,0.,0.707110109551811),(-0.999999999999951,0.,
0.),(-0.706636542290237,0.0363710683016438,0.706641311055825),(0.,0.,1.),
(0.,0.,1.),(-0.703356845553406,0.0727056507354643,0.70710892807565),(-0.706636576239872,
-0.0363712036443296,0.706641270140271),(0.,0.,1.),(0.,0.,1.),(-0.703357075922092,
-0.0727057474868208,0.707108688981197),(-0.707104455839046,0.,0.707109106526402),
(0.,0.,1.),(0.,0.,1.),(0.874911358652564,-0.484283093345953,0.),(0.,0.,
1.),(0.87491255781001,0.484280926928106,0.),(0.,0.,1.),(0.907576522466255,
-0.419886717899077,0.),(0.,0.,1.),(0.907576522466278,0.419886717899028,
0.),(0.,0.,1.),(0.935506958212893,-0.353308266440598,0.),(0.,0.,1.),(0.935506958212897,
0.353308266440587,0.),(0.,0.,1.),(0.958562955150912,-0.284880783859407,
0.),(0.,0.,1.),(0.9585629551509,0.284880783859447,0.),(0.,0.,1.),(0.976621017970345,
-0.214968340130745,0.),(0.,0.,1.),(0.976621017970345,0.214968340130744,
0.),(0.,0.,1.),(0.989586486476121,-0.14393952127142,0.),(0.,0.,1.),(0.989586411729182,
0.143940035156872,0.),(0.,0.,1.),(0.997392941136523,-0.072161769456109,
0.),(0.,0.,1.),(0.997392903663276,0.0721622873954126,0.),(0.,0.,1.),(1.,
0.,0.)),$,(4,4,1,1,2,2,5,5,3,3,149,149,45,45,6,6,47,47,8,8,7,7,48,48,46,
46,9,9,155,155,10,10,49,49,12,12,11,11,157,157,50,50,13,13,14,14,51,51,
16,16,15,15,52,52,17,17,173,173,18,18,53,53,20,20,19,19,175,175,54,54,21,
21,22,22,61,61,59,59,24,24,23,23,62,62,60,60,25,25,181,181,26,26,65,65,
63,63,28,28,27,27,183,183,66,66,64,64,29,29,30,30,32,32,31,31,33,33,199,
199,34,34,81,81,77,77,36,36,35,35,201,201,82,82,78,78,37,37,38,38,117,117,
87,87,40,40,39,39,118,118,88,88,41,41,217,217,42,42,129,129,44,44,43,43,
219,219,130,130,56,56,55,55,133,133,58,58,57,57,134,134,72,72,73,73,74,
74,74,76,76,75,75,75,91,91,79,79,79,84,84,89,89,89,92,92,80,80,80,86,86,
90,90,90,101,101,93,93,93,96,96,102,102,94,94,94,98,98,68,68,67,67,153,
153,69,69,70,70,154,154,107,107,108,108,119,119,112,112,115,115,115,120,
120,114,114,116,116,116,104,104,103,103,233,233,189,189,159,159,161,161,
105,105,235,235,106,106,190,190,160,160,162,162,71,71,85,85,83,83,150,150,
131,131,124,124,127,127,127,132,132,126,126,128,128,128,95,95,156,156,97,
97,158,158,147,147,139,139,139,142,142,145,145,145,148,148,140,140,140,
144,144,146,146,146,99,99,99,109,109,109,111,111,174,174,100,100,100,113,
113,176,176,110,110,110,136,136,135,135,137,137,138,138,121,121,121,123,
123,182,182,125,125,184,184,122,122,122,141,141,143,143,177,177,151,151,
151,164,164,167,167,167,178,178,152,152,152,166,166,168,168,168,169,169,
170,170,257,257,215,215,213,213,171,171,259,259,172,172,216,216,214,214,
163,163,200,200,165,165,202,202,193,193,180,180,180,186,186,191,191,191,
194,194,179,179,179,188,188,192,192,192,211,211,203,203,203,206,206,212,
212,204,204,204,208,208,185,185,218,218,187,187,220,220,196,196,195,195,
239,239,197,197,198,198,240,240,205,205,234,234,207,207,236,236,222,222,
221,221,277,277,243,243,241,241,223,223,279,279,224,224,244,244,242,242,
209,209,209,229,229,258,258,210,210,210,228,228,228,231,231,260,260,227,
227,227,225,225,226,226,246,246,245,245,261,261,247,247,262,262,248,248,
230,230,232,232,237,237,237,253,253,238,238,238,252,252,252,255,255,249,
249,251,251,251,250,250,254,254,263,263,263,265,265,256,256,264,264,264,
266,266,268,268,267,267,299,299,283,283,269,269,301,301,284,284,270,270,
278,278,273,273,280,280,272,272,272,275,275,271,271,271,290,290,289,289,
285,285,305,305,291,291,286,286,306,306,292,292,274,274,276,276,281,281,
281,300,300,295,295,282,282,282,302,302,294,294,294,297,297,287,287,293,
293,293,288,288,314,314,321,321,313,313,307,307,309,309,315,315,323,323,
308,308,310,310,316,316,296,296,298,298,303,303,303,322,322,319,319,304,
304,304,324,324,318,318,318,325,325,311,311,317,317,317,312,312,331,331,
320,320,327,327,327,329,329,332,332,326,326,328,328,328,330,330,334,334,
333,333,335,335,336,336,343,343,339,339,340,340,342,342,341,341,345,345,
338,338,338,337,337,337,351,351,352,352,356,356,355,355,357,357,358,358,
344,344,346,346,363,363,381,381,367,367,364,364,366,366,383,383,365,365,
369,369,347,347,347,349,349,348,348,348,362,362,362,350,350,361,361,361,
353,353,373,373,359,359,354,354,374,374,360,360,382,382,384,384,368,368,
377,377,375,375,370,370,378,378,376,376,387,387,409,409,459,459,429,429,
391,391,388,388,390,390,411,411,389,389,461,461,431,431,393,393,371,371,
371,372,372,372,386,386,386,379,379,385,385,385,380,380,410,410,412,412,
397,397,398,398,399,399,400,400,392,392,394,394,405,405,523,523,493,493,
413,413,406,406,433,433,408,408,407,407,525,525,495,495,415,415,435,435,
395,395,395,396,396,396,404,404,404,401,401,403,403,403,402,402,430,430,
432,432,419,419,460,460,420,420,462,462,441,441,442,442,414,414,416,416,
423,423,577,577,561,561,424,424,453,453,426,426,425,425,579,579,563,563,
455,455,417,417,417,418,418,418,428,428,428,421,421,427,427,427,422,422,
494,494,496,496,445,445,443,443,446,446,444,444,448,448,447,447,600,600,
596,596,479,479,449,449,602,602,598,598,450,450,481,481,434,434,436,436,
437,437,437,438,438,438,452,452,452,439,439,451,451,451,440,440,469,469,
471,471,470,470,472,472,524,524,526,526,466,466,465,465,608,608,604,604,
503,503,467,467,610,610,606,606,468,468,505,505,454,454,456,456,457,457,
457,458,458,458,478,478,478,463,463,477,477,477,464,464,497,497,513,513,
498,498,514,514,474,474,473,473,620,620,612,612,616,616,533,533,517,517,
475,475,622,622,614,614,619,619,476,476,535,535,519,519,562,562,564,564,
578,578,580,580,488,488,487,487,628,628,624,624,545,545,489,489,630,630,
626,626,490,490,547,547,480,480,482,482,483,483,483,485,485,484,484,484,
502,502,502,486,486,501,501,501,499,499,521,521,515,515,500,500,522,522,
516,516,492,492,491,491,636,636,632,632,555,555,638,638,634,634,558,558,
640,640,567,567,597,597,599,599,504,504,569,569,541,541,506,506,570,570,
542,542,507,507,507,508,508,508,512,512,512,509,509,511,511,511,510,510,
573,573,571,571,574,574,572,572,518,518,520,520,601,601,603,603,527,527,
527,528,528,528,532,532,532,605,605,607,607,529,529,531,531,531,530,530,
581,581,575,575,582,582,576,576,534,534,536,536,537,537,537,538,538,538,
544,544,544,539,539,543,543,543,540,540,585,585,583,583,586,586,584,584,
609,609,611,611,546,546,548,548,549,549,549,550,550,550,554,554,554,551,
551,553,553,553,552,552,589,589,587,587,590,590,588,588,556,556,557,557,
559,559,559,565,565,560,560,560,566,566,568,568,568,593,593,591,591,594,
594,592,592,595,595,613,613,615,615,617,617,618,618,621,621,623,623,625,
625,627,627,629,629,631,631,633,633,635,635,637,637,639,639,641,641),((1,
3,5),(7,5,3),(3,1,10),(9,11,4),(4,11,8),(6,13,2),(5,7,15),(17,6,16),(6,
17,13),(19,10,1),(10,19,21),(11,9,22),(2,23,20),(25,2,13),(23,2,25),(27,
15,7),(8,29,28),(29,8,11),(15,27,31),(33,16,32),(16,33,17),(35,21,19),(21,
35,37),(39,22,38),(22,39,11),(20,41,36),(41,20,23),(43,31,27),(28,29,44),
(31,43,45),(47,32,46),(32,47,33),(49,37,35),(37,49,51),(39,38,52),(36,53,
50),(53,36,41),(55,45,43),(44,57,56),(57,44,29),(45,55,59),(61,46,60),(46,
61,47),(63,51,49),(51,63,65),(67,52,66),(52,67,39),(50,69,64),(69,50,53),
(71,59,55),(56,57,72),(59,71,73),(75,60,74),(60,77,61),(60,75,77),(79,65,
63),(65,79,81),(67,66,82),(64,83,80),(85,64,69),(83,64,85),(87,73,71),(72,
89,88),(89,72,57),(73,87,91),(93,74,92),(74,95,75),(74,93,95),(97,81,79),
(81,97,99),(101,82,100),(82,101,67),(80,103,98),(105,80,83),(103,80,105),
(107,91,87),(88,89,108),(91,107,109),(93,92,110),(112,99,97),(99,112,113),
(101,100,114),(98,103,111),(116,109,107),(108,117,115),(117,108,89),(109,
116,119),(121,110,120),(110,123,93),(110,121,123),(125,113,112),(113,125,
127),(129,114,128),(114,129,101),(111,131,126),(133,111,103),(131,111,133),
(135,119,116),(115,117,136),(119,135,137),(139,120,138),(120,141,121),(120,
139,141),(143,127,125),(127,143,145),(129,128,146),(126,147,144),(149,126,
131),(147,126,149),(151,137,135),(136,153,152),(153,136,117),(137,151,155),
(157,138,156),(138,157,139),(159,145,143),(145,159,161),(163,146,162),(146,
163,129),(144,165,160),(165,144,147),(151,167,155),(167,151,169),(152,153,
170),(171,156,168),(156,171,157),(159,173,161),(163,162,174),(173,159,175),
(160,177,176),(177,160,165),(14,179,26),(18,181,14),(179,14,184),(184,14,
181),(186,24,26),(26,179,188),(26,188,186),(18,34,192),(18,193,181),(193,
18,196),(18,198,196),(198,18,192),(24,201,42),(204,24,186),(24,204,206),
(208,24,206),(24,208,201),(34,48,192),(42,201,54),(212,48,62),(48,213,192),
(213,48,216),(48,212,216),(54,218,70),(221,54,201),(54,221,223),(218,54,
223),(62,78,212),(70,218,86),(169,225,167),(225,169,227),(170,153,228),
(229,168,226),(168,229,171),(175,231,173),(163,174,232),(231,175,233),(176,
235,234),(235,176,177),(237,78,76),(78,237,212),(86,240,84),(240,86,218),
(96,237,76),(240,106,84),(96,94,241),(237,96,243),(96,245,243),(245,96,
241),(106,248,104),(106,240,250),(252,106,250),(106,252,248),(94,124,241),
(104,248,134),(227,256,225),(256,227,257),(228,259,258),(259,228,153),(261,
226,255),(226,263,229),(226,265,263),(226,261,265),(233,267,231),(269,232,
268),(232,269,163),(267,233,271),(234,273,272),(275,234,235),(277,234,275),
(273,234,277),(185,279,180),(279,189,180),(194,279,185),(189,279,282),(194,
283,279),(285,280,284),(280,285,281),(182,195,183),(190,203,187),(189,282,
205),(287,124,122),(124,289,241),(124,291,289),(291,124,287),(134,294,132),
(296,134,248),(298,134,296),(134,298,294),(283,194,197),(205,282,207),(142,
287,122),(294,150,132),(200,283,197),(214,283,200),(214,302,283),(303,284,
301),(284,303,285),(282,209,207),(209,282,305),(281,307,306),(307,281,285),
(142,140,309),(142,311,287),(311,142,314),(142,316,314),(316,142,309),(150,
319,148),(322,150,294),(150,322,324),(326,150,324),(150,326,319),(199,191,
215),(210,220,202),(209,305,222),(302,214,217),(222,305,224),(329,302,217),
(333,302,329),(333,335,302),(337,301,336),(301,337,303),(216,212,330),(305,
339,224),(339,305,342),(306,344,343),(344,306,307),(218,223,341),(211,332,
331),(346,219,340),(339,342,347),(332,211,238),(219,346,239),(257,349,256),
(349,257,351),(258,259,352),(261,255,350),(271,354,267),(269,268,353),(354,
271,355),(272,273,356),(237,243,334),(250,240,348),(335,333,244),(347,342,
251),(247,335,244),(358,335,247),(358,360,335),(362,336,361),(336,362,337),
(342,253,251),(253,342,364),(343,366,365),(366,343,344),(246,242,357),(254,
368,249),(253,364,369),(140,158,309),(148,319,166),(241,289,359),(296,248,
370),(360,358,290),(369,364,297),(293,360,290),(312,360,293),(312,371,360),
(362,361,372),(364,299,297),(299,364,374),(365,366,373),(292,288,313),(300,
321,295),(299,374,323),(375,158,172),(158,377,309),(377,158,380),(158,382,
380),(382,158,375),(166,385,178),(388,166,319),(166,388,390),(392,166,390),
(166,392,385),(172,230,375),(178,385,236),(351,396,349),(396,351,397),(352,
399,398),(399,352,259),(401,350,395),(350,403,261),(350,401,403),(355,405,
354),(407,353,406),(353,407,269),(405,355,409),(356,411,410),(413,356,273),
(411,356,413),(371,312,315),(323,374,325),(318,371,315),(378,371,318),(378,
415,371),(417,372,416),(372,417,362),(374,327,325),(327,374,419),(373,421,
420),(421,373,366),(317,310,379),(328,387,320),(327,419,389),(304,12,286),
(40,286,12),(12,304,30),(286,40,308),(415,378,381),(389,419,391),(423,230,
264),(230,425,375),(425,230,428),(230,430,428),(430,230,423),(236,433,276),
(436,236,385),(236,436,438),(440,236,438),(236,440,433),(338,30,304),(30,
338,58),(68,308,40),(308,68,345),(266,423,264),(433,278,276),(266,262,444),
(266,445,423),(445,266,448),(448,266,444),(278,450,274),(453,278,433),(278,
453,455),(278,455,450),(384,415,381),(426,415,384),(426,457,415),(459,416,
458),(416,459,417),(419,393,391),(393,419,461),(420,463,462),(463,420,421),
(383,376,427),(394,435,386),(393,461,437),(397,465,396),(465,397,467),(398,
399,468),(469,395,466),(395,469,401),(409,471,405),(407,406,472),(471,409,
473),(410,475,474),(475,410,411),(363,58,338),(58,363,90),(102,345,68),
(345,102,367),(457,426,429),(437,461,439),(418,90,363),(90,418,118),(130,
367,102),(367,130,422),(432,457,429),(457,432,477),(479,458,478),(458,479,
459),(461,441,439),(441,461,454),(481,454,461),(462,483,482),(483,462,463),
(262,404,444),(274,450,414),(431,424,447),(446,477,432),(442,452,434),(467,
485,465),(485,467,487),(468,489,488),(489,468,399),(491,466,486),(466,493,
469),(466,491,493),(473,495,471),(497,472,496),(472,497,407),(495,473,499),
(474,501,500),(503,474,475),(501,474,503),(460,118,418),(118,460,154),(164,
422,130),(422,164,464),(477,446,449),(454,481,456),(505,477,449),(477,505,
509),(510,478,508),(478,510,479),(448,444,506),(481,512,456),(512,481,515),
(519,515,481),(482,520,518),(520,482,483),(450,455,514),(443,522,507),(524,
509,505),(517,451,513),(404,525,444),(522,443,526),(528,414,450),(451,517,
527),(525,404,402),(414,528,412),(402,470,525),(412,528,476),(460,260,154),
(260,460,480),(164,484,464),(484,164,270),(487,529,485),(529,487,531),(488,
489,532),(486,533,491),(533,486,530),(499,535,495),(497,496,536),(537,500,
501),(535,499,539),(500,537,540),(525,541,523),(541,525,470),(543,528,516),
(528,543,476),(509,524,542),(515,519,544),(545,509,542),(509,545,549),(510,
508,548),(541,470,546),(519,550,544),(550,519,553),(557,553,519),(518,520,
556),(476,543,552),(480,400,260),(400,480,511),(270,521,484),(521,270,408),
(546,470,558),(547,559,560),(562,549,545),(476,552,563),(551,555,564),(558,
470,494),(476,563,504),(492,558,494),(563,502,504),(492,561,558),(561,492,
565),(492,567,565),(492,534,570),(567,492,570),(554,502,563),(502,554,572),
(574,502,572),(502,578,538),(502,574,578),(531,579,529),(579,531,581),(532,
583,582),(583,532,489),(530,585,533),(585,530,580),(539,587,535),(589,536,
588),(536,589,497),(591,540,537),(587,539,593),(540,591,594),(549,562,566),
(553,557,573),(569,549,566),(548,595,510),(549,569,597),(595,548,598),(557,
575,573),(599,556,520),(575,557,601),(605,601,557),(556,599,604),(511,490,
400),(490,511,596),(408,600,521),(600,408,498),(534,586,570),(538,578,592),
(568,571,606),(608,597,569),(576,603,577),(586,607,570),(602,592,578),(581,
609,579),(609,581,611),(582,583,612),(580,613,585),(580,615,613),(615,580,
610),(593,617,587),(589,588,618),(619,594,591),(621,594,619),(617,593,623),
(594,621,624),(597,608,625),(607,586,626),(601,605,627),(592,602,628),(629,
597,625),(598,632,595),(597,629,634),(632,598,635),(626,586,630),(605,637,
627),(639,604,599),(637,605,641),(645,641,605),(604,639,644),(592,628,638),
(596,584,490),(584,596,633),(498,640,600),(640,498,590),(630,586,646),(631,
647,648),(650,634,629),(592,638,651),(636,643,652),(646,586,614),(592,651,
620),(614,616,646),(620,651,622),(616,649,646),(642,622,651),(611,654,609),
(655,612,583),(654,611,657),(612,655,658),(610,659,615),(610,661,659),(661,
610,653),(623,663,617),(618,665,589),(665,618,664),(667,624,621),(669,624,
667),(624,669,671),(663,623,672),(634,650,673),(649,616,674),(641,645,675),
(622,642,676),(677,634,673),(635,680,632),(634,677,682),(680,635,683),(674,
616,678),(645,685,675),(687,644,639),(685,645,689),(693,689,645),(644,687,
692),(622,676,686),(633,656,584),(656,633,681),(590,688,640),(688,590,666),
(678,616,694),(679,695,696),(698,682,677),(622,686,699),(684,691,700),(694,
616,660),(622,699,668),(662,694,660),(699,670,668),(694,662,697),(661,653,
701),(697,662,703),(662,705,703),(705,662,708),(662,702,708),(670,699,690),
(671,669,710),(670,690,712),(714,670,712),(670,714,718),(670,718,711),(657,
719,654),(658,655,721),(719,657,722),(701,653,720),(672,723,663),(665,664,
724),(671,710,725),(723,672,726),(682,698,704),(689,693,713),(707,682,704),
(680,683,727),(682,707,728),(681,729,656),(721,655,730),(729,681,731),(680,
727,732),(666,734,688),(665,724,736),(734,666,735),(687,737,692),(737,687,
733),(693,715,713),(715,693,739),(738,739,693),(706,709,742),(744,728,707),
(716,741,717),(708,702,745),(745,743,708),(718,748,711),(740,748,718),(701,
720,746),(725,710,747),(722,749,719),(721,730,751),(749,722,752),(746,720,
750),(726,753,723),(736,724,754),(725,747,755),(753,726,756),(728,744,757),
(743,745,758),(739,738,759),(748,740,760),(731,761,729),(730,763,751),(763,
730,762),(765,732,727),(761,731,767),(732,765,768),(735,770,734),(771,736,
754),(770,735,773),(736,771,774),(733,775,737),(775,733,769),(777,728,757),
(728,777,766),(758,781,778),(781,758,745),(738,782,759),(782,738,785),(776,
785,738),(789,760,784),(760,789,748),(780,790,779),(792,766,777),(787,788,
783),(781,745,793),(781,793,796),(790,780,797),(796,798,781),(748,789,799),
(789,802,799),(788,787,803),(804,802,789),(746,750,794),(755,747,800),(805,
794,750),(794,805,795),(800,807,755),(807,800,801),(752,806,749),(806,752,
764),(756,772,753),(772,756,808),(798,809,791),(798,811,809),(798,796,814),
(811,798,814),(815,804,786),(817,804,815),(802,804,820),(804,817,820),(766,
792,810),(785,776,816),(767,821,761),(762,823,763),(825,762,822),(762,827,
823),(762,825,827),(829,768,765),(821,767,831),(768,829,832),(773,834,770),
(835,774,771),(834,773,837),(774,839,838),(841,774,835),(839,774,841),(769,
843,775),(843,769,833),(845,766,810),(766,845,830),(809,811,846),(776,849,
816),(849,776,851),(844,851,776),(817,815,850),(846,811,855),(847,854,856),
(858,830,845),(817,850,859),(848,853,860),(795,805,813),(807,801,819),(813,
861,812),(861,813,805),(863,819,818),(819,863,807),(811,865,855),(812,861,
866),(817,859,868),(863,818,867),(855,869,857),(869,855,865),(872,859,852),
(859,872,868),(764,862,806),(862,764,824),(808,836,772),(836,808,864),(830,
858,873),(857,869,874),(851,844,875),(872,852,876),(831,877,821),(879,822,
878),(822,881,825),(822,879,881),(883,832,829),(877,831,885),(832,887,886),
(887,832,883),(837,889,834),(889,837,891),(838,893,892),(895,838,839),(893,
838,895),(833,897,843),(899,833,890),(833,899,897),(901,830,873),(830,901,
884),(874,869,902),(844,905,875),(905,844,907),(898,907,844),(872,876,906),
(902,869,911),(903,910,912),(914,884,901),(872,906,915),(904,909,916),(866,
917,870),(917,866,861),(919,867,871),(867,919,863),(869,921,911),(870,923,
922),(923,870,917),(872,915,925),(927,871,926),(871,927,919),(929,913,911),
(911,921,929),(908,932,915),(915,932,925),(884,914,933),(913,929,934),(907,
898,935),(932,908,936),(885,937,877),(939,878,938),(878,941,879),(878,939,
941),(937,885,943),(886,945,944),(945,886,887),(891,947,889),(947,891,949),
(892,951,950),(953,892,893),(951,892,953),(955,890,948),(890,955,899),(824,
918,862),(918,824,828),(864,842,836),(842,864,920),(957,884,933),(884,957,
888),(934,929,958),(898,961,935),(961,898,963),(900,963,898),(932,936,962),
(959,966,968),(958,929,967),(970,888,957),(960,965,971),(932,962,972),(922,
973,930),(973,922,923),(975,926,931),(926,975,927),(967,977,969),(967,929,
980),(977,967,980),(981,972,964),(932,972,984),(972,981,984),(985,937,943),
(937,985,987),(989,938,988),(938,991,939),(938,989,991),(944,993,986),(993,
944,945),(995,947,949),(950,997,996),(999,950,951),(997,950,999),(947,995,
1001),(1003,948,1002),(948,1003,955),(888,970,1005),(969,977,1006),(963,
900,1007),(981,964,1008),(828,924,918),(924,828,826),(920,840,842),(840,
920,928),(1009,888,1005),(888,1009,946),(1006,977,1010),(900,1013,1007),
(1013,900,1015),(956,1015,900),(981,1008,1014),(1010,977,1019),(1011,1018,
1020),(1022,946,1009),(981,1014,1023),(1012,1017,1024),(1019,977,1026),
(1019,1027,1021),(1027,1019,1026),(1023,1030,981),(1031,1023,1016),(1023,
1031,1030),(930,1033,979),(1033,930,973),(1035,931,983),(931,1035,975),
(979,1033,978),(1035,983,982),(978,1033,1025),(1035,982,1029),(1037,987,
985),(987,1037,1039),(1041,988,1040),(988,1043,989),(988,1041,1043),(986,
1045,1038),(1045,986,993),(1047,1001,995),(996,1049,1048),(1051,996,997),
(1049,996,1051),(1001,1047,1053),(1055,1002,1054),(1002,1055,1003),(946,
1022,1057),(1021,1027,1058),(1015,956,1059),(1031,1016,1060),(1061,946,
1057),(946,1061,994),(1058,1027,1062),(956,1065,1059),(956,1067,1065),(1004,
1067,956),(1031,1060,1066),(1062,1027,1071),(1063,1070,1072),(994,1061,
1074),(1031,1066,1075),(1064,1069,1076),(826,974,924),(974,826,882),(928,
896,840),(896,928,976),(1071,1027,1078),(1079,1073,1071),(1071,1078,1079),
(1075,1082,1031),(1068,1083,1075),(1075,1083,1082),(1086,1039,1037),(1039,
1086,1087),(1089,1040,1088),(1040,1091,1041),(1040,1093,1091),(1040,1089,
1093),(1038,1095,1085),(1097,1038,1045),(1095,1038,1097),(1099,1053,1047),
(1048,1101,1100),(1103,1048,1049),(1105,1048,1103),(1101,1048,1105),(1053,
1099,1107),(1109,1054,1108),(1054,1111,1055),(1054,1109,1111),(1025,1113,
1028),(1113,1025,1033),(1115,1029,1032),(1029,1115,1035),(1028,1117,1077),
(1117,1028,1113),(1119,1032,1081),(1032,1119,1115),(1121,1087,1086),(1087,
1121,1123),(1125,1088,1124),(1088,1127,1089),(1088,1125,1127),(1085,1129,
1122),(1129,1085,1095),(1131,1107,1099),(1100,1133,1132),(1135,1100,1101),
(1133,1100,1135),(1107,1131,1137),(1139,1108,1138),(1108,1139,1109),(994,
1074,1141),(1073,1079,1142),(1067,1004,1143),(1083,1068,1144),(1145,994,
1141),(994,1145,1046),(1142,1149,1146),(1149,1142,1079),(1004,1150,1143),
(1004,1153,1150),(1056,1153,1004),(1157,1144,1152),(1144,1157,1083),(1148,
1158,1147),(1046,1145,1160),(1155,1156,1151),(1158,1148,1161),(1149,1163,
1162),(1149,1079,1166),(1163,1149,1166),(1156,1155,1167),(1169,1157,1168),
(1083,1157,1172),(1157,1169,1172),(1173,1123,1121),(1123,1173,1175),(1177,
1124,1176),(1124,1179,1125),(1124,1177,1179),(1122,1181,1174),(1181,1122,
1129),(1175,1137,1131),(1132,1183,1176),(1185,1132,1133),(1183,1132,1185),
(1137,1175,1173),(1187,1138,1174),(1138,1187,1139),(1176,1189,1177),(1189,
1176,1183),(1191,1174,1181),(1174,1191,1187),(882,1034,974),(1034,882,880),
(976,894,896),(894,976,1036),(1077,1193,1080),(1193,1077,1117),(1195,1081,
1084),(1081,1195,1119),(1162,1197,1159),(1197,1162,1199),(1162,1163,1202),
(1162,1202,1199),(1203,1168,1154),(1168,1203,1205),(1168,1208,1169),(1168,
1205,1208),(1046,1160,1198),(1153,1056,1204),(1209,1046,1198),(1046,1209,
1098),(1197,1199,1210),(1056,1213,1204),(1056,1215,1213),(1112,1215,1056),
(1205,1203,1214),(1211,1218,1220),(1210,1199,1219),(1098,1209,1222),(1212,
1217,1223),(1205,1214,1224),(1219,1225,1221),(1219,1199,1228),(1225,1219,
1228),(1229,1224,1216),(1205,1224,1232),(1224,1229,1232),(1098,1222,1233),
(1221,1225,1234),(1215,1112,1235),(1229,1216,1236),(1080,1237,1165),(1237,
1080,1193),(1239,1084,1171),(1084,1239,1195),(1165,1237,1164),(1239,1171,
1170),(1241,1098,1233),(1098,1241,1096),(1234,1225,1242),(1112,1245,1235),
(1112,1247,1245),(1110,1247,1112),(1229,1236,1246),(1164,1250,1201),(1250,
1164,1237),(1252,1170,1207),(1170,1252,1239),(880,1114,1034),(1114,880,
942),(1036,954,894),(954,1036,1116),(1243,1254,1256),(1242,1225,1255),(1096,
1241,1258),(1244,1249,1259),(1229,1246,1260),(1261,1257,1255),(1255,1225,
1264),(1255,1264,1261),(1248,1265,1260),(1260,1268,1229),(1260,1265,1268),
(1096,1258,1269),(1257,1261,1270),(1247,1110,1271),(1265,1248,1272),(1273,
1096,1269),(1096,1273,1130),(1270,1261,1274),(1110,1277,1271),(1110,1279,
1277),(1140,1279,1110),(1265,1272,1278),(1275,1282,1284),(1274,1261,1283),
(1130,1273,1286),(1276,1281,1287),(1265,1278,1288),(1283,1289,1285),(1283,
1261,1292),(1289,1283,1292),(1293,1288,1280),(1265,1288,1296),(1288,1293,
1296),(1201,1297,1200),(1297,1201,1250),(1299,1207,1206),(1207,1299,1252),
(1130,1286,1301),(1285,1289,1302),(1279,1140,1303),(1293,1280,1304),(1305,
1130,1301),(1130,1305,1182),(1302,1289,1306),(1140,1309,1303),(1140,1311,
1309),(1188,1311,1140),(1293,1304,1310),(1307,1314,1316),(1306,1289,1315),
(1182,1305,1318),(1308,1313,1319),(1293,1310,1320),(1315,1321,1317),(1315,
1289,1324),(1321,1315,1324),(1325,1320,1312),(1320,1328,1293),(1320,1325,
1328),(1182,1318,1329),(1317,1321,1330),(1311,1188,1331),(1325,1312,1332),
(1333,1182,1329),(1182,1333,1192),(1330,1337,1334),(1330,1321,1337),(1188,
1338,1331),(1192,1338,1188),(1341,1332,1340),(1325,1332,1341),(1335,1336,
1343),(1192,1333,1345),(1339,1343,1342),(1338,1192,1345),(942,1118,1114),
(1118,942,940),(1116,952,954),(952,1116,1120),(1346,1344,1337),(1337,1321,
1349),(1337,1349,1346),(1344,1350,1341),(1341,1353,1325),(1341,1350,1353),
(1344,1346,1354),(1350,1344,1354),(1200,1356,1227),(1356,1200,1297),(1358,
1206,1231),(1206,1358,1299),(1227,1356,1226),(1358,1231,1230),(1226,1360,
1263),(1360,1226,1356),(1362,1230,1267),(1230,1362,1358),(1263,1364,1262),
(1364,1263,1360),(1366,1267,1266),(1267,1366,1362),(940,1194,1118),(1194,
940,992),(1120,1000,952),(1000,1120,1196),(1262,1368,1291),(1368,1262,1364),
(1370,1266,1295),(1266,1370,1366),(1291,1368,1290),(1370,1295,1294),(1290,
1368,1323),(1370,1294,1327),(1323,1372,1322),(1372,1323,1368),(1374,1327,
1326),(1327,1374,1370),(1322,1376,1348),(1376,1322,1372),(1378,1326,1352),
(1326,1378,1374),(1348,1380,1347),(1380,1348,1376),(1382,1352,1351),(1352,
1382,1378),(1347,1384,1355),(1384,1347,1380),(1384,1351,1355),(1351,1384,
1382),(990,1194,992),(1194,990,1238),(1240,1000,1196),(1000,1240,998),(1044,
1238,990),(1238,1044,1251),(1253,998,1240),(998,1253,1052),(1042,1251,1044),
(1251,1042,1298),(1300,1052,1253),(1052,1300,1050),(1092,1298,1042),(1298,
1092,1357),(1359,1050,1300),(1050,1359,1104),(1094,1357,1092),(1357,1094,
1361),(1363,1104,1359),(1104,1363,1106),(1090,1361,1094),(1361,1090,1365),
(1367,1106,1363),(1106,1367,1102),(1128,1365,1090),(1365,1128,1369),(1371,
1102,1367),(1102,1371,1136),(1126,1369,1128),(1369,1126,1373),(1375,1136,
1371),(1136,1375,1134),(1180,1373,1126),(1373,1180,1377),(1379,1134,1375),
(1134,1379,1186),(1178,1377,1180),(1377,1178,1381),(1383,1186,1379),(1186,
1383,1184),(1190,1381,1178),(1381,1190,1385),(1385,1184,1383),(1184,1385,
1190)),());
#94=COMPLEX_TRIANGULATED_FACE('ConvergentBody',#99,208,((-0.999146662501769,
0.0413031089819568,0.),(0.,0.,1.),(-0.99807907333872,-0.0619529124684448,
0.),(0.,0.,-1.),(-0.99807907333872,-0.0619529124684448,0.),(0.,0.,1.),(-0.974264913697616,
-0.225406029062616,0.),(0.,0.,-1.),(0.,0.,-1.),(-0.999146662501769,0.0413031089819568,
0.),(0.,0.,-1.),(-0.0619529124684505,0.998079073338719,0.),(0.,0.,-1.),
(-0.915762752593288,-0.40171953022322,0.),(0.,0.,-1.),(-0.837177991329084,
-0.546930535657134,0.),(0.,0.,-1.),(-0.735743908306498,-0.677259847761462,
0.),(0.,0.,-1.),(-0.614205936495065,-0.789145783473637,0.),(0.,0.,-1.),
(-0.475918235397284,-0.87948952990717,0.),(0.,0.,-1.),(-0.324696995432294,
-0.945818090944152,0.),(0.,0.,-1.),(-0.164592357507444,-0.986361675984089,
0.),(0.,0.,-1.),(-0.0413031089819575,-0.999146662501769,0.),(0.,0.,1.),
(0.,1.,0.),(1.,0.,0.),(-0.974264913697616,-0.225406029062616,0.),(0.,0.,
1.),(0.,0.,1.),(-0.986361675984068,0.164592357507569,0.),(-0.986361675984068,
0.164592357507569,0.),(0.,0.,-1.),(0.,0.,-1.),(-0.945818090944165,0.324696995432258,
0.),(0.,0.,-1.),(-0.879489529907214,0.475918235397204,0.),(0.,0.,-1.),(-0.789145783473595,
0.614205936495119,0.),(0.,0.,-1.),(-0.677259847761406,0.73574390830655,
0.),(0.,0.,-1.),(-0.546930535657117,0.837177991329095,0.),(0.,0.,-1.),(-0.401719530223236,
0.915762752593281,0.),(0.,0.,-1.),(-0.225406029062578,0.974264913697625,
0.),(0.,0.,1.),(1.,0.,0.),(0.,-1.,0.),(-0.945818090944165,0.324696995432258,
0.),(0.,0.,1.),(0.,0.,1.),(-0.915762752593288,-0.40171953022322,0.),(-0.879489529907214,
0.475918235397204,0.),(0.,0.,1.),(0.,0.,1.),(-0.837177991329084,-0.546930535657134,
0.),(-0.789145783473595,0.614205936495119,0.),(0.,0.,1.),(0.,0.,1.),(-0.735743908306498,
-0.677259847761462,0.),(-0.677259847761406,0.73574390830655,0.),(0.,0.,
1.),(0.,0.,1.),(-0.614205936495065,-0.789145783473637,0.),(-0.546930535657117,
0.837177991329095,0.),(0.,0.,1.),(0.,0.,1.),(-0.475918235397284,-0.87948952990717,
0.),(-0.401719530223236,0.915762752593281,0.),(0.,0.,1.),(0.,0.,1.),(-0.324696995432294,
-0.945818090944152,0.),(-0.225406029062578,0.974264913697625,0.),(0.,0.,
1.),(0.,0.,1.),(-0.164592357507444,-0.986361675984089,0.),(0.,0.,1.),(-0.0619529124684505,
0.998079073338719,0.),(-0.0413031089819575,-0.999146662501769,0.),(0.,0.,
1.),(0.,0.,1.),(0.,-1.,0.),(1.,0.,0.),(0.,0.,-1.),(0.041303108981956,0.999146662501769,
0.),(0.,-1.,0.),(-1.,0.,0.),(0.,0.,1.),(0.0619529124684549,-0.998079073338719,
0.),(0.,0.,-1.),(0.,0.,1.),(0.0619529124684549,-0.998079073338719,0.),(0.,
-1.,0.),(1.,0.,0.),(0.,0.,-1.),(0.,0.,-1.),(0.,-1.,0.),(-1.,0.,0.),(1.,
0.,0.),(0.,0.,1.),(0.,-1.,0.),(1.,0.,0.),(0.,1.,0.),(0.,0.,1.),(0.,1.,0.),
(0.,0.,1.),(1.,0.,0.),(0.,0.,1.),(0.,1.,0.),(-1.,0.,0.),(0.,1.,0.),(-1.,
0.,0.),(0.,0.,1.),(0.,1.,0.),(0.,0.,-1.),(1.,0.,0.),(0.,1.,0.),(-1.,0.,
0.),(0.,0.,-1.),(0.,1.,0.),(0.,0.,1.),(-1.,0.,0.),(-1.,0.,0.),(0.,-1.,0.),
(0.,0.,1.),(0.,0.,1.),(-1.,0.,0.),(0.,-1.,0.),(0.,0.,1.),(0.041303108981956,
0.999146662501769,0.),(0.225406029062574,-0.974264913697626,0.),(0.,0.,
1.),(0.,0.,-1.),(0.99807907333872,0.0619529124684332,0.),(0.225406029062574,
-0.974264913697626,0.),(0.,0.,-1.),(0.,0.,-1.),(0.401719530223243,-0.915762752593278,
0.),(0.,0.,-1.),(0.546930535657116,-0.837177991329096,0.),(0.,0.,-1.),(0.677259847761393,
-0.735743908306562,0.),(0.,0.,-1.),(0.789145783473595,-0.614205936495119,
0.),(0.,0.,-1.),(0.879489529907223,-0.475918235397187,0.),(0.,0.,-1.),(0.945818090944165,
-0.324696995432258,0.),(0.,0.,-1.),(0.986361675984068,-0.164592357507571,
0.),(0.,0.,-1.),(0.99914666250177,-0.0413031089819393,0.),(0.,0.,1.),(0.99807907333872,
0.0619529124684332,0.),(0.,0.,1.),(0.401719530223243,-0.915762752593278,
0.),(0.,0.,1.),(0.546930535657116,-0.837177991329096,0.),(0.,0.,1.),(0.677259847761393,
-0.735743908306562,0.),(0.,0.,1.),(0.789145783473595,-0.614205936495119,
0.),(0.,0.,1.),(0.879489529907223,-0.475918235397187,0.),(0.,0.,1.),(0.945818090944165,
-0.324696995432258,0.),(0.,0.,1.),(0.986361675984068,-0.164592357507571,
0.),(0.,0.,1.),(0.99914666250177,-0.0413031089819393,0.),(0.,0.,1.),(0.164592357507443,
0.98636167598409,0.),(0.,0.,1.),(0.324696995432247,0.945818090944168,0.),
(0.,0.,1.),(0.475918235397293,0.879489529907165,0.),(0.,0.,1.),(0.614205936495118,
0.789145783473596,0.),(0.,0.,1.),(0.735743908306503,0.677259847761457,0.),
(0.,0.,1.),(0.837177991329082,0.546930535657138,0.),(0.,0.,1.),(0.915762752593287,
0.401719530223221,0.),(0.,0.,1.),(0.974264913697619,0.225406029062602,0.),
(0.164592357507443,0.98636167598409,0.),(0.,0.,-1.),(0.,0.,-1.),(0.324696995432247,
0.945818090944168,0.),(0.,0.,-1.),(0.475918235397293,0.879489529907165,
0.),(0.,0.,-1.),(0.614205936495118,0.789145783473596,0.),(0.,0.,-1.),(0.735743908306503,
0.677259847761457,0.),(0.,0.,-1.),(0.837177991329082,0.546930535657138,
0.),(0.,0.,-1.),(0.915762752593287,0.401719530223221,0.),(0.,0.,-1.),(0.974264913697619,
0.225406029062602,0.)),$,(4,4,1,1,2,2,7,7,3,3,43,43,11,11,15,15,19,19,23,
23,27,27,31,31,35,35,37,37,40,40,40,8,8,6,6,5,5,9,9,13,13,17,17,21,21,25,
25,29,29,33,33,42,42,42,10,10,12,12,14,14,16,16,18,18,20,20,22,22,24,24,
26,26,28,28,30,30,32,32,34,34,36,36,44,44,38,38,45,45,45,59,59,49,49,49,
53,53,54,54,46,46,46,50,50,50,41,41,41,39,39,39,47,47,47,55,55,55,51,51,
51,48,48,48,52,52,52,56,56,56,58,58,58,57,57,57,60,60,64,64,95,95,63,63,
67,67,71,71,75,75,79,79,83,83,87,87,91,91,93,93,96,96,68,68,72,72,76,76,
80,80,84,84,88,88,92,92,94,94,62,62,66,66,70,70,74,74,78,78,82,82,86,86,
90,90,61,61,65,65,69,69,73,73,77,77,81,81,85,85,89,89),((1,3,5),(7,5,3),
(3,1,10),(11,4,9),(4,13,8),(4,15,13),(4,17,15),(4,19,17),(4,21,19),(4,23,
21),(4,25,23),(4,27,25),(27,4,11),(29,2,6),(5,7,32),(33,29,6),(35,10,1),
(10,35,36),(38,9,37),(40,9,38),(42,9,40),(44,9,42),(46,9,44),(48,9,46),
(50,9,48),(11,9,50),(52,34,2),(52,2,29),(55,36,35),(36,55,39),(34,52,56),
(14,32,7),(32,14,58),(29,33,57),(59,39,55),(39,59,41),(56,52,60),(16,58,
14),(58,16,62),(29,57,61),(63,41,59),(41,63,43),(60,52,64),(18,62,16),(62,
18,66),(29,61,65),(67,43,63),(43,67,45),(64,52,68),(18,70,66),(70,18,20),
(29,65,69),(67,47,45),(47,67,71),(68,52,72),(20,74,70),(74,20,22),(29,69,
73),(71,49,47),(49,71,75),(72,52,76),(22,78,74),(78,22,24),(29,73,77),(75,
51,49),(51,75,79),(76,52,80),(24,82,78),(82,24,26),(29,77,81),(79,12,51),
(80,52,83),(12,79,84),(26,85,82),(85,26,28),(29,81,86),(28,88,85),(27,11,
90),(88,28,92),(95,92,28),(27,90,96),(97,29,86),(85,88,99),(103,85,99),
(85,103,98),(105,31,108),(111,109,30),(114,106,110),(117,109,111),(109,
117,115),(31,105,53),(111,30,120),(120,30,123),(126,123,30),(29,97,127),
(107,130,54),(106,114,132),(130,107,134),(83,52,131),(84,91,12),(83,131,
135),(91,84,136),(113,100,89),(94,112,87),(100,113,122),(125,101,121),(101,
125,102),(112,94,119),(124,93,104),(92,98,103),(93,124,118),(92,95,98),
(126,117,123),(115,117,126),(95,137,98),(139,96,90),(137,95,141),(96,143,
142),(96,145,143),(96,147,145),(96,149,147),(96,151,149),(96,153,151),(96,
155,153),(96,157,155),(157,96,139),(127,97,138),(129,116,128),(116,129,
133),(127,159,131),(161,127,138),(163,127,161),(165,127,163),(167,127,165),
(169,127,167),(171,127,169),(173,127,171),(175,127,173),(127,175,159),(131,
177,135),(131,179,177),(131,181,179),(131,183,181),(131,185,183),(131,187,
185),(131,189,187),(131,191,189),(131,159,191),(136,193,91),(195,90,194),
(197,90,195),(199,90,197),(201,90,199),(203,90,201),(205,90,203),(207,90,
205),(139,90,207),(193,136,178),(178,196,193),(196,178,180),(141,162,137),
(162,141,144),(180,198,196),(198,180,182),(144,164,162),(164,144,146),(182,
200,198),(200,182,184),(146,166,164),(166,146,148),(184,202,200),(202,184,
186),(150,166,148),(166,150,168),(188,202,186),(202,188,204),(152,168,150),
(168,152,170),(190,204,188),(204,190,206),(154,170,152),(170,154,172),(192,
206,190),(206,192,208),(156,172,154),(172,156,174),(160,208,192),(208,160,
140),(158,174,156),(174,158,176),(140,176,158),(176,140,160)),());
#95=COMPLEX_TRIANGULATED_FACE('ConvergentBody',#100,1385,((-0.999348084691644,
0.0361027093601433,0.),(0.,0.,1.),(-0.999348084691644,-0.036102709360142,
0.),(0.,0.,-1.),(-0.999348084691644,-0.036102709360142,0.),(0.,0.,1.),(-0.994137755945815,
-0.108120868489942,0.),(0.,0.,-1.),(0.,0.,-1.),(-0.999348084691644,0.0361027093601433,
0.),(0.,0.,-1.),(0.999999999999927,0.,0.),(0.,0.,1.),(0.706167767801679,
0.0363933102394463,0.707108627219191),(-0.994137755945815,-0.108120868489942,
0.),(0.,0.,1.),(0.,0.,1.),(0.703824516387315,0.0727473851130803,0.706639135691883),
(-0.994137755945815,0.108120868489942,0.),(0.,0.,1.),(-0.994137755945815,
0.108120868489942,0.),(0.,0.,-1.),(0.,0.,1.),(0.703823591097271,-0.0727599926762503,
0.706638759254468),(0.,0.,1.),(0.706167146012752,-0.0364053730020084,0.707108627234026),
(-0.983744966775789,-0.179571268145272,0.),(0.,0.,-1.),(0.,0.,-1.),(0.987687957950136,
0.156436880946565,0.),(-0.983744966775789,-0.179571268145272,0.),(0.,0.,
1.),(0.,0.,1.),(0.698681822774245,0.108819043744891,0.70710828466601),(-0.983744781375155,
0.179572283822278,0.),(0.,0.,1.),(-0.983744781375155,0.179572283822278,
0.),(0.,0.,-1.),(0.,0.,-1.),(0.987688075828445,-0.15643613670218,0.),(0.,
0.,1.),(0.698681930531498,-0.108818351870798,0.707108284667138),(-0.968223113065691,
-0.250087991165872,0.),(0.,0.,-1.),(-0.968223113065691,-0.250087991165872,
0.),(0.,0.,1.),(0.,0.,1.),(0.692608991432968,0.144755840425079,0.706638897633746),
(-0.968223197043927,0.250087666041403,0.),(0.,0.,1.),(-0.968223197043927,
0.250087666041403,0.),(0.,0.,-1.),(0.,0.,1.),(0.692608792744314,-0.144755257368942,
0.706639211816975),(-0.947653245480463,-0.319301309628297,0.),(0.,0.,-1.),
(0.,0.,-1.),(0.951056990633468,0.309015534507913,0.),(-0.947653245480463,
-0.319301309628297,0.),(0.,0.,1.),(0.,0.,1.),(0.683787377193415,0.180094816057717,
0.707107262033199),(-0.947653140551455,0.319301621046564,0.),(0.,0.,1.),
(-0.947653140551455,0.319301621046564,0.),(0.,0.,-1.),(0.,0.,-1.),(0.951057341369963,
-0.309014455044254,0.),(0.,0.,1.),(0.683786778819392,-0.180094762629869,
0.707107854280442),(-0.922142674054748,-0.386849956297217,0.),(0.,0.,-1.),
(-0.922142674054748,-0.386849956297217,0.),(0.,0.,1.),(0.,0.,1.),(0.661634209033574,
0.249473630195482,0.707108959972651),(0.,0.,1.),(0.674053820128044,0.215201618632319,
0.706639732047965),(-0.922142797772065,0.386849661389419,0.),(0.,0.,1.),
(-0.922142797772065,0.386849661389419,0.),(0.,0.,-1.),(0.,0.,1.),(0.661638198410296,
-0.249463048785787,0.707108960270536),(0.,0.,1.),(0.674041290695091,-0.215236575931595,
0.706641036750158),(-0.891823715072605,-0.452383091233632,0.),(0.,0.,-1.),
(0.,0.,-1.),(0.891007071566495,0.453989425447883,0.),(-0.891823715072605,
-0.452383091233632,0.),(0.,0.,1.),(0.,0.,1.),(0.632497905635175,0.316141795701181,
0.707107321683173),(0.,0.,1.),(0.648353425844172,0.283372283711595,0.706638510145181),
(-0.891824627383789,0.452381292707563,0.),(0.,0.,1.),(-0.891824627383789,
0.452381292707563,0.),(0.,0.,-1.),(0.,0.,-1.),(0.891005918241785,-0.453991688974714,
0.),(0.,0.,1.),(0.632496180173331,-0.316142922437876,0.70710836132702),
(0.,0.,1.),(0.648371430671047,-0.283326831029273,0.706640215886762),(-0.856857064365336,
-0.515554042993767,0.),(0.,0.,-1.),(-0.856857064365336,-0.515554042993767,
0.),(0.,0.,1.),(0.,0.,1.),(-0.85685706436537,0.51555404299371,0.),(-0.85685706436537,
0.51555404299371,0.),(0.,0.,-1.),(0.,0.,-1.),(-0.817423362916537,-0.576037364897642,
0.),(0.,0.,-1.),(0.809017121542351,0.587785077261519,0.),(-0.817423362916537,
-0.576037364897642,0.),(0.,0.,1.),(0.,0.,1.),(0.596619558936779,0.379529465069306,
0.707108539786),(0.,0.,1.),(0.615783872274307,0.348527026949764,0.706639323935782),
(-0.817421688612741,0.576039740803962,0.),(0.,0.,1.),(-0.817421688612741,
0.576039740803962,0.),(0.,0.,-1.),(0.,0.,-1.),(0.809015628321336,-0.587787132499371,
0.),(0.,0.,1.),(0.596619558937747,-0.379529465067843,0.707108539785969),
(0.,0.,1.),(0.615782984276227,-0.348528027735503,0.706639604153818),(-0.773726994160865,
-0.633519169802139,0.),(0.,0.,-1.),(-0.773726994160865,-0.633519169802139,
0.),(0.,0.,1.),(0.,0.,1.),(0.554454169134472,0.438838256548664,0.707107883507695),
(0.,0.,1.),(0.576681695165245,0.410000382089132,0.706638457167529),(-0.773725152781588,
0.633521418701142,0.),(0.,0.,1.),(-0.773725152781588,0.633521418701142,
0.),(0.,0.,-1.),(0.,0.,1.),(0.554455400066144,-0.438836701314641,0.707107883506313),
(0.,0.,1.),(0.576683045344588,-0.409998757802961,0.706638297725307),(-0.725995694839008,
-0.687699244637672,0.),(0.,0.,-1.),(0.,0.,-1.),(0.707104166920466,0.707109395442964,
0.),(-0.725995694839008,-0.687699244637672,0.),(0.,0.,1.),(0.,0.,1.),(0.531500245614876,
0.467087528998611,0.70663762224021),(-0.725995694838948,0.687699244637736,
0.),(0.,0.,1.),(-0.725995694838948,0.687699244637736,0.),(0.,0.,-1.),(0.,
0.,-1.),(0.707106781186481,-0.707106781186614,0.),(0.,0.,1.),(0.531500104493187,
-0.46708729987223,0.706637879837899),(-0.674480774519931,-0.738292411448874,
0.),(0.,0.,1.),(-0.674480774519931,-0.738292411448874,0.),(0.,0.,-1.),(0.,
0.,1.),(0.506415044698377,0.493500290652235,0.707107676121042),(-0.674480774519936,
0.73829241144887,0.),(0.,0.,-1.),(-0.674480774519936,0.73829241144887,0.),
(0.,0.,1.),(0.,0.,1.),(0.506415044698379,-0.493500290652237,0.707107676121039),
(0.707575882712803,0.,0.706637368247107),(0.999999999998815,-1.53923148091615E-6,
0.),(0.706167786451032,0.0364006056204314,0.707108233079856),(0.,0.,1.),
(0.,0.,1.),(0.707575408221252,-9.87536441266604E-6,0.706637843299526),(0.998176386583519,
0.0603647352934469,0.),(0.706167899244397,-0.0364007229991929,0.707108114394037),
(0.,0.,1.),(0.707575408311492,9.87589405278055E-6,0.706637843209159),(0.998176317747054,
-0.0603658735455265,0.),(0.,0.,1.),(0.,0.,1.),(0.698683752930459,0.108826886818832,
0.707105170463581),(0.703824212599748,0.0727599111954366,0.706638148617224),
(0.998174922721965,0.0603889364782895,0.),(0.,0.,1.),(0.703821342394066,
0.0727371274414622,0.706643352959737),(0.992796058022503,0.119816472886571,
0.),(0.703824971802548,0.0727568074325555,0.706637712013281),(0.,0.,1.),
(0.983623833205828,0.180233611597372,0.),(0.698683896170574,-0.10882837822669,
0.707104799392887),(0.,0.,1.),(0.,0.,1.),(0.703824450264179,-0.072759924596713,
0.706637910519246),(0.998174951564908,-0.0603884597284684,0.),(0.703821583545851,
-0.0727371675250225,0.706643108644984),(0.992796058022485,-0.119816472886722,
0.),(0.703825638438138,-0.0727597641744834,0.706636743592082),(0.983623623729367,
-0.180234754810242,0.),(0.,0.,1.),(0.,0.,1.),(0.683803715537282,0.180085294860925,
0.707093887112781),(0.692613983611594,0.144735654249195,0.706638139428333),
(0.983618863176777,0.180260733391346,0.),(0.,0.,1.),(0.69262922644682,0.144742829141521,
0.706621729133621),(0.971294291161227,0.237881062629227,0.),(0.683803184136657,
-0.180085022412562,0.707094470397865),(0.,0.,1.),(0.,0.,1.),(0.692613514209768,
-0.144735566639132,0.706638617458489),(0.983618593740031,-0.180262203605974,
0.),(0.692628771062549,-0.144742726587882,0.706622196506937),(0.97129429116125,
-0.237881062629131,0.),(-0.619448148114846,-0.785037573493835,0.),(0.,0.,
1.),(-0.619448148114846,-0.785037573493835,0.),(0.,0.,-1.),(0.,0.,1.),(0.480680674958032,
0.519239035492161,0.706637752135463),(-0.619451190449722,0.785035172874708,
0.),(0.,0.,-1.),(-0.619451190449722,0.785035172874708,0.),(0.,0.,1.),(0.,
0.,1.),(0.480613951048069,-0.519298718901898,0.706639278985262),(0.661727874629015,
0.24940060564031,0.707047069045063),(0.,0.,1.),(0.,0.,1.),(0.661787969388929,
-0.249329476368826,0.707015909146127),(0.632490090058331,0.316143963861899,
0.707113343171865),(0.,0.,1.),(0.648442962302486,0.283337740510145,0.706570201355097),
(0.934258914834976,0.35659540105191,0.),(0.648357884555316,0.283360934000725,
0.706638970491433),(0.,0.,1.),(0.911890998943619,0.410432462221981,0.),
(0.632497023016184,-0.316147111477556,0.707105734512217),(0.,0.,1.),(0.64850245799102,
-0.283285924600422,0.706536373375702),(0.934249332682726,-0.356620504713176,
0.),(0.648350918406232,-0.283376580217719,0.706639087785204),(0.911881159784681,
-0.410454321977154,0.),(0.,0.,1.),(0.,0.,1.),(-0.561185943679358,-0.827689758675742,
0.),(-0.561185943679358,-0.827689758675742,0.),(0.,0.,-1.),(0.,0.,-1.),
(0.587784141464485,0.809017801437557,0.),(0.,0.,1.),(0.394736554950727,
0.58667026887347,0.707107522096578),(0.,0.,1.),(0.453029067037843,0.5429190932591,
0.707109272031939),(0.,0.,1.),(0.424714508638486,0.565930403413946,0.706640194613708),
(-0.561189151309142,0.827687583846058,0.),(0.,0.,-1.),(0.,0.,-1.),(0.587787132499381,
-0.80901562832133,0.),(-0.561189151309142,0.827687583846058,0.),(0.,0.,
1.),(0.,0.,1.),(0.394738826579538,-0.586668740422695,0.707107522093675),
(0.,0.,1.),(0.452964062279013,-0.542975650788195,0.707107488953999),(0.,
0.,1.),(0.424716832096413,-0.565930105977529,0.706639036341929),(0.999999999999967,
0.,0.),(0.,0.,1.),(0.,0.,1.),(0.992708793705743,-0.120537342343331,0.),
(0.992708886464263,0.120536578410271,0.),(0.,0.,1.),(0.,0.,1.),(0.999999999999927,
0.,0.),(0.596634362237318,0.37950625279761,0.707108507858012),(0.,0.,1.),
(0.615780790847168,0.348520083535893,0.706645433718899),(0.884866514050806,
0.465844665432132,0.),(0.615791636670161,0.348513944638038,0.706639010103404),
(0.,0.,1.),(0.855780409194853,0.517339241927658,0.),(0.596638626255564,
-0.379499818593103,0.707108363228491),(0.,0.,1.),(0.615793384675389,-0.34852013339286,
0.706634434492016),(0.884859213119765,-0.465858533201948,0.),(0.615795673802391,
-0.34851077397366,0.706637055743994),(0.855785933905467,-0.517330102864261,
0.),(0.,0.,1.),(0.,0.,1.),(0.970942665187506,0.239312224757897,0.),(0.,
0.,1.),(0.987687957950136,0.156436880946565,0.),(0.970942796511482,-0.239311691946573,
0.),(0.,0.,1.),(0.,0.,1.),(0.987688075828445,-0.15643613670218,0.),(0.554455771020404,
0.438837977896653,0.707106800375831),(0.,0.,1.),(0.57668954950343,0.409988530194758,
0.706638923780931),(0.855778629299903,0.517342186210996,0.),(0.,0.,1.),
(0.576697095682151,0.409974839428774,0.706640708470099),(0.822675809586632,
0.568510784700678,0.),(0.576696674696397,0.409977646003372,0.706639423731546),
(0.,0.,1.),(0.787190937443995,0.616709354563412,0.),(0.554451058606113,
-0.438841434664812,0.707108350135883),(0.,0.,1.),(0.,0.,1.),(0.576696364950601,
-0.409979831647836,0.706638408448604),(0.855778597105635,-0.517342239466208,
0.),(0.576698211914242,-0.409975608117992,0.706639351524665),(0.822675809586608,
-0.568510784700711,0.),(0.576697751989055,-0.409978474952706,0.70663806359849),
(0.787187916420861,-0.616713210691147,0.),(0.,0.,1.),(0.954739472298998,
0.297443339199575,0.),(0.693327790591387,0.1449555421977,0.705892672847534),
(0.,0.,1.),(0.,0.,1.),(0.954678879525422,0.297637761361104,0.),(0.651035638692646,
0.284102353629898,0.70387388771996),(0.935017037025661,0.354602792532359,
0.),(0.,0.,1.),(0.,0.,1.),(0.951056990633468,0.309015534507913,0.),(0.954739942783037,
-0.297441829026514,0.),(0.,0.,1.),(0.693327790591387,-0.1449555421977,0.705892672847534),
(0.93501676511027,-0.354603509518342,0.),(0.,0.,1.),(0.,0.,1.),(0.951057341369963,
-0.309014455044254,0.),(0.,0.,1.),(0.954679296822524,-0.297636422869326,
0.),(0.652442789101742,-0.284378270318909,0.702458117128391),(-0.499999064841184,
-0.866025943697959,0.),(0.,0.,1.),(-0.499999064841184,-0.866025943697959,
0.),(0.,0.,-1.),(0.,0.,-1.),(-0.499997227398757,0.866027004540595,0.),(-0.499997227398757,
0.866027004540595,0.),(0.,0.,1.),(0.,0.,1.),(0.911897667601837,0.410417645603013,
0.),(0.615627159411386,0.348458178875426,0.706809803391188),(0.885454525556311,
0.4647260302284,0.),(0.,0.,1.),(0.,0.,1.),(0.891007071566495,0.453989425447883,
0.),(0.885454881592412,-0.464725351862976,0.),(0.,0.,1.),(0.,0.,1.),(0.891005918241785,
-0.453991688974714,0.),(0.,0.,1.),(0.911887380488223,-0.410440501542311,
0.),(0.616036047753178,-0.348646634027676,0.706360469200971),(0.822983627804265,
0.568065091663029,0.),(0.,0.,1.),(0.,0.,1.),(0.8229833271166,-0.56806552728359,
0.),(0.506394994183061,0.493521038860663,0.707107554809188),(0.,0.,1.),
(0.531481800855158,0.467109123026623,0.70663722131307),(0.787180256759149,
0.616722987546742,0.),(0.,0.,1.),(0.531477499719455,0.467112409592255,0.706638283775281),
(0.748611956736614,0.663008399819322,0.),(0.531478710809855,0.467111129287048,
0.706638219212684),(0.,0.,1.),(0.707106781186536,0.707106781186559,0.),
(0.506402050338513,-0.493513660168767,0.707107651379743),(0.,0.,1.),(0.,
0.,1.),(0.531472083237473,-0.467114448796547,0.706641009611471),(0.787177127137877,
-0.61672698214928,0.),(0.531476326195455,-0.467111397218927,0.706639835617809),
(0.748611956736965,-0.663008399818926,0.),(0.531484568412133,-0.467103482331304,
0.706638868400074),(0.707110626704038,-0.707102935648096,0.),(0.,0.,1.),
(0.,0.,1.),(-0.436206756504175,-0.899846467782203,0.),(-0.436206756504175,
-0.899846467782203,0.),(0.,0.,-1.),(0.,0.,-1.),(0.453991688974851,0.891005918241715,
0.),(0.,0.,1.),(0.332288416140069,0.624166876832263,0.707106864882942),
(0.,0.,1.),(0.364220801409625,0.606633688513233,0.706639070375648),(-0.436206824568348,
0.899846434787624,0.),(0.,0.,-1.),(0.,0.,-1.),(0.45399168897485,-0.891005918241716,
0.),(-0.436206824568348,0.899846434787624,0.),(0.,0.,1.),(0.,0.,1.),(0.332287408376343,
-0.624165087990411,0.707108917472023),(0.,0.,1.),(0.364219422695678,-0.606633034082564,
0.706640342813096),(0.748511777250645,0.663121496648296,0.),(0.,0.,1.),
(0.,0.,1.),(0.809017121542351,0.587785077261519,0.),(0.748509762153418,
-0.663123771222995,0.),(0.,0.,1.),(0.,0.,1.),(0.809015628321336,-0.587787132499371,
0.),(0.45296966820218,0.54296899492682,0.707109008736959),(0.,0.,1.),(0.480637185518176,
0.519278176913099,0.706638571604306),(0.707106781186536,0.707106781186559,
0.),(0.,0.,1.),(0.480630321465363,0.519283604838494,0.706639251552049),
(0.66376471094114,0.747941447246524,0.),(0.480631244540239,0.519282226232241,
0.706639636795863),(0.,0.,1.),(0.616708687016366,0.787191460420202,0.),
(0.452969603838722,-0.542970270760669,0.707108070289314),(0.,0.,1.),(0.,
0.,1.),(0.480629523931107,-0.519283081957989,0.70664017825055),(0.707100430223561,
-0.707113132092441,0.),(0.480636809435056,-0.519276563847533,0.706640012775097),
(0.663779052337785,-0.747928719650177,0.),(0.480649206990927,-0.519267571000103,
0.706638188556666),(0.616736432116331,-0.787169723312827,0.),(0.,0.,1.),
(0.,0.,1.),(0.394731622080189,0.586690492243841,0.707093496533961),(0.424706212600313,
0.565931630287478,0.70664419817816),(0.6167317778807,0.787173369818902,
0.),(0.,0.,1.),(0.424690660188568,0.565969522870254,0.706623196852903),
(0.569381156042561,0.822073657979403,0.),(0.394738886991395,-0.586665266495438,
0.707110370582013),(0.,0.,1.),(0.,0.,1.),(0.424697371606626,-0.565944243379803,
0.706639410120668),(0.616718007833365,-0.787184158132022,0.),(0.424701520421143,
-0.565938082232824,0.706641851032475),(0.56936626422282,-0.822083972088588,
0.),(0.663123654530698,0.748509865534079,0.),(0.,0.,1.),(0.,0.,1.),(0.707104166920466,
0.707109395442964,0.),(0.663123693548353,-0.748509830967362,0.),(0.,0.,
1.),(0.,0.,1.),(0.707106781186481,-0.707106781186614,0.),(-0.370139227384385,
-0.928976292674517,0.),(0.,0.,1.),(-0.370139227384385,-0.928976292674517,
0.),(0.,0.,-1.),(0.,0.,1.),(0.300063146313367,0.640802925069379,0.706635492631845),
(-0.370139167765775,0.92897631642882,0.),(0.,0.,-1.),(-0.370139167765775,
0.92897631642882,0.),(0.,0.,1.),(0.,0.,1.),(0.299961418079869,-0.640846257642343,
0.706639385917115),(0.568065572753893,0.822983295730713,0.),(0.,0.,1.),
(0.,0.,1.),(0.587784141464485,0.809017801437557,0.),(0.56806555640945,-0.822983307012492,
0.),(0.,0.,1.),(0.,0.,1.),(0.587787132499381,-0.80901562832133,0.),(-0.30213836961096,
-0.953264079680353,0.),(0.,0.,1.),(-0.30213836961096,-0.953264079680353,
0.),(0.,0.,-1.),(0.,0.,-1.),(0.309014455044296,0.951057341369949,0.),(0.,
0.,1.),(0.232393591179684,0.668324628444797,0.7066366886829),(0.,0.,1.),
(0.2664258375086,0.654991799425311,0.70710891367132),(-0.30213841955348,
0.953264063851001,0.),(0.,0.,-1.),(0.,0.,-1.),(0.309014455044195,-0.951057341369982,
0.),(-0.30213841955348,0.953264063851001,0.),(0.,0.,1.),(0.,0.,1.),(0.232501294704418,
-0.668283264472245,0.706640379816416),(0.,0.,1.),(0.266430052715269,-0.654990084983616,
0.707108913522729),(0.517340552926026,0.855779616664355,0.),(0.424909774016407,
0.56637643543024,0.706165290378012),(0.,0.,1.),(0.,0.,1.),(0.464721643490685,
0.885456827898072,0.),(0.,0.,1.),(0.453991688974851,0.891005918241715,0.),
(0.517340581759385,-0.855779599233857,0.),(0.,0.,1.),(0.424687028500345,
-0.565909791497985,0.706673217060229),(0.517297653109357,-0.855805549226897,
0.),(0.300029752238196,-0.64105417599584,0.706421751654196),(0.,0.,1.),
(0.,0.,1.),(0.464725516472267,-0.885454795198255,0.),(0.,0.,1.),(0.45399168897485,
-0.891005918241716,0.),(0.,0.,1.),(0.300029752220859,0.641054175973733,
0.70642175168162),(0.517297681889379,0.855805531830609,0.),(0.332313528294766,
0.624153822086425,0.707106586935231),(0.,0.,1.),(0.,0.,1.),(0.33230949404144,
-0.624153706065168,0.707108585278837),(-0.232567086798856,-0.972580356648176,
0.),(0.,0.,1.),(-0.232567086798856,-0.972580356648176,0.),(0.,0.,-1.),(0.,
0.,1.),(0.19762785852293,0.678928721399106,0.707106088783724),(-0.232567047577598,
0.97258036602691,0.),(0.,0.,-1.),(0.,0.,1.),(0.19762400765395,-0.678927516969905,
0.70710832147548),(-0.232567047577598,0.97258036602691,0.),(0.,0.,1.),(0.299928999026687,
0.64086162047648,0.706639214127768),(0.463073162632268,0.886320058471966,
0.),(0.299928016003747,-0.640859772413815,0.706641307395605),(0.463073162631828,
-0.886320058472196,0.),(0.41040839418532,0.911901831329571,0.),(0.29995001029895,
0.640852993454367,0.70663811962152),(0.,0.,1.),(0.,0.,1.),(0.354603424259237,
0.935016797444629,0.),(0.410413736969589,-0.911899426749821,0.),(0.,0.,
1.),(0.299949154439127,-0.640851076828891,0.70664022110159),(0.410421984663183,
-0.91189571470927,0.),(0.232480424505598,-0.66829073624411,0.706640180057717),
(0.,0.,1.),(0.,0.,1.),(0.354603359173065,-0.935016822128441,0.),(0.266371973169954,
0.655015573663479,0.707107184355985),(0.,0.,1.),(0.,0.,1.),(0.232453055176165,
0.668301912489023,0.706638614075668),(0.410416794212747,0.911898050786452,
0.),(0.26639928708778,-0.655002468345792,0.707109034237326),(0.,0.,1.),
(0.232466229650921,0.668296659475372,0.70663924813581),(0.35356933876485,
0.935408318695845,0.),(0.232472706422549,0.668292824294483,0.706640744484125),
(0.,0.,1.),(0.297495597484356,0.95472318997572,0.),(0.197623156385905,0.678924623077912,
0.70711133793667),(0.,0.,1.),(0.232466229651198,-0.668296659475184,0.706639248135898),
(0.353569338765269,-0.935408318695686,0.),(0.232464700322698,-0.668297172287573,
0.706639266257057),(0.297495591744396,-0.954723191764316,0.),(0.,0.,1.),
(0.,0.,1.),(0.197630131331308,-0.678927340339195,0.707106779581357),(-0.161782089958565,
-0.986826507228418,0.),(0.,0.,1.),(-0.161782089958565,-0.986826507228418,
0.),(0.,0.,-1.),(0.,0.,-1.),(0.156436136702053,0.987688075828465,0.),(0.,
0.,1.),(0.162419257413934,0.68867888931934,0.706640907552758),(-0.161779766743961,
0.986826888097537,0.),(0.,0.,-1.),(0.,0.,-1.),(0.156436136702174,-0.987688075828446,
0.),(0.,0.,1.),(0.162533849390154,-0.688654588162778,0.706638242670728),
(-0.161779766743961,0.986826888097537,0.),(0.,0.,1.),(0.,0.,1.),(0.309014455044296,
0.951057341369949,0.),(0.239316160174078,0.970941695200844,0.),(0.,0.,1.),
(0.,0.,1.),(0.309014455044195,-0.951057341369982,0.),(0.297484261989959,
-0.954726722087678,0.),(0.162519845949322,-0.688657494276108,0.70663863130313),
(0.,0.,1.),(0.,0.,1.),(0.239311644422957,-0.970942808224848,0.),(0.,0.,
1.),(0.162514944835309,0.688655272702623,0.706641923525666),(0.297514151191738,
0.954717408367863,0.),(-0.0901536550497023,-0.995927868111531,0.),(0.,0.,
1.),(-0.0901536550497023,-0.995927868111531,0.),(0.,0.,-1.),(0.,0.,1.),
(0.12667268517989,0.695667263897127,0.707107551063628),(0.,0.,1.),(0.0907581634485149,
0.701727416014133,0.706641061205461),(-0.0901560432132287,0.995927651926652,
0.),(0.,0.,-1.),(0.,0.,1.),(0.126781820877127,-0.695647379410046,0.707107554347297),
(0.,0.,1.),(0.0908760910088924,-0.701715253666562,0.706637982884175),(-0.0901560432132287,
0.995927651926652,0.),(0.,0.,1.),(0.238934744578662,0.971035626448963,0.),
(0.162527429049556,0.688655878085834,0.706638462287732),(0.238927325373624,
-0.971037452001624,0.),(0.16251360833341,-0.688656480212806,0.706641054119674),
(0.180251122942193,0.983620624365955,0.),(0.162515944336449,0.688656028738033,
0.706640956865078),(0.,0.,1.),(0.,0.,1.),(0.156436136702053,0.987688075828465,
0.),(0.120537429714093,0.992708783096986,0.),(0.,0.,1.),(0.,0.,1.),(0.18026588438556,
-0.983617919177286,0.),(0.162533391708775,-0.688656287936773,0.706636691422676),
(0.,0.,1.),(0.156436136702174,-0.987688075828446,0.),(0.18025004826396,
-0.983620821303008,0.),(0.0908458151767782,-0.701717028939834,0.706640112900986),
(0.,0.,1.),(0.,0.,1.),(0.120537474498573,-0.992708777659116,0.),(0.126776459884939,
0.695648406379301,0.707107505207646),(0.,0.,1.),(0.,0.,1.),(0.090860337423066,
0.701718143619334,0.706637138847657),(0.180257825537467,0.983619396073754,
0.),(0.126767853818024,-0.695649090711528,0.70710837488365),(0.,0.,1.),
(0.,0.,1.),(-0.018053902206852,-0.999837015025502,0.),(0.,0.,-1.),(0.,0.999999999999927,
0.),(-0.018053902206852,-0.999837015025502,0.),(0.,0.,-1.),(0.,0.,1.),(0.054508338768944,
0.705001644017653,0.707107858064847),(0.,0.,1.),(0.0182504432724808,0.707338453380469,
0.706639394379965),(-0.0180562997445626,0.999836971730659,0.),(0.,0.,-1.),
(0.,0.,-1.),(0.,-0.999999999999927,0.),(0.,0.,1.),(0.054624493711992,-0.704992653297133,
0.707107858451436),(0.,0.,1.),(0.0182468802774134,-0.707338561852786,0.706639377813163),
(0.,0.,1.),(-0.0180562997445626,0.999836971730659,0.),(0.120843905374254,
0.992671521971845,0.),(0.0908468127711251,0.701717345909572,0.706639669887669),
(0.12084390537449,-0.992671521971816,0.),(0.0908468127711632,-0.701717345909573,
0.706639669887663),(0.0603730923321863,0.998175881156342,0.),(0.0908402887494158,
0.701717386964283,0.706640467827835),(0.,0.,1.),(0.,0.,1.),(0.,0.999999999999927,
0.),(0.,0.999999999999998,0.),(0.,0.,1.),(0.,0.,1.),(0.0603808665461092,
-0.998175410914901,0.),(0.0908561528961391,-0.701716697619202,0.706639112817366),
(0.,0.,1.),(0.,-0.999999999999927,0.),(0.0603705473486237,-0.9981760350824,
0.),(0.0182111275203128,-0.707341442769933,0.706637416342064),(0.,0.,1.),
(0.,0.,1.),(0.,-0.999999999999957,0.),(0.0545662339276266,0.704996049105119,
0.707108970994661),(0.,0.,1.),(0.,0.,1.),(0.0182270367398726,0.707338588501766,
0.70663986325993),(0.0603831606119094,0.998175272141374,0.),(0.0545841774804036,
-0.704995648366615,0.707107985637924),(0.,0.,1.),(0.,0.,1.),(-0.0182080166582198,
0.706871354436148,0.70710774031047),(0.0182140035941633,0.707342257478529,
0.706636526694064),(0.00102929497139766,0.999999470275791,0.),(0.0182180628209805,
0.707340737958692,0.706637943087621),(0.,0.,1.),(-0.0603854873087605,0.998175131388496,
0.),(-0.0182075260889004,0.706870190578543,0.707108916409046),(0.,0.,1.),
(0.,0.,1.),(-0.0182080257562878,-0.70687135420174,0.707107740310525),(0.0182031028198967,
-0.707342763773436,0.706636300783568),(0.00100865113156693,-0.999999491311318,
0.),(0.0182181538962995,-0.707338368233955,0.7066403128132),(-0.060379084272943,
-0.998175518725219,0.),(0.,0.,1.),(0.,0.,1.),(-0.0182033683757927,-0.706869977011439,
0.707109236949725),(0.0541398841885852,-0.998533360954979,0.),(0.,0.,1.),
(0.,0.,-1.),(0.0541398841885852,-0.998533360954979,0.),(0.0541398841885847,
0.998533360954979,0.),(0.,0.,-1.),(0.,0.,1.),(0.0541398841885847,0.998533360954979,
0.),(0.,0.,1.),(-0.120536541265859,0.992708890974417,0.),(-0.156436880946425,
0.987687957950159,0.),(0.,0.,-1.),(-0.156436880946425,0.987687957950159,
0.),(0.,0.,1.),(0.,0.,1.),(-0.156436880946547,-0.987687957950139,0.),(-0.156436880946547,
-0.987687957950139,0.),(0.,0.,-1.),(0.,0.,1.),(-0.120536597974448,-0.992708884088755,
0.),(-0.0603850860988798,-0.998175155659982,0.),(-0.0546126869452793,-0.705463245621409,
0.70663927395944),(0.,0.,1.),(0.,0.,1.),(-0.0546023884124849,0.705465101811765,
0.706638216703122),(-0.0603657347701476,0.998176326139632,0.),(-0.0545967182518028,
0.705465396270362,0.706638360847495),(0.,0.,1.),(0.,0.,1.),(-0.0545931709703176,
-0.705465613233437,0.706638418307819),(0.126049653724312,-0.992023933580224,
0.),(0.,0.,1.),(0.,0.,-1.),(0.126049653724312,-0.992023933580224,0.),(0.126052004618321,
0.992023634865472,0.),(0.,0.,-1.),(0.,0.,1.),(0.126052004618321,0.992023634865472,
0.),(-0.118832573581946,0.992914306199629,0.),(-0.054625127483727,0.705459314302351,
0.706642237140863),(-0.118706586380593,-0.992929376315288,0.),(-0.0545958944075384,
-0.705486730071404,0.706617125469656),(-0.309015534507927,0.951056990633464,
0.),(0.,0.,-1.),(0.,0.,-1.),(0.197303169431377,-0.980342521434388,0.),(0.,
0.,1.),(-0.239316731323226,0.970941554424749,0.),(-0.309015534507927,0.951056990633464,
0.),(0.,0.,1.),(0.,0.,1.),(-0.309015534507826,-0.951056990633496,0.),(0.,
0.,-1.),(0.197305492642514,0.980342053863393,0.),(-0.309015534507826,-0.951056990633496,
0.),(0.,0.,-1.),(0.,0.,1.),(-0.239312270537163,-0.9709426539041,0.),(-0.18029194671564,
0.983613142424136,0.),(-0.0546360629061139,0.705284475202056,0.706815895172908),
(0.,0.,1.),(0.,0.,1.),(-0.090817201645084,0.701245940427782,0.707111283263753),
(-0.180136481492017,-0.983641625814825,0.),(0.,0.,1.),(-0.0547203857463424,
-0.706372979442911,0.705721540904567),(-0.180243072064031,-0.983622099676944,
0.),(-0.197718265732344,-0.679159182132092,0.70685945754546),(0.,0.,1.),
(0.,0.,1.),(-0.0907738507648687,-0.701273983036199,0.70708903875952),(0.,
0.,1.),(-0.19771826572634,0.679159182112425,0.706859457566036),(-0.180238367829457,
0.983622961689169,0.),(-0.0907764556365899,0.701254291649182,0.70710823326112),
(0.,0.,1.),(0.,0.,1.),(-0.126903377745298,0.69610046534049,0.706639706547535),
(0.,0.,1.),(-0.162411923785519,0.688196777248803,0.707112128871121),(-0.0907797954667524,
-0.701253859263303,0.707108233301903),(0.,0.,1.),(0.,0.,1.),(-0.126789146624727,
-0.696123291513282,0.706637725649351),(0.,0.,1.),(-0.162414662833298,-0.688195057230402,
0.707113173756783),(0.,0.,1.),(0.197303169431377,-0.980342521434388,0.),
(0.,0.,1.),(0.197305492642514,0.980342053863393,0.),(-0.197764133714594,
0.679371203421568,0.706642848529331),(-0.240917646119391,0.970545561933231,
0.),(-0.197754061878259,0.67937836840191,0.706638778696874),(0.,0.,1.),
(0.,0.,1.),(-0.162459864670136,0.688190716907154,0.707107014202361),(-0.197747778574388,
-0.679372943067911,0.706645753044721),(-0.24089496532145,-0.970551191685826,
0.),(-0.197755354223648,-0.679377459285936,0.706639291074354),(0.,0.,1.),
(0.,0.,1.),(-0.162346860216599,-0.688215059606965,0.707109276355496),(-0.453989425447961,
0.891007071566455,0.),(0.,0.,-1.),(0.,0.,-1.),(0.267526123047884,-0.963550607641845,
0.),(0.,0.,-1.),(0.403434496264162,-0.915008528498004,0.),(0.,0.,-1.),(0.336357039724163,
-0.941734538937591,0.),(0.,0.,1.),(-0.354602940477606,0.935016980917793,
0.),(-0.453989425447961,0.891007071566455,0.),(0.,0.,1.),(0.,0.,1.),(-0.453989425447961,
-0.891007071566455,0.),(0.,0.,-1.),(0.267526123047778,0.963550607641874,
0.),(-0.453989425447961,-0.891007071566455,0.),(0.,0.,-1.),(0.,0.,-1.),
(0.403434496264154,0.915008528498007,0.),(0.,0.,-1.),(0.33635703972417,
0.941734538937589,0.),(0.,0.,1.),(-0.354602682622245,-0.935017078708784,
0.),(-0.297506207225451,0.954719883872904,0.),(-0.197764357891668,0.679376140000541,
0.706638039696181),(0.,0.,1.),(0.,0.,1.),(-0.297490669062721,-0.954724725677814,
0.),(-0.197750018113265,-0.67937861267453,0.706639675490015),(-0.297488771013015,
-0.954725317104943,0.),(-0.26655605390748,-0.655445254199029,0.706639504183882),
(0.,0.,1.),(0.,0.,1.),(-0.232297258021404,0.667858566278668,0.707108845485572),
(0.,0.,1.),(-0.266562295452791,0.65544313712785,0.706639113434108),(-0.297526542424154,
0.954713546857428,0.),(-0.232322392935133,-0.667851039726927,0.707107696519106),
(0.,0.,1.),(0.,0.,1.),(0.267526123047884,-0.963550607641845,0.),(0.,0.,
1.),(0.267526123047778,0.963550607641874,0.),(-0.232288815365681,0.667860958765003,
0.707109359302717),(0.,0.,1.),(0.,0.,1.),(-0.23229267346965,-0.667861942149602,
0.707107163081017),(-0.266538795308511,0.655451597603892,0.706640130330845),
(0.,0.,1.),(0.,0.,1.),(-0.266540148649854,-0.655452596609042,0.70663869322036),
(-0.355516872362005,0.934669863356008,0.),(-0.266578680676379,0.655436959604608,
0.706638662254697),(-0.355475641468098,-0.934685545155612,0.),(-0.266551911336285,
-0.655447254428445,0.70663921149706),(-0.58778208622106,0.80901929465101,
0.),(0.,0.,-1.),(0.,0.,-1.),(0.530940832166642,-0.847408893473625,0.),(0.,
0.,-1.),(0.468409743595479,-0.883511353693215,0.),(0.,0.,1.),(-0.464722089812217,
0.8854565936513,0.),(-0.58778208622106,0.80901929465101,0.),(0.,0.,1.),
(0.,0.,1.),(-0.568065107989572,0.822983616534857,0.),(-0.587785077261476,
-0.809017121542381,0.),(0.,0.,1.),(-0.587785077261476,-0.809017121542381,
0.),(0.,0.,-1.),(0.,0.,-1.),(0.530939069806054,0.847409997671423,0.),(0.,
0.,-1.),(0.468407906152607,0.883512327844796,0.),(0.,0.,1.),(-0.46472607443176,
-0.885454502356414,0.),(0.,0.,1.),(-0.568065124676838,-0.822983605016458,
0.),(-0.410412159561202,0.911900136683993,0.),(-0.266558077797341,0.655442609494667,
0.706641193831642),(0.,0.,1.),(0.,0.,1.),(-0.410412254980249,-0.911900093739455,
0.),(-0.266568469272219,-0.6554425285899,0.706637348931928),(-0.410420540061379,
-0.911896364887878,0.),(-0.332541476922596,-0.624562530578925,0.706638388090393),
(0.,0.,1.),(0.,0.,1.),(-0.299753690475818,0.640423632507368,0.707110525994484),
(0.,0.,1.),(-0.332543773255358,0.624560522232919,0.706639082514711),(-0.410395547729952,
0.911907612866241,0.),(-0.29975089622953,-0.640430025219375,0.707105920642094),
(0.,0.,1.),(0.,0.,1.),(0.336357039724163,-0.941734538937591,0.),(0.,0.,
1.),(0.33635703972417,0.941734538937589,0.),(-0.299754220108801,0.640427031360731,
0.707107223148969),(0.,0.,1.),(0.,0.,1.),(0.403434496264162,-0.915008528498004,
0.),(-0.299751483492363,-0.640428312232589,0.707107223152928),(0.,0.,1.),
(0.,0.,1.),(0.403434496264154,0.915008528498007,0.),(-0.332567087302605,
0.624548170111284,0.706639027830835),(0.,0.,1.),(0.,0.,1.),(-0.332564243927466,
-0.624549551953399,0.70663914469534),(-0.464918511386655,0.885353476172097,
0.),(-0.332534210770224,0.624569658986309,0.706635506991511),(-0.464942252151184,
-0.88534100897032,0.),(-0.332550773294984,-0.624554036129114,0.706641520953688),
(-0.707106781186547,0.707106781186548,0.),(0.,0.,-1.),(0.,0.,-1.),(0.647385285174194,
-0.762162904200885,0.),(0.,0.,-1.),(0.590703926065831,-0.806888388645178,
0.),(-0.707106781186547,0.707106781186548,0.),(0.,0.,1.),(0.,0.,1.),(-0.663121485901474,
0.74851178677147,0.),(-0.707109395442897,-0.707104166920533,0.),(0.,0.,
1.),(-0.707109395442897,-0.707104166920533,0.),(0.,0.,-1.),(0.,0.,-1.),
(0.647387987736712,0.762160608621445,0.),(0.,0.,-1.),(0.590703926065823,
0.806888388645185,0.),(0.,0.,1.),(-0.663121452351814,-0.748511816493782,
0.),(-0.517342027506489,0.855778725241212,0.),(-0.332549916183343,0.624557682580283,
0.706638701442539),(0.,0.,1.),(0.,0.,1.),(-0.517342062939417,-0.855778703821022,
0.),(-0.332540482871666,-0.624561651767146,0.706639632622862),(-0.517339826439139,
-0.855780055843744,0.),(-0.395003956756933,-0.587053231029048,0.706640204124222),
(0.,0.,1.),(0.,0.,1.),(-0.36401667862453,0.606209173642055,0.707108404330894),
(0.,0.,1.),(-0.394997476749253,0.587058681914121,0.70663929791017),(-0.517339861938518,
0.855780034383505,0.),(0.,0.,1.),(-0.364015039163121,-0.606209933838307,
0.707108596595195),(0.,0.,1.),(0.468409743595479,-0.883511353693215,0.),
(0.,0.,1.),(0.468407906152607,0.883512327844796,0.),(-0.394963719015235,
0.587080899491448,0.706639708843175),(0.,0.,1.),(0.,0.,1.),(-0.364000047612139,
0.606219827807838,0.707107831742088),(-0.394963959725742,-0.587079716377947,
0.706640557239218),(0.,0.,1.),(0.,0.,1.),(-0.364000047611962,-0.606219827807876,
0.707107831742146),(-0.809019294650969,0.587782086221117,0.),(0.,0.,1.),
(-0.809019294650969,0.587782086221117,0.),(0.,0.,-1.),(0.,0.,-1.),(0.750350066851821,
-0.6610406773985,0.),(0.,0.,-1.),(0.700693249325354,-0.713462662197453,
0.),(0.,0.,1.),(-0.748511887087334,0.663121372667871,0.),(-0.809017801437553,
-0.58778414146449,0.),(0.,0.,-1.),(0.,0.,-1.),(0.750348055490885,0.661042960495797,
0.),(0.,0.,-1.),(0.700695779200509,0.71346017759269,0.),(-0.809017801437553,
-0.58778414146449,0.),(0.,0.,1.),(0.,0.,1.),(-0.748509818191634,-0.663123707969129,
0.),(-0.567667360978802,0.823258019869447,0.),(-0.394989590681862,0.587061922540431,
0.706641013780058),(-0.567667360978658,-0.823258019869546,0.),(-0.394988417318638,
-0.587060346385732,0.706642979081786),(-0.616717345270496,0.787184677215204,
0.),(-0.394996992470025,0.587059517059082,0.706638874793903),(0.,0.,1.),
(0.,0.,1.),(-0.616712810367767,-0.787188230049387,0.),(-0.394995809918412,
-0.587057953975476,0.706640834385493),(-0.616716813406213,-0.787185093902369,
0.),(-0.453263205822432,-0.543334809563351,0.706639760390207),(0.,0.,1.),
(0.,0.,1.),(-0.424420106223131,0.565567327939826,0.707107609208494),(0.,
0.,1.),(-0.453255921424919,0.543337059478898,0.706642702849235),(-0.616709155875392,
0.78719109310214,0.),(-0.424415367709885,-0.565569739277894,0.707108524672712),
(0.,0.,1.),(0.,0.,1.),(-0.42437652482961,0.565599887435577,0.707107723410235),
(-0.453229310206281,0.543363076544573,0.706639766371774),(0.,0.,1.),(0.,
0.,1.),(-0.424447517876383,-0.565544287757048,0.707109583554028),(-0.453300364963564,
-0.543305187771265,0.70663869980686),(0.,0.,1.),(0.,0.,1.),(0.530940832166642,
-0.847408893473625,0.),(0.,0.,1.),(0.530939069806054,0.847409997671423,
0.),(-0.891007071566495,0.453989425447883,0.),(0.,0.,1.),(-0.891007071566495,
0.453989425447883,0.),(0.,0.,-1.),(0.,0.,-1.),(0.83768596983232,-0.546152191194071,
0.),(0.,0.,-1.),(0.796092779314207,-0.605174591935073,0.),(0.,0.,1.),(-0.822983536858876,
0.568065223420003,0.),(-0.891005918241785,-0.453991688974714,0.),(0.,0.,
-1.),(0.,0.,-1.),(0.837687322175615,0.54615011696991,0.),(0.,0.,-1.),(0.7960909379376,
0.605177014214545,0.),(-0.891005918241785,-0.453991688974714,0.),(0.,0.,
1.),(0.,0.,1.),(-0.822983359854631,-0.568065479854552,0.),(-0.662221211162227,
0.749308392777522,0.),(-0.453258025936202,0.543337423544882,0.706641073034979),
(-0.66223337403255,-0.749297643341726,0.),(-0.453265774122727,-0.543333643333443,
0.706639009700803),(-0.707109644931144,0.707103917430321,0.),(-0.453279984971824,
0.54332707441632,0.706634944954002),(0.,0.,1.),(0.,0.,1.),(-0.707106781186547,
-0.707106781186547,0.),(-0.453279984971916,-0.54332707441633,0.706634944953936),
(-0.707106781186547,-0.707106781186547,0.),(-0.506727759491918,-0.493850494982902,
0.706638992955699),(0.,0.,1.),(0.,0.,1.),(-0.48032614827591,0.518929889797132,
0.707105763487729),(0.,0.,1.),(-0.50671871897614,0.493861174220785,0.706638012306476),
(-0.707090694378395,0.707122867628694,0.),(-0.480323621292961,-0.518931909330987,
0.707105997928254),(0.,0.,1.),(0.,0.,1.),(-0.480319602934708,0.518934345561334,
0.707106939602119),(-0.50669809415356,0.49388301191029,0.706637539285573),
(0.,0.,1.),(0.,0.,1.),(-0.480316462696791,-0.518934926769363,0.707108646136729),
(-0.506755559262866,-0.493820030228813,0.706640347631661),(0.,0.,1.),(0.,
0.,1.),(-0.951056990633468,0.309015534507913,0.),(-0.951056990633468,0.309015534507913,
0.),(0.,0.,-1.),(0.,0.,-1.),(0.935508566270372,-0.353304008517809,0.),(0.,
0.,-1.),(0.874911277319646,-0.4842832402829,0.),(0.,0.,-1.),(0.907574723944919,
-0.419890605344183,0.),(0.,0.,1.),(-0.935016895268632,0.354603166317235,
0.),(0.,0.,1.),(-0.885456625575712,0.464722028985111,0.),(-0.951057341369963,
-0.309014455044254,0.),(0.,0.,-1.),(0.,0.,-1.),(0.935508566270369,0.353304008517818,
0.),(0.,0.,-1.),(0.874912476466997,0.484281073884152,0.),(0.,0.,-1.),(0.907574723944898,
0.419890605344229,0.),(-0.951057341369963,-0.309014455044254,0.),(0.,0.,
1.),(0.,0.,1.),(-0.935016839180578,-0.354603314210063,0.),(0.,0.,1.),(-0.885456769947839,
-0.464721753906073,0.),(0.,0.,1.),(0.590703926065831,-0.806888388645178,
0.),(0.,0.,1.),(0.590703926065823,0.806888388645185,0.),(0.,0.,1.),(0.647385285174194,
-0.762162904200885,0.),(0.,0.,1.),(0.647387987736712,0.762160608621445,
0.),(-0.987687957950136,0.156436880946565,0.),(0.,0.,1.),(-0.987687957950136,
0.156436880946565,0.),(0.,0.,-1.),(0.,0.,-1.),(0.976620018301776,-0.214972881667056,
0.),(0.,0.,-1.),(0.958562927004502,-0.284880878566045,0.),(0.,0.,1.),(-0.970941583942884,
0.239316611563962,0.),(-0.987688075828445,-0.15643613670218,0.),(0.,0.,
-1.),(0.,0.,-1.),(0.976620018301774,0.214972881667067,0.),(0.,0.,-1.),(0.958562927004505,
0.284880878566036,0.),(-0.987688075828445,-0.15643613670218,0.),(0.,0.,
1.),(0.,0.,1.),(-0.970941683854985,-0.239316206205902,0.),(-0.747375801544826,
0.664401543695699,0.),(-0.506705556522048,0.493792374470434,0.706695528431114),
(-0.747266457075269,-0.664524523347464,0.),(-0.506769646305231,-0.493819648946973,
0.706630511581236),(-0.787320227132747,0.616544288715449,0.),(-0.50498418885808,
0.492330826500624,0.708943810383136),(0.,0.,1.),(0.,0.,1.),(-0.531120428178332,
0.466731375968441,0.707158336907846),(-0.787194356231478,-0.616704990670019,
0.),(0.,0.,1.),(-0.507105899523442,-0.494024260236708,0.706246158903603),
(-0.78718883384486,-0.616712039666787,0.),(-0.597266161789643,-0.379969436625612,
0.70632595818891),(0.,0.,1.),(0.,0.,1.),(-0.531166907747822,-0.466766892273101,
0.70709998189176),(0.,0.,1.),(-0.597266161789093,0.379969436625263,0.706325958189564),
(-0.787188811878921,0.616712067704736,0.),(0.,0.,1.),(-0.576310930578807,
0.409726943816604,0.707099386795163),(-0.554819009810591,0.43913163054381,
0.706639425314446),(0.,0.,1.),(0.,0.,1.),(-0.531094413449458,0.466836222867903,
0.707108665638603),(0.,0.,1.),(-0.576310098105407,-0.409728744649635,0.707099021799331),
(-0.554817656724408,-0.439133390981152,0.706639393688345),(0.,0.,1.),(0.,
0.,1.),(-0.531148553619767,-0.466774622277315,0.70710866632046),(-0.999999999999927,
0.,0.),(0.,0.,1.),(-0.999999999999927,0.,0.),(0.,0.,-1.),(0.,0.,-1.),(0.99739328748452,
-0.0721569822042297,0.),(0.,0.,-1.),(0.98958648647612,-0.143939521271427,
0.),(0.,0.,1.),(-0.992708892352068,0.120536529919897,0.),(0.,0.,-1.),(0.997393250013758,
0.0721575001437295,0.),(0.,0.,-1.),(0.989586411729182,0.143940035156872,
0.),(0.,0.,1.),(-0.992708781457892,-0.120537443213211,0.),(0.,0.,-1.),(1.,
0.,0.),(0.,0.,1.),(-1.,0.,0.),(0.,0.,1.),(0.700693249325354,-0.713462662197453,
0.),(0.,0.,1.),(0.700695779200509,0.71346017759269,0.),(-0.597033265837817,
0.379773477547877,0.706628180328397),(-0.823840173891266,0.566822166012241,
0.),(-0.597104582047477,0.379635981728776,0.706641804222434),(0.,0.,1.),
(0.,0.,1.),(-0.576309960630206,0.409713250941715,0.707108111451978),(-0.597034284349782,
-0.379774182306645,0.706626941012202),(-0.823840173891299,-0.566822166012192,
0.),(-0.597071462276372,-0.379690177534236,0.706640671076308),(0.,0.,1.),
(0.,0.,1.),(-0.576309794209352,-0.409713485033327,0.707108111451297),(-0.855781938281732,
0.517336712510062,0.),(-0.597033808104737,0.3797492561005,0.706640739323082),
(0.,0.,1.),(0.,0.,1.),(-0.855782022363264,-0.51733657342183,0.),(-0.597036002665913,
-0.379747053048099,0.706640069074767),(-0.855778175531274,-0.517342936826591,
0.),(-0.63291439702799,-0.316352978239482,0.706640049242685),(0.,0.,1.),
(0.,0.,1.),(-0.615390112952158,0.348269597057525,0.707109112263531),(0.,
0.,1.),(-0.632911953246113,0.316355100817008,0.706641287801138),(-0.855766911582186,
0.517361568964146,0.),(0.,0.,1.),(-0.615386774079903,-0.348275750625148,
0.707108987224756),(-0.632868700737011,0.316441812503412,0.706641200983217),
(0.,0.,1.),(0.,0.,1.),(-0.615401935608356,0.348253661053583,0.707106671735082),
(-0.632894060089678,-0.316394004512667,0.70663989599487),(0.,0.,1.),(0.,
0.,1.),(-0.615395727119561,-0.348262306139684,0.707107817214077),(-0.885816786840389,
0.464035149694254,0.),(-0.632912755649945,0.316356363615945,0.706640003775111),
(-0.885822477053127,-0.464024287238785,0.),(-0.632915348680913,-0.31635231049592,
0.706639495816651),(0.,0.,1.),(0.750350066851821,-0.6610406773985,0.),(0.,
0.,1.),(0.750348055490885,0.661042960495797,0.),(-0.911903389949889,0.410404931010595,
0.),(-0.632916258601322,0.316348077469581,0.706640575879566),(0.,0.,1.),
(0.,0.,1.),(-0.911901047111677,-0.410410136664049,0.),(-0.632913848828177,
-0.316352980274568,0.706640539335879),(-0.911903389592375,-0.410404931805061,
0.),(-0.662089939577669,-0.249590385996503,0.706641034138377),(0.,0.,1.),
(0.,0.,1.),(0.796092779314207,-0.605174591935073,0.),(0.,0.,1.),(0.7960909379376,
0.605177014214545,0.),(0.,0.,1.),(-0.647929200630489,0.28316982658782,0.707108619860173),
(0.,0.,1.),(-0.662090573726301,0.249591641309267,0.706639996583355),(-0.911906640307312,
0.410397708769594,0.),(0.,0.,1.),(-0.647929976731603,-0.283166549448759,
0.707109221072578),(-0.662082512561199,0.249615078821403,0.706639270763828),
(0.,0.,1.),(0.,0.,1.),(-0.647932674638566,0.28316235726165,0.707108427729256),
(-0.662082110854605,-0.249615533055484,0.706639486685917),(0.,0.,1.),(0.,
0.,1.),(-0.647933082591409,-0.28316374913138,0.707107496538861),(-0.935046420227876,
0.354525305188549,0.),(-0.662089166785951,0.249590077829852,0.706641867054007),
(-0.935042451678303,-0.354535771903807,0.),(-0.66208759950001,-0.249598053303465,
0.706640518492561),(-0.954717821797825,0.297512824499318,0.),(-0.662087189779186,
0.249607105564019,0.706637704897109),(0.,0.,1.),(0.,0.,1.),(-0.954718636836278,
-0.297510209030532,0.),(-0.662088318949904,-0.249602825068785,0.706638158910041),
(-0.954720343918691,-0.297504730899688,0.),(-0.684238982662348,-0.180206110674743,
0.706641898192202),(0.,0.,1.),(0.,0.,1.),(-0.673615358665343,0.21503260779448,
0.70710913312958),(0.,0.,1.),(-0.684239544822899,0.180206288398437,0.706641308530864),
(-0.954719731540649,0.297506696070673,0.),(0.,0.,1.),(-0.673616217277294,
-0.215027741900852,0.707109794893304),(-0.684251928324101,0.180169852688322,
0.706638608319003),(0.,0.,1.),(0.,0.,1.),(-0.673615392093712,0.215030846551169,
0.707109636878131),(-0.684251452397282,-0.180169966150975,0.706639040238626),
(0.,0.,1.),(0.,0.,1.),(-0.673614688212425,-0.215030726218431,0.707110344010362),
(0.,0.,1.),(0.83768596983232,-0.546152191194071,0.),(0.,0.,1.),(0.837687322175615,
0.54615011696991,0.),(-0.970787665292298,0.239940219463786,0.),(-0.684239508821888,
0.180207848214477,0.706640945607519),(-0.970787665292336,-0.239940219463632,
0.),(-0.684238916090708,-0.180207727879285,0.70664155023576),(-0.983620537304128,
0.180251598033187,0.),(-0.68424445337201,0.180198423711376,0.706638561162334),
(0.,0.,1.),(0.,0.,1.),(-0.983620313392923,-0.180252819896965,0.),(-0.684240563238518,
-0.18020430717702,0.706640827644346),(-0.983618741095296,-0.18026139954551,
0.),(-0.699144498404155,-0.108893612584542,0.706639336217204),(0.,0.,1.),
(0.,0.,1.),(-0.69215607864358,0.14463636826535,0.707106981843449),(0.,0.,
1.),(-0.699144498404176,0.108893612584482,0.706639336217192),(-0.983619004164533,
0.180259964069538,0.),(0.,0.,1.),(-0.692154046927822,-0.144639897133249,
0.707108248770102),(-0.699141656417351,0.108918711890157,0.706638279788317),
(0.,0.,1.),(0.,0.,1.),(-0.692150289329815,0.144666101046045,0.707106566359548),
(-0.699141838503591,-0.108918336627842,0.706638157475269),(0.,0.,1.),(0.,
0.,1.),(-0.692150289329815,-0.144666101046045,0.707106566359547),(-0.992544455683326,
0.12188315508014,0.),(-0.699147534911314,0.108895474696337,0.706636044946825),
(-0.992545009012098,-0.121878649012759,0.),(-0.699144192391894,-0.108895242338871,
0.706639387835581),(-0.998175212986765,0.0603841384705055,0.),(-0.699290798260994,
0.108902481450107,0.706493191051061),(0.,0.,1.),(0.,0.,1.),(-0.703360987380371,
0.0727058876761032,0.707104783839382),(-0.998175465673544,-0.0603799613067449,
0.),(0.,0.,1.),(-0.699138220268233,-0.108891876018331,0.706645815311586),
(-0.703358180269798,-0.0727058493835851,0.707107580013798),(0.,0.,1.),(0.,
0.,1.),(-0.707105778149854,0.,0.707107784221818),(-0.999999999999951,0.,
0.),(-0.706638863024366,0.036371187755374,0.706638984181381),(0.,0.,1.),
(0.,0.,1.),(-0.703359091048482,0.072706423222466,0.707106615060027),(-0.706638896974059,
-0.0363713230983884,0.706638943265483),(0.,0.,1.),(0.,0.,1.),(-0.703359375584674,
-0.0727059959760629,0.707106375962108),(-0.707106781186559,0.,0.707106781186536),
(0.,0.,1.),(0.,0.,1.),(0.874911277319646,-0.4842832402829,0.),(0.,0.,1.),
(0.874912476466997,0.484281073884152,0.),(0.,0.,1.),(0.907574723944919,
-0.419890605344183,0.),(0.,0.,1.),(0.907574723944898,0.419890605344229,
0.),(0.,0.,1.),(0.935508566270372,-0.353304008517809,0.),(0.,0.,1.),(0.935508566270369,
0.353304008517818,0.),(0.,0.,1.),(0.958562927004502,-0.284880878566045,
0.),(0.,0.,1.),(0.958562927004505,0.284880878566036,0.),(0.,0.,1.),(0.976620018301776,
-0.214972881667056,0.),(0.,0.,1.),(0.976620018301774,0.214972881667067,
0.),(0.,0.,1.),(0.98958648647612,-0.143939521271427,0.),(0.,0.,1.),(0.989586411729182,
0.143940035156872,0.),(0.,0.,1.),(0.99739328748452,-0.0721569822042297,
0.),(0.,0.,1.),(0.997393250013758,0.0721575001437295,0.),(0.,0.,1.),(1.,
0.,0.)),$,(4,4,1,1,2,2,5,5,3,3,149,149,45,45,6,6,47,47,8,8,7,7,48,48,46,
46,9,9,155,155,10,10,49,49,12,12,11,11,157,157,50,50,13,13,14,14,51,51,
16,16,15,15,52,52,17,17,173,173,18,18,53,53,20,20,19,19,175,175,54,54,21,
21,22,22,61,61,59,59,24,24,23,23,62,62,60,60,25,25,181,181,26,26,65,65,
63,63,28,28,27,27,183,183,66,66,64,64,29,29,30,30,32,32,31,31,33,33,199,
199,34,34,81,81,77,77,36,36,35,35,201,201,82,82,78,78,37,37,38,38,117,117,
87,87,40,40,39,39,118,118,88,88,41,41,217,217,42,42,129,129,44,44,43,43,
219,219,130,130,56,56,55,55,133,133,57,57,58,58,134,134,72,72,73,73,74,
74,74,76,76,75,75,75,91,91,79,79,79,84,84,89,89,89,92,92,80,80,80,86,86,
90,90,90,101,101,93,93,93,96,96,102,102,94,94,94,98,98,68,68,67,67,153,
153,69,69,70,70,154,154,107,107,108,108,119,119,112,112,115,115,115,120,
120,114,114,116,116,116,104,104,103,103,233,233,189,189,159,159,161,161,
105,105,235,235,106,106,190,190,160,160,162,162,71,71,85,85,83,83,150,150,
131,131,124,124,127,127,127,132,132,126,126,128,128,128,95,95,156,156,97,
97,158,158,147,147,139,139,139,142,142,145,145,145,148,148,140,140,140,
144,144,146,146,146,99,99,99,109,109,109,111,111,174,174,100,100,100,113,
113,176,176,110,110,110,136,136,135,135,137,137,138,138,121,121,121,123,
123,182,182,125,125,184,184,122,122,122,141,141,143,143,177,177,151,151,
151,164,164,167,167,167,178,178,152,152,152,166,166,168,168,168,170,170,
169,169,257,257,215,215,213,213,171,171,259,259,172,172,216,216,214,214,
163,163,200,200,165,165,202,202,193,193,179,179,179,186,186,191,191,191,
194,194,180,180,180,188,188,192,192,192,211,211,203,203,203,206,206,212,
212,204,204,204,208,208,185,185,218,218,187,187,220,220,196,196,195,195,
239,239,197,197,198,198,240,240,205,205,234,234,207,207,236,236,222,222,
221,221,277,277,243,243,241,241,223,223,279,279,224,224,244,244,242,242,
209,209,209,229,229,258,258,210,210,210,228,228,228,231,231,260,260,227,
227,227,225,225,226,226,246,246,245,245,261,261,247,247,262,262,248,248,
230,230,232,232,237,237,237,253,253,238,238,238,252,252,252,255,255,249,
249,251,251,251,250,250,254,254,263,263,263,265,265,256,256,264,264,264,
266,266,268,268,267,267,299,299,283,283,269,269,301,301,284,284,270,270,
278,278,273,273,280,280,272,272,272,275,275,271,271,271,290,290,289,289,
285,285,305,305,291,291,286,286,306,306,292,292,274,274,276,276,281,281,
281,300,300,295,295,282,282,282,302,302,294,294,294,297,297,287,287,293,
293,293,288,288,314,314,321,321,313,313,307,307,309,309,315,315,323,323,
308,308,310,310,316,316,296,296,298,298,303,303,303,322,322,319,319,304,
304,304,324,324,318,318,318,325,325,311,311,317,317,317,312,312,331,331,
320,320,327,327,327,329,329,332,332,326,326,328,328,328,330,330,334,334,
333,333,335,335,336,336,343,343,339,339,340,340,342,342,341,341,345,345,
338,338,338,337,337,337,351,351,352,352,356,356,355,355,357,357,358,358,
344,344,346,346,363,363,381,381,367,367,364,364,366,366,384,384,365,365,
369,369,347,347,347,349,349,348,348,348,362,362,362,350,350,361,361,361,
353,353,373,373,359,359,354,354,374,374,360,360,382,382,383,383,368,368,
377,377,375,375,370,370,378,378,376,376,387,387,409,409,459,459,429,429,
391,391,388,388,390,390,411,411,389,389,461,461,431,431,393,393,371,371,
371,372,372,372,386,386,386,379,379,385,385,385,380,380,410,410,412,412,
397,397,398,398,399,399,400,400,392,392,394,394,405,405,523,523,493,493,
413,413,406,406,433,433,408,408,407,407,525,525,495,495,415,415,435,435,
395,395,395,396,396,396,404,404,404,401,401,403,403,403,402,402,430,430,
432,432,419,419,460,460,420,420,462,462,441,441,442,442,414,414,416,416,
423,423,577,577,561,561,424,424,453,453,426,426,425,425,579,579,564,564,
455,455,417,417,417,418,418,418,428,428,428,421,421,427,427,427,422,422,
494,494,496,496,445,445,443,443,446,446,444,444,448,448,447,447,600,600,
596,596,479,479,449,449,602,602,598,598,450,450,481,481,434,434,436,436,
437,437,437,438,438,438,452,452,452,439,439,451,451,451,440,440,469,469,
471,471,470,470,472,472,524,524,526,526,466,466,465,465,608,608,604,604,
503,503,467,467,610,610,606,606,468,468,505,505,454,454,456,456,457,457,
457,458,458,458,478,478,478,463,463,477,477,477,464,464,497,497,513,513,
498,498,514,514,474,474,473,473,620,620,612,612,616,616,533,533,517,517,
475,475,622,622,614,614,618,618,476,476,535,535,519,519,562,562,563,563,
578,578,580,580,488,488,487,487,628,628,624,624,545,545,489,489,630,630,
626,626,490,490,547,547,480,480,482,482,483,483,483,485,485,484,484,484,
502,502,502,486,486,501,501,501,499,499,521,521,515,515,500,500,522,522,
516,516,492,492,491,491,636,636,632,632,555,555,638,638,634,634,557,557,
640,640,567,567,597,597,599,599,504,504,569,569,541,541,506,506,570,570,
542,542,507,507,507,508,508,508,512,512,512,509,509,511,511,511,510,510,
573,573,571,571,574,574,572,572,518,518,520,520,601,601,603,603,527,527,
527,528,528,528,532,532,532,605,605,607,607,529,529,531,531,531,530,530,
581,581,575,575,582,582,576,576,534,534,536,536,537,537,537,538,538,538,
544,544,544,539,539,543,543,543,540,540,585,585,583,583,586,586,584,584,
609,609,611,611,546,546,548,548,549,549,549,550,550,550,554,554,554,551,
551,553,553,553,552,552,589,589,587,587,590,590,588,588,556,556,558,558,
559,559,559,565,565,560,560,560,566,566,568,568,568,593,593,591,591,594,
594,592,592,595,595,613,613,615,615,617,617,619,619,621,621,623,623,625,
625,627,627,629,629,631,631,633,633,635,635,637,637,639,639,641,641),((1,
3,5),(7,5,3),(3,1,10),(9,11,4),(4,11,8),(6,13,2),(5,7,15),(17,6,16),(6,
17,13),(19,10,1),(10,19,21),(11,9,22),(2,23,20),(25,2,13),(23,2,25),(27,
15,7),(8,29,28),(29,8,11),(15,27,31),(33,16,32),(16,33,17),(35,21,19),(21,
35,37),(39,22,38),(22,39,11),(20,41,36),(41,20,23),(43,31,27),(28,29,44),
(31,43,45),(47,32,46),(32,47,33),(49,37,35),(37,49,51),(39,38,52),(36,53,
50),(53,36,41),(55,45,43),(44,57,56),(57,44,29),(45,55,59),(61,46,60),(46,
61,47),(63,51,49),(51,63,65),(67,52,66),(52,67,39),(50,69,64),(69,50,53),
(71,59,55),(56,57,72),(59,71,73),(75,60,74),(60,77,61),(60,75,77),(79,65,
63),(65,79,81),(67,66,82),(64,83,80),(85,64,69),(83,64,85),(87,73,71),(72,
89,88),(89,72,57),(73,87,91),(93,74,92),(74,95,75),(74,93,95),(97,81,79),
(81,97,99),(101,82,100),(82,101,67),(80,103,98),(105,80,83),(103,80,105),
(107,91,87),(88,89,108),(91,107,109),(93,92,110),(112,99,97),(99,112,113),
(101,100,114),(98,103,111),(116,109,107),(108,117,115),(117,108,89),(109,
116,119),(121,110,120),(110,123,93),(110,121,123),(125,113,112),(113,125,
127),(129,114,128),(114,129,101),(111,131,126),(133,111,103),(131,111,133),
(135,119,116),(115,117,136),(119,135,137),(139,120,138),(120,141,121),(120,
139,141),(143,127,125),(127,143,145),(129,128,146),(126,147,144),(149,126,
131),(147,126,149),(151,137,135),(136,153,152),(153,136,117),(137,151,155),
(157,138,156),(138,157,139),(159,145,143),(145,159,161),(163,146,162),(146,
163,129),(144,165,160),(165,144,147),(151,167,155),(167,151,169),(152,153,
170),(171,156,168),(156,171,157),(159,173,161),(163,162,174),(173,159,175),
(160,177,176),(177,160,165),(14,179,26),(18,181,14),(179,14,184),(184,14,
181),(186,24,26),(26,179,188),(26,188,186),(18,34,192),(18,193,181),(193,
18,196),(18,198,196),(198,18,192),(24,201,42),(204,24,186),(24,204,206),
(208,24,206),(24,208,201),(34,48,192),(42,201,54),(212,48,62),(48,213,192),
(213,48,216),(48,212,216),(54,218,70),(221,54,201),(54,221,223),(218,54,
223),(62,78,212),(70,218,86),(169,225,167),(225,169,227),(170,153,228),
(229,168,226),(168,229,171),(175,231,173),(163,174,232),(231,175,233),(176,
235,234),(235,176,177),(237,78,76),(78,237,212),(86,240,84),(240,86,218),
(96,237,76),(240,106,84),(96,94,241),(237,96,243),(96,245,243),(245,96,
241),(106,248,104),(106,240,250),(252,106,250),(106,252,248),(94,124,241),
(104,248,134),(227,256,225),(256,227,257),(228,259,258),(259,228,153),(261,
226,255),(226,263,229),(226,265,263),(226,261,265),(233,267,231),(269,232,
268),(232,269,163),(267,233,271),(234,273,272),(275,234,235),(277,234,275),
(273,234,277),(185,279,180),(279,189,180),(194,279,185),(189,279,282),(194,
283,279),(285,280,284),(280,285,281),(182,195,183),(190,203,187),(189,282,
205),(287,124,122),(124,289,241),(124,291,289),(291,124,287),(134,294,132),
(296,134,248),(298,134,296),(134,298,294),(283,194,197),(205,282,207),(142,
287,122),(294,150,132),(200,283,197),(214,283,200),(214,302,283),(303,284,
301),(284,303,285),(282,209,207),(209,282,305),(281,307,306),(307,281,285),
(142,140,309),(142,311,287),(311,142,314),(142,316,314),(316,142,309),(150,
319,148),(322,150,294),(150,322,324),(326,150,324),(150,326,319),(199,191,
215),(210,220,202),(209,305,222),(302,214,217),(222,305,224),(329,302,217),
(333,302,329),(333,335,302),(337,301,336),(301,337,303),(216,212,330),(305,
339,224),(339,305,342),(306,344,343),(344,306,307),(218,223,341),(211,332,
331),(346,219,340),(339,342,347),(332,211,238),(219,346,239),(257,349,256),
(349,257,351),(258,259,352),(261,255,350),(271,354,267),(269,268,353),(354,
271,355),(272,273,356),(237,243,334),(250,240,348),(335,333,244),(347,342,
251),(247,335,244),(358,335,247),(358,360,335),(362,336,361),(336,362,337),
(342,253,251),(253,342,364),(343,366,365),(366,343,344),(246,242,357),(254,
368,249),(253,364,369),(140,158,309),(148,319,166),(241,289,359),(296,248,
370),(360,358,290),(369,364,297),(293,360,290),(312,360,293),(312,371,360),
(362,361,372),(364,299,297),(299,364,374),(365,366,373),(292,288,313),(300,
321,295),(299,374,323),(375,158,172),(158,377,309),(377,158,380),(158,382,
380),(382,158,375),(166,385,178),(388,166,319),(166,388,390),(392,166,390),
(166,392,385),(172,230,375),(178,385,236),(351,396,349),(396,351,397),(352,
399,398),(399,352,259),(401,350,395),(350,403,261),(350,401,403),(355,405,
354),(407,353,406),(353,407,269),(405,355,409),(356,411,410),(413,356,273),
(411,356,413),(371,312,315),(323,374,325),(318,371,315),(378,371,318),(378,
415,371),(417,372,416),(372,417,362),(374,327,325),(327,374,419),(373,421,
420),(421,373,366),(317,310,379),(328,387,320),(327,419,389),(304,12,286),
(40,286,12),(12,304,30),(286,40,308),(415,378,381),(389,419,391),(423,230,
264),(230,425,375),(425,230,428),(230,430,428),(430,230,423),(236,433,276),
(436,236,385),(236,436,438),(440,236,438),(236,440,433),(338,30,304),(30,
338,58),(68,308,40),(308,68,345),(266,423,264),(433,278,276),(266,262,444),
(266,445,423),(445,266,448),(448,266,444),(278,450,274),(453,278,433),(278,
453,455),(278,455,450),(384,415,381),(426,415,384),(426,457,415),(459,416,
458),(416,459,417),(419,393,391),(393,419,461),(420,463,462),(463,420,421),
(383,376,427),(394,435,386),(393,461,437),(397,465,396),(465,397,467),(398,
399,468),(469,395,466),(395,469,401),(409,471,405),(407,406,472),(471,409,
473),(410,475,474),(475,410,411),(363,58,338),(58,363,90),(102,345,68),
(345,102,367),(457,426,429),(437,461,439),(418,90,363),(90,418,118),(130,
367,102),(367,130,422),(432,457,429),(457,432,477),(479,458,478),(458,479,
459),(461,441,439),(441,461,454),(481,454,461),(462,483,482),(483,462,463),
(262,404,444),(274,450,414),(431,424,447),(446,477,432),(442,452,434),(467,
485,465),(485,467,487),(468,489,488),(489,468,399),(491,466,486),(466,493,
469),(466,491,493),(473,495,471),(497,472,496),(472,497,407),(495,473,499),
(474,501,500),(503,474,475),(501,474,503),(460,118,418),(118,460,154),(164,
422,130),(422,164,464),(477,446,449),(454,481,456),(505,477,449),(477,505,
509),(510,478,508),(478,510,479),(448,444,506),(481,512,456),(512,481,515),
(519,515,481),(482,520,518),(520,482,483),(450,455,514),(443,522,507),(524,
509,505),(517,451,513),(404,525,444),(522,443,526),(528,414,450),(451,517,
527),(525,404,402),(414,528,412),(402,470,525),(412,528,476),(460,260,154),
(260,460,480),(164,484,464),(484,164,270),(487,529,485),(529,487,531),(488,
489,532),(486,533,491),(533,486,530),(499,535,495),(497,496,536),(537,500,
501),(535,499,539),(500,537,540),(525,541,523),(541,525,470),(543,528,516),
(528,543,476),(509,524,542),(515,519,544),(545,509,542),(509,545,549),(510,
508,548),(541,470,546),(519,550,544),(550,519,553),(557,553,519),(518,520,
556),(476,543,552),(480,400,260),(400,480,511),(270,521,484),(521,270,408),
(546,470,558),(547,559,560),(562,549,545),(476,552,563),(551,555,564),(558,
470,494),(476,563,504),(492,558,494),(563,502,504),(492,561,558),(561,492,
565),(492,567,565),(492,534,570),(567,492,570),(554,502,563),(502,554,572),
(574,502,572),(502,578,538),(502,574,578),(531,579,529),(579,531,581),(532,
583,582),(583,532,489),(530,585,533),(585,530,580),(539,587,535),(589,536,
588),(536,589,497),(591,540,537),(587,539,593),(540,591,594),(549,562,566),
(553,557,573),(569,549,566),(548,595,510),(549,569,597),(595,548,598),(557,
575,573),(599,556,520),(575,557,601),(605,601,557),(556,599,604),(511,490,
400),(490,511,596),(408,600,521),(600,408,498),(534,586,570),(538,578,592),
(568,571,606),(608,597,569),(576,603,577),(586,607,570),(602,592,578),(581,
609,579),(609,581,611),(582,583,612),(580,613,585),(580,615,613),(615,580,
610),(593,617,587),(589,588,618),(619,594,591),(621,594,619),(617,593,623),
(594,621,624),(597,608,625),(607,586,626),(601,605,627),(592,602,628),(629,
597,625),(598,632,595),(597,629,634),(632,598,635),(626,586,630),(605,637,
627),(639,604,599),(637,605,641),(645,641,605),(604,639,644),(592,628,638),
(596,584,490),(584,596,633),(498,640,600),(640,498,590),(630,586,646),(631,
647,648),(650,634,629),(592,638,651),(636,643,652),(646,586,614),(592,651,
620),(614,616,646),(620,651,622),(616,649,646),(642,622,651),(611,654,609),
(655,612,583),(654,611,657),(612,655,658),(610,659,615),(610,661,659),(661,
610,653),(623,663,617),(618,665,589),(665,618,664),(667,624,621),(669,624,
667),(624,669,671),(663,623,672),(634,650,673),(649,616,674),(641,645,675),
(622,642,676),(677,634,673),(635,680,632),(634,677,682),(680,635,683),(674,
616,678),(645,685,675),(687,644,639),(685,645,689),(693,689,645),(644,687,
692),(622,676,686),(633,656,584),(656,633,681),(590,688,640),(688,590,666),
(678,616,694),(679,695,696),(698,682,677),(622,686,699),(684,691,700),(694,
616,660),(622,699,668),(662,694,660),(699,670,668),(694,662,697),(661,653,
701),(697,662,703),(662,705,703),(705,662,708),(662,702,708),(670,699,690),
(671,669,710),(670,690,712),(714,670,712),(670,714,718),(670,718,711),(657,
719,654),(658,655,721),(719,657,722),(701,653,720),(672,723,663),(665,664,
724),(671,710,725),(723,672,726),(682,698,704),(689,693,713),(707,682,704),
(680,683,727),(682,707,728),(681,729,656),(721,655,730),(729,681,731),(680,
727,732),(666,734,688),(665,724,736),(734,666,735),(687,737,692),(737,687,
733),(693,715,713),(715,693,739),(738,739,693),(706,709,742),(744,728,707),
(716,741,717),(708,702,745),(745,743,708),(718,748,711),(740,748,718),(701,
720,746),(725,710,747),(722,749,719),(721,730,751),(749,722,752),(746,720,
750),(726,753,723),(736,724,754),(725,747,755),(753,726,756),(728,744,757),
(743,745,758),(739,738,759),(748,740,760),(731,761,729),(730,763,751),(763,
730,762),(765,732,727),(761,731,767),(732,765,768),(735,770,734),(771,736,
754),(770,735,773),(736,771,774),(733,775,737),(775,733,769),(777,728,757),
(728,777,766),(758,781,778),(781,758,745),(738,782,759),(782,738,785),(776,
785,738),(789,760,784),(760,789,748),(780,790,779),(792,766,777),(787,788,
783),(781,745,793),(781,793,796),(790,780,797),(796,798,781),(748,789,799),
(789,802,799),(788,787,803),(804,802,789),(746,750,794),(755,747,800),(805,
794,750),(794,805,795),(800,807,755),(807,800,801),(752,806,749),(806,752,
764),(756,772,753),(772,756,808),(798,809,791),(798,811,809),(798,796,814),
(811,798,814),(815,804,786),(817,804,815),(802,804,820),(804,817,820),(766,
792,810),(785,776,816),(767,821,761),(762,823,763),(825,762,822),(762,827,
823),(762,825,827),(829,768,765),(821,767,831),(768,829,832),(773,834,770),
(835,774,771),(834,773,837),(774,839,838),(841,774,835),(839,774,841),(769,
843,775),(843,769,833),(845,766,810),(766,845,830),(809,811,846),(776,849,
816),(849,776,851),(844,851,776),(817,815,850),(846,811,855),(847,854,856),
(858,830,845),(817,850,859),(848,853,860),(795,805,813),(807,801,819),(813,
861,812),(861,813,805),(863,819,818),(819,863,807),(811,865,855),(812,861,
866),(817,859,868),(863,818,867),(855,869,857),(869,855,865),(872,859,852),
(859,872,868),(764,862,806),(862,764,824),(808,836,772),(836,808,864),(830,
858,873),(857,869,874),(851,844,875),(872,852,876),(831,877,821),(879,822,
878),(822,881,825),(822,879,881),(883,832,829),(877,831,885),(832,887,886),
(887,832,883),(837,889,834),(889,837,891),(838,893,892),(895,838,839),(893,
838,895),(833,897,843),(899,833,890),(833,899,897),(901,830,873),(830,901,
884),(874,869,902),(844,905,875),(905,844,907),(898,907,844),(872,876,906),
(902,869,911),(903,910,912),(914,884,901),(872,906,915),(904,909,916),(866,
917,870),(917,866,861),(919,867,871),(867,919,863),(869,921,911),(870,923,
922),(923,870,917),(872,915,925),(927,871,926),(871,927,919),(929,913,911),
(911,921,929),(908,932,915),(915,932,925),(884,914,933),(913,929,934),(907,
898,935),(932,908,936),(885,937,877),(939,878,938),(878,941,879),(878,939,
941),(937,885,943),(886,945,944),(945,886,887),(891,947,889),(947,891,949),
(892,951,950),(953,892,893),(951,892,953),(955,890,948),(890,955,899),(824,
918,862),(918,824,828),(864,842,836),(842,864,920),(957,884,933),(884,957,
888),(934,929,958),(898,961,935),(961,898,963),(900,963,898),(932,936,962),
(959,966,968),(958,929,967),(970,888,957),(960,965,971),(932,962,972),(922,
973,930),(973,922,923),(975,926,931),(926,975,927),(967,977,969),(967,929,
980),(977,967,980),(981,972,964),(932,972,984),(972,981,984),(985,937,943),
(937,985,987),(989,938,988),(938,991,939),(938,989,991),(944,993,986),(993,
944,945),(995,947,949),(950,997,996),(999,950,951),(997,950,999),(947,995,
1001),(1003,948,1002),(948,1003,955),(888,970,1005),(969,977,1006),(963,
900,1007),(981,964,1008),(828,924,918),(924,828,826),(920,840,842),(840,
920,928),(1009,888,1005),(888,1009,946),(1006,977,1010),(900,1013,1007),
(1013,900,1015),(956,1015,900),(981,1008,1014),(1010,977,1019),(1011,1018,
1020),(1022,946,1009),(981,1014,1023),(1012,1017,1024),(1019,977,1026),
(1019,1027,1021),(1027,1019,1026),(1023,1030,981),(1031,1023,1016),(1023,
1031,1030),(930,1033,979),(1033,930,973),(1035,931,983),(931,1035,975),
(979,1033,978),(1035,983,982),(978,1033,1025),(1035,982,1029),(1037,987,
985),(987,1037,1039),(1041,988,1040),(988,1043,989),(988,1041,1043),(986,
1045,1038),(1045,986,993),(1047,1001,995),(996,1049,1048),(1051,996,997),
(1049,996,1051),(1001,1047,1053),(1055,1002,1054),(1002,1055,1003),(946,
1022,1057),(1021,1027,1058),(1015,956,1059),(1031,1016,1060),(1061,946,
1057),(946,1061,994),(1058,1027,1062),(956,1065,1059),(956,1067,1065),(1004,
1067,956),(1031,1060,1066),(1062,1027,1071),(1063,1070,1072),(994,1061,
1074),(1031,1066,1075),(1064,1069,1076),(826,974,924),(974,826,882),(928,
896,840),(896,928,976),(1071,1027,1078),(1079,1073,1071),(1071,1078,1079),
(1075,1082,1031),(1068,1083,1075),(1075,1083,1082),(1086,1039,1037),(1039,
1086,1087),(1089,1040,1088),(1040,1091,1041),(1040,1093,1091),(1040,1089,
1093),(1038,1095,1085),(1097,1038,1045),(1095,1038,1097),(1099,1053,1047),
(1048,1101,1100),(1103,1048,1049),(1105,1048,1103),(1101,1048,1105),(1053,
1099,1107),(1109,1054,1108),(1054,1111,1055),(1054,1109,1111),(1025,1113,
1028),(1113,1025,1033),(1115,1029,1032),(1029,1115,1035),(1028,1117,1077),
(1117,1028,1113),(1119,1032,1081),(1032,1119,1115),(1121,1087,1086),(1087,
1121,1123),(1125,1088,1124),(1088,1127,1089),(1088,1125,1127),(1085,1129,
1122),(1129,1085,1095),(1131,1107,1099),(1100,1133,1132),(1135,1100,1101),
(1133,1100,1135),(1107,1131,1137),(1139,1108,1138),(1108,1139,1109),(994,
1074,1141),(1073,1079,1142),(1067,1004,1143),(1083,1068,1144),(1145,994,
1141),(994,1145,1046),(1142,1149,1146),(1149,1142,1079),(1004,1150,1143),
(1004,1153,1150),(1056,1153,1004),(1157,1144,1152),(1144,1157,1083),(1148,
1158,1147),(1046,1145,1160),(1155,1156,1151),(1158,1148,1161),(1149,1163,
1162),(1149,1079,1166),(1163,1149,1166),(1156,1155,1167),(1169,1157,1168),
(1083,1157,1172),(1157,1169,1172),(1173,1123,1121),(1123,1173,1175),(1177,
1124,1176),(1124,1179,1125),(1124,1177,1179),(1122,1181,1174),(1181,1122,
1129),(1175,1137,1131),(1132,1183,1176),(1185,1132,1133),(1183,1132,1185),
(1137,1175,1173),(1187,1138,1174),(1138,1187,1139),(1176,1189,1177),(1189,
1176,1183),(1191,1174,1181),(1174,1191,1187),(882,1034,974),(1034,882,880),
(976,894,896),(894,976,1036),(1077,1193,1080),(1193,1077,1117),(1195,1081,
1084),(1081,1195,1119),(1162,1197,1159),(1197,1162,1199),(1162,1163,1202),
(1162,1202,1199),(1203,1168,1154),(1168,1203,1205),(1168,1208,1169),(1168,
1205,1208),(1046,1160,1198),(1153,1056,1204),(1209,1046,1198),(1046,1209,
1098),(1197,1199,1210),(1056,1213,1204),(1056,1215,1213),(1112,1215,1056),
(1205,1203,1214),(1211,1218,1220),(1210,1199,1219),(1098,1209,1222),(1212,
1217,1223),(1205,1214,1224),(1219,1225,1221),(1219,1199,1228),(1225,1219,
1228),(1229,1224,1216),(1205,1224,1232),(1224,1229,1232),(1098,1222,1233),
(1221,1225,1234),(1215,1112,1235),(1229,1216,1236),(1080,1237,1165),(1237,
1080,1193),(1239,1084,1171),(1084,1239,1195),(1165,1237,1164),(1239,1171,
1170),(1241,1098,1233),(1098,1241,1096),(1234,1225,1242),(1112,1245,1235),
(1112,1247,1245),(1110,1247,1112),(1229,1236,1246),(1164,1250,1201),(1250,
1164,1237),(1252,1170,1207),(1170,1252,1239),(880,1114,1034),(1114,880,
942),(1036,954,894),(954,1036,1116),(1243,1254,1256),(1242,1225,1255),(1096,
1241,1258),(1244,1249,1259),(1229,1246,1260),(1261,1257,1255),(1255,1225,
1264),(1255,1264,1261),(1248,1265,1260),(1260,1268,1229),(1260,1265,1268),
(1096,1258,1269),(1257,1261,1270),(1247,1110,1271),(1265,1248,1272),(1273,
1096,1269),(1096,1273,1130),(1270,1261,1274),(1110,1277,1271),(1110,1279,
1277),(1140,1279,1110),(1265,1272,1278),(1275,1282,1284),(1274,1261,1283),
(1130,1273,1286),(1276,1281,1287),(1265,1278,1288),(1283,1289,1285),(1283,
1261,1292),(1289,1283,1292),(1293,1288,1280),(1265,1288,1296),(1288,1293,
1296),(1201,1297,1200),(1297,1201,1250),(1299,1207,1206),(1207,1299,1252),
(1130,1286,1301),(1285,1289,1302),(1279,1140,1303),(1293,1280,1304),(1305,
1130,1301),(1130,1305,1182),(1302,1289,1306),(1140,1309,1303),(1140,1311,
1309),(1188,1311,1140),(1293,1304,1310),(1307,1314,1316),(1306,1289,1315),
(1182,1305,1318),(1308,1313,1319),(1293,1310,1320),(1315,1321,1317),(1315,
1289,1324),(1321,1315,1324),(1325,1320,1312),(1320,1328,1293),(1320,1325,
1328),(1182,1318,1329),(1317,1321,1330),(1311,1188,1331),(1325,1312,1332),
(1333,1182,1329),(1182,1333,1192),(1330,1337,1334),(1330,1321,1337),(1188,
1338,1331),(1192,1338,1188),(1341,1332,1340),(1325,1332,1341),(1335,1336,
1343),(1192,1333,1345),(1339,1343,1342),(1338,1192,1345),(942,1118,1114),
(1118,942,940),(1116,952,954),(952,1116,1120),(1346,1344,1337),(1337,1321,
1349),(1337,1349,1346),(1344,1350,1341),(1341,1353,1325),(1341,1350,1353),
(1344,1346,1354),(1350,1344,1354),(1200,1356,1227),(1356,1200,1297),(1358,
1206,1231),(1206,1358,1299),(1227,1356,1226),(1358,1231,1230),(1226,1360,
1263),(1360,1226,1356),(1362,1230,1267),(1230,1362,1358),(1263,1364,1262),
(1364,1263,1360),(1366,1267,1266),(1267,1366,1362),(940,1194,1118),(1194,
940,992),(1120,1000,952),(1000,1120,1196),(1262,1368,1291),(1368,1262,1364),
(1370,1266,1295),(1266,1370,1366),(1291,1368,1290),(1370,1295,1294),(1290,
1368,1323),(1370,1294,1327),(1323,1372,1322),(1372,1323,1368),(1374,1327,
1326),(1327,1374,1370),(1322,1376,1348),(1376,1322,1372),(1378,1326,1352),
(1326,1378,1374),(1348,1380,1347),(1380,1348,1376),(1382,1352,1351),(1352,
1382,1378),(1347,1384,1355),(1384,1347,1380),(1384,1351,1355),(1351,1384,
1382),(990,1194,992),(1194,990,1238),(1240,1000,1196),(1000,1240,998),(1044,
1238,990),(1238,1044,1251),(1253,998,1240),(998,1253,1052),(1042,1251,1044),
(1251,1042,1298),(1300,1052,1253),(1052,1300,1050),(1092,1298,1042),(1298,
1092,1357),(1359,1050,1300),(1050,1359,1104),(1094,1357,1092),(1357,1094,
1361),(1363,1104,1359),(1104,1363,1106),(1090,1361,1094),(1361,1090,1365),
(1367,1106,1363),(1106,1367,1102),(1128,1365,1090),(1365,1128,1369),(1371,
1102,1367),(1102,1371,1136),(1126,1369,1128),(1369,1126,1373),(1375,1136,
1371),(1136,1375,1134),(1180,1373,1126),(1373,1180,1377),(1379,1134,1375),
(1134,1379,1186),(1178,1377,1180),(1377,1178,1381),(1383,1186,1379),(1186,
1383,1184),(1190,1381,1178),(1381,1190,1385),(1385,1184,1383),(1184,1385,
1190)),());
#96=COORDINATES_LIST('',641,((-0.041401985168457,-0.0184924640655518,0.00120000004768372),
(-0.041401985168457,-0.0184924640655518,0.00619999980926514),(-0.041401985168457,
-0.0182939014434815,0.00120000004768372),(-0.041401985168457,-0.0182939014434815,
0.00619999980926514),(-0.0413876571655274,-0.0186905097961426,0.00120000004768372),
(-0.0413876571655274,-0.0186905097961426,0.00619999980926514),(-0.0413876571655274,
-0.0180958557128907,0.00120000004768372),(-0.0413876571655274,-0.0180958557128907,
0.00619999980926514),(-0.0413590774536133,-0.0188870048522949,0.00120000004768372),
(-0.0413590774536133,-0.0188870048522949,0.00619999980926514),(-0.0413590774536133,
-0.0178993606567383,0.00120000004768372),(-0.0413590774536133,-0.0178993606567383,
0.00619999980926514),(-0.0413163909912109,-0.019080924987793,0.00120000004768372),
(-0.0413163909912109,-0.019080924987793,0.00619999980926514),(-0.0413163909912109,
-0.0177054386138916,0.00120000004768372),(-0.0413163909912109,-0.0177054386138916,
0.00619999980926514),(-0.0412598266601562,-0.01927126121521,0.00120000004768372),
(-0.0412598266601562,-0.01927126121521,0.00619999980926514),(-0.0412598266601562,
-0.0175151042938233,0.00120000004768372),(-0.0412598266601562,-0.0175151042938233,
0.00619999980926514),(-0.0411896705627441,-0.0194570178985595,0.00120000004768372),
(-0.0411896705627441,-0.0194570178985595,0.00619999980926514),(-0.0411896705627441,
-0.017329345703125,0.00120000004768372),(-0.0411896705627441,-0.017329345703125,
0.00619999980926514),(-0.0411062965393066,-0.0196372299194336,0.00120000004768372),
(-0.0411062965393066,-0.0196372299194336,0.00619999980926514),(-0.0411062965393066,
-0.0171491355895996,0.00120000004768372),(-0.0411062965393066,-0.0171491355895996,
0.00619999980926514),(-0.0410101356506348,-0.0198109550476074,0.00120000004768372),
(-0.0410101356506348,-0.0198109550476074,0.00619999980926514),(-0.0410101356506348,
-0.0169754104614258,0.00120000004768372),(-0.0410101356506348,-0.0169754104614258,
0.00619999980926514),(-0.0409016914367676,-0.0199772891998291,0.00120000004768372),
(-0.0409016914367676,-0.0199772891998291,0.00619999980926514),(-0.0409016914367676,
-0.0168090763092041,0.00120000004768372),(-0.0409016914367676,-0.0168090763092041,
0.00619999980926514),(-0.0407815246582032,-0.020135362625122,0.00120000004768372),
(-0.0407815246582032,-0.020135362625122,0.00619999980926514),(-0.0407815246582032,
-0.0166510009765625,0.00120000004768372),(-0.0407815246582032,-0.0166510009765625,
0.00619999980926514),(-0.0406502647399902,-0.0202843551635742,0.00120000004768372),
(-0.0406502647399902,-0.0202843551635742,0.00619999980926514),(-0.0406502647399902,
-0.0165020084381103,0.00120000004768372),(-0.0406502647399902,-0.0165020084381103,
0.00619999980926514),(-0.0405762252807617,-0.0184922790527344,0.00619999980926514),
(-0.0405762252807617,-0.0182940864562989,0.00619999980926514),(-0.0405756492614746,
-0.018497859954834,0.00619999980926514),(-0.0405756492614746,-0.0182885036468506,
0.00619999980926514),(-0.0405558471679687,-0.0186894207000733,0.00619999980926514),
(-0.0405558471679687,-0.0180969429016113,0.00619999980926514),(-0.0405164566040039,
-0.0188779315948487,0.00619999980926514),(-0.0405164566040039,-0.0179084320068359,
0.00619999980926514),(-0.0405153083801269,-0.0188834228515625,0.00619999980926514),
(-0.0405153083801269,-0.0179029407501221,0.00619999980926514),(-0.0405085983276367,
-0.0204234867095947,0.00120000004768372),(-0.0405085983276367,-0.0204234867095947,
0.00619999980926514),(-0.0405085983276367,-0.0163628768920898,0.00120000004768372),
(-0.0405085983276367,-0.0163628768920898,0.00619999980926514),(-0.0404567413330078,
-0.0190668849945069,0.00619999980926514),(-0.0404567413330078,-0.0177194805145264,
0.00619999980926514),(-0.0404550323486328,-0.019072229385376,0.00619999980926514),
(-0.0404550323486328,-0.0177141342163086,0.00619999980926514),(-0.0404527854919434,
-0.01907737159729,0.00619999980926514),(-0.0404527854919434,-0.0177089920043946,
0.00619999980926514),(-0.0403756675720215,-0.0192538375854492,0.00619999980926514),
(-0.0403756675720215,-0.017532527923584,0.00619999980926514),(-0.0403572616577148,
-0.0205520343780517,0.00120000004768372),(-0.0403572616577148,-0.0205520343780517,
0.00619999980926514),(-0.0403572616577148,-0.0162343292236328,0.00120000004768372),
(-0.0403572616577148,-0.0162343292236328,0.00619999980926514),(-0.0402887802124023,
-0.0183931827545166,0.00246000003814697),(-0.0402887802124023,-0.0183931827545166,
0.00591217136383057),(-0.0402866096496582,-0.0184773502349854,0.00591000080108643),
(-0.0402866096496582,-0.0184290180206299,0.00591000080108643),(-0.0402866096496582,
-0.0183573455810547,0.00591000080108643),(-0.0402866096496582,-0.0183090152740478,
0.00591000080108643),(-0.0402808113098144,-0.0194214382171631,0.00619999980926514),
(-0.0402808113098144,-0.0173649253845215,0.00619999980926514),(-0.0402795639038086,
-0.0185455284118653,0.00591000080108643),(-0.0402795639038086,-0.0182408351898194,
0.00591000080108643),(-0.0402780456542969,-0.0194263210296631,0.00619999980926514),
(-0.0402780456542969,-0.0173600425720215,0.00619999980926514),(-0.0402768592834472,
-0.0185902595520019,0.00246000003814697),(-0.0402768592834472,-0.0185902595520019,
0.00591191101074219),(-0.0402768592834472,-0.0181961059570312,0.00246000003814697),
(-0.0402768592834472,-0.0181961059570312,0.00591191101074219),(-0.0402747955322265,
-0.0194308948516845,0.00619999980926514),(-0.0402747955322265,-0.01735546875,
0.00619999980926514),(-0.0402724571228028,-0.0186142654418946,0.00591000080108643),
(-0.0402724571228028,-0.0181720981597901,0.00591000080108643),(-0.040269302368164,
-0.0186447925567627,0.00591000080108643),(-0.040269302368164,-0.0181415710449219,
0.00591000080108643),(-0.0402494850158692,-0.0187396354675293,0.00591000080108643),
(-0.0402494850158692,-0.0180467281341553,0.00591000080108643),(-0.040241268157959,
-0.0187844619750977,0.00246000003814697),(-0.040241268157959,-0.0187844619750977,
0.00591113042831421),(-0.040241268157959,-0.0180019016265869,0.00246000003814697),
(-0.040241268157959,-0.0180019016265869,0.00591113042831421),(-0.0402377700805664,
-0.0187956924438477,0.00591000080108643),(-0.0402377700805664,-0.0179906711578369,
0.00591000080108643),(-0.0402348709106445,-0.0188095684051514,0.00591000080108643),
(-0.0402348709106445,-0.0179767951965332,0.00591000080108643),(-0.0401970443725586,
-0.0206693267822265,0.00120000004768372),(-0.0401970443725586,-0.0206693267822265,
0.00619999980926514),(-0.0401970443725586,-0.0161170387268066,0.00120000004768372),
(-0.0401970443725586,-0.0161170387268066,0.00619999980926514),(-0.0401836776733399,
-0.0189699306488037,0.00591000080108643),(-0.0401836776733399,-0.0178164329528808,
0.00591000080108643),(-0.040182975769043,-0.0189715347290039,0.00591000080108643),
(-0.040182975769043,-0.0178148288726807,0.00591000080108643),(-0.0401825294494629,
-0.0189729614257813,0.00246000003814697),(-0.0401825294494629,-0.0189729614257813,
0.00591016483306885),(-0.0401825294494629,-0.017813404083252,0.00246000003814697),
(-0.0401825294494629,-0.017813404083252,0.00591016483306885),(-0.0401763610839844,
-0.0189866676330566,0.00591000080108643),(-0.0401763610839844,-0.0177996959686279,
0.00591000080108643),(-0.0401632080078125,-0.019587854385376,0.00619999980926514),
(-0.0401632080078125,-0.0171985092163086,0.00619999980926514),(-0.0401162643432617,
-0.0191241798400879,0.00591000080108643),(-0.0401162643432617,-0.0176621837615967,
0.00591000080108643),(-0.0401075096130371,-0.0191396522521972,0.00591000080108643),
(-0.0401075096130371,-0.0176467113494873,0.00591000080108643),(-0.0401015014648438,
-0.019153003692627,0.00246000003814697),(-0.0401015014648438,-0.019153003692627,
0.00591134929656982),(-0.0401015014648438,-0.0176333599090576,0.00246000003814697),
(-0.0401015014648438,-0.0176333599090576,0.00591134929656982),(-0.0400772399902344,
-0.01919313621521,0.00591000080108643),(-0.0400772399902344,-0.0175932273864746,
0.00591000080108643),(-0.040036075592041,-0.0197325096130371,0.00619999980926514),
(-0.040036075592041,-0.0170538558959961,0.00619999980926514),(-0.0400333518981933,
-0.019270679473877,0.00591000080108643),(-0.0400333518981933,-0.0175156841278076,
0.00591000080108643),(-0.0400323715209961,-0.019736722946167,0.00619999980926514),
(-0.0400323715209961,-0.0170496406555176,0.00619999980926514),(-0.0400287780761719,
-0.020774751663208,0.00120000004768372),(-0.0400287780761719,-0.020774751663208,
0.00619999980926514),(-0.0400287780761719,-0.0160116138458252,0.00120000004768372),
(-0.0400287780761719,-0.0160116138458252,0.00619999980926514),(-0.0400133743286133,
-0.0192987823486328,0.00591000080108643),(-0.0400133743286133,-0.0174875812530517,
0.00591000080108643),(-0.0399993591308594,-0.0193219680786133,0.00246000003814697),
(-0.0399993591308594,-0.0193219680786133,0.00591201400756836),(-0.0399993591308594,
-0.0174643974304199,0.00246000003814697),(-0.0399993591308594,-0.0174643974304199,
0.00591201400756836),(-0.039972713470459,-0.0193559761047363,0.00591000080108643),
(-0.039972713470459,-0.0174303874969483,0.00591000080108643),(-0.0399358139038086,
-0.0194078788757324,0.00591000080108643),(-0.0399358139038086,-0.0173784866333008,
0.00591000080108643),(-0.0399037780761719,-0.0183931827545166,0.00120000004768372),
(-0.0399037780761719,-0.0183931827545166,0.00246000003814697),(-0.0399011459350586,
-0.019447322845459,0.00591000080108643),(-0.0399011459350586,-0.0173390407562256,
0.00591000080108643),(-0.0398910408020019,-0.019867540359497,0.00619999980926514),
(-0.0398910408020019,-0.0169188232421875,0.00619999980926514),(-0.0398883895874024,
-0.0185887241363526,0.00120000004768372),(-0.0398883895874024,-0.0185887241363526,
0.00246000003814697),(-0.0398883895874024,-0.0181976394653321,0.00120000004768372),
(-0.0398883895874024,-0.0181976394653321,0.00246000003814697),(-0.0398869209289551,
-0.0198713512420654,0.00619999980926514),(-0.0398869209289551,-0.0169150123596192,
0.00619999980926514),(-0.0398824348449707,-0.019874719619751,0.00619999980926514),
(-0.0398824348449707,-0.0169116439819336,0.00619999980926514),(-0.0398775939941406,
-0.0194773864746094,0.00246000003814697),(-0.0398775939941406,-0.0194773864746094,
0.0059121584892273),(-0.0398775939941406,-0.0173089771270752,0.00246000003814697),
(-0.0398775939941406,-0.0173089771270752,0.0059121584892273),(-0.0398539047241211,
-0.0195010757446289,0.00591000080108643),(-0.0398539047241211,-0.0172852878570557,
0.00591000080108643),(-0.0398533477783203,-0.0208677597045898,0.00120000004768372),
(-0.0398533477783203,-0.0208677597045898,0.00619999980926514),(-0.0398533477783203,
-0.0159186038970947,0.00120000004768372),(-0.0398533477783203,-0.0159186038970947,
0.00619999980926514),(-0.0398425979614258,-0.0187794532775879,0.00120000004768372),
(-0.0398425979614258,-0.0187794532775879,0.00246000003814697),(-0.0398425979614258,
-0.0180069122314453,0.00120000004768372),(-0.0398425979614258,-0.0180069122314453,
0.00246000003814697),(-0.0398246879577637,-0.0195343208312989,0.00591000080108643),
(-0.0398246879577637,-0.0172520446777344,0.00591000080108643),(-0.039770580291748,
-0.0195844001770019,0.00591000080108643),(-0.039770580291748,-0.0172019634246826,
0.00591000080108643),(-0.0397675361633301,-0.0189606704711914,0.00120000004768372),
(-0.0397675361633301,-0.0189606704711914,0.00246000003814697),(-0.0397675361633301,
-0.0178256950378418,0.00120000004768372),(-0.0397675361633301,-0.0178256950378418,
0.00246000003814697),(-0.0397379837036133,-0.0196169967651367,0.00246000003814697),
(-0.0397379837036133,-0.0196169967651367,0.00591178321838379),(-0.0397379837036133,
-0.0171693668365479,0.00246000003814697),(-0.0397379837036133,-0.0171693668365479,
0.00591178321838379),(-0.0397283973693848,-0.0199903106689453,0.00619999980926514),
(-0.0397283973693848,-0.0167960548400879,0.00619999980926514),(-0.0397209167480469,
-0.0196303672790528,0.00591000080108643),(-0.0397209167480469,-0.0171559963226318,
0.00591000080108643),(-0.0397011489868164,-0.019648666381836,0.00591000080108643),
(-0.0397011489868164,-0.0171376991271972,0.00591000080108643),(-0.0396716575622559,
-0.0209478683471679,0.00120000004768372),(-0.0396716575622559,-0.0209478683471679,
0.00619999980926514),(-0.0396716575622559,-0.0158384962081909,0.00120000004768372),
(-0.0396716575622559,-0.0158384962081909,0.00619999980926514),(-0.0396650505065918,
-0.0191279125213623,0.00120000004768372),(-0.0396650505065918,-0.0191279125213623,
0.00246000003814697),(-0.0396650505065918,-0.0176584510803222,0.00120000004768372),
(-0.0396650505065918,-0.0176584510803222,0.00246000003814697),(-0.0396160621643067,
-0.019712516784668,0.00591000080108643),(-0.0396160621643067,-0.0170738487243653,
0.00591000080108643),(-0.0395825653076172,-0.0197387599945068,0.00246000003814697),
(-0.0395825653076172,-0.0197387599945068,0.00591088676452637),(-0.0395825653076172,
-0.0170476036071778,0.00246000003814697),(-0.0395825653076172,-0.0170476036071778,
0.00591088676452637),(-0.0395749816894532,-0.0197433433532715,0.00591000080108643),
(-0.0395749816894532,-0.0170430202484131,0.00591000080108643),(-0.0395665092468262,
-0.0197497043609619,0.00591000080108643),(-0.0395665092468262,-0.0170366611480713,
0.00591000080108643),(-0.0395632934570312,-0.020089448928833,0.00619999980926514),
(-0.0395632934570312,-0.0166969146728515,0.00619999980926514),(-0.0395584831237793,
-0.0200923385620117,0.00619999980926514),(-0.0395584831237793,-0.0166940250396728,
0.00619999980926514),(-0.0395376625061035,-0.0192770652770996,0.00120000004768372),
(-0.0395376625061035,-0.0192770652770996,0.00246000003814697),(-0.0395376625061035,
-0.017509298324585,0.00120000004768372),(-0.0395376625061035,-0.017509298324585,
0.00246000003814697),(-0.0394846649169922,-0.0210146560668946,0.00120000004768372),
(-0.0394846649169922,-0.0210146560668946,0.00619999980926514),(-0.0394846649169922,
-0.0157717075347901,0.00120000004768372),(-0.0394846649169922,-0.0157717075347901,
0.00619999980926514),(-0.0394221916198731,-0.0198363609313965,0.00591000080108643),
(-0.0394221916198731,-0.0169500026702881,0.00591000080108643),(-0.0394174194335938,
-0.0198385944366455,0.00591000080108643),(-0.0394174194335938,-0.016947769165039,
0.00591000080108643),(-0.0394136009216308,-0.0198409023284912,0.00246000003814697),
(-0.0394136009216308,-0.0198409023284912,0.00591047334671021),(-0.0394136009216308,
-0.0169454612731933,0.00246000003814697),(-0.0394136009216308,-0.0169454612731933,
0.00591047334671021),(-0.0393885116577148,-0.0194044532775879,0.00120000004768372),
(-0.0393885116577148,-0.0194044532775879,0.00246000003814697),(-0.0393885116577148,
-0.0173819122314453,0.00120000004768372),(-0.0393885116577148,-0.0173819122314453,
0.00246000003814697),(-0.0393846359252929,-0.0198539390563965,0.00591000080108643),
(-0.0393846359252929,-0.0169324245452881,0.00591000080108643),(-0.0393840637207031,
-0.0201739768981933,0.00619999980926514),(-0.0393840637207031,-0.0166123867034912,
0.00619999980926514),(-0.039378978729248,-0.0201763553619385,0.00619999980926514),
(-0.039378978729248,-0.0166100082397461,0.00619999980926514),(-0.0393736801147461,
-0.0201781997680664,0.00619999980926514),(-0.0393736801147461,-0.0166081657409668,
0.00619999980926514),(-0.0392933387756347,-0.021067777633667,0.00120000004768372),
(-0.0392933387756347,-0.021067777633667,0.00619999980926514),(-0.0392933387756347,
-0.0157185869216919,0.00120000004768372),(-0.0392933387756347,-0.0157185869216919,
0.00619999980926514),(-0.0392697296142578,-0.0199077205657959,0.00591000080108643),
(-0.0392697296142578,-0.0168786430358887,0.00591000080108643),(-0.03924951171875,
-0.0199147548675537,0.00591000080108643),(-0.03924951171875,-0.0168716106414795,
0.00591000080108643),(-0.0392335586547852,-0.0199219341278076,0.00246000003814697),
(-0.0392335586547852,-0.0199219341278076,0.00591154289245606),(-0.0392335586547852,
-0.0168644313812256,0.00246000003814697),(-0.0392335586547852,-0.0168644313812256,
0.00591154289245606),(-0.0392212677001953,-0.0195069408416748,0.00120000004768372),
(-0.0392212677001953,-0.0195069408416748,0.00246000003814697),(-0.0392212677001953,
-0.0172794246673584,0.00120000004768372),(-0.0392212677001953,-0.0172794246673584,
0.00246000003814697),(-0.0391917877197265,-0.020241470336914,0.00619999980926514),
(-0.0391917877197265,-0.0165448951721191,0.00619999980926514),(-0.0391885757446289,
-0.0199359512329101,0.00591000080108643),(-0.0391885757446289,-0.0168504123687744,
0.00591000080108643),(-0.0391107368469238,-0.019963026046753,0.00591000080108643),
(-0.0391107368469238,-0.0168233375549316,0.00591000080108643),(-0.0390986785888672,
-0.0211069545745849,0.00120000004768372),(-0.0390986785888672,-0.0211069545745849,
0.00619999980926514),(-0.0390986785888672,-0.0156794090270996,0.00120000004768372),
(-0.0390986785888672,-0.0156794090270996,0.00619999980926514),(-0.0390734252929687,
-0.0199718322753906,0.00591000080108643),(-0.0390734252929687,-0.0168145332336426,
0.00591000080108643),(-0.0390450592041016,-0.0199806709289551,0.00246000003814697),
(-0.0390450592041016,-0.0199806709289551,0.00591209125518799),(-0.0390450592041016,
-0.0168056926727295,0.00246000003814697),(-0.0390450592041016,-0.0168056926727295,
0.00591209125518799),(-0.0390400505065918,-0.0195820026397705,0.00120000004768372),
(-0.0390400505065918,-0.0195820026397705,0.00246000003814697),(-0.0390400505065918,
-0.0172043628692627,0.00120000004768372),(-0.0390400505065918,-0.0172043628692627,
0.00246000003814697),(-0.0390043907165528,-0.0199881248474121,0.00591000080108643),
(-0.0390043907165528,-0.0167982406616211,0.00591000080108643),(-0.0390043563842773,
-0.0202857036590576,0.00619999980926514),(-0.0390043563842773,-0.0165006599426269,
0.00619999980926514),(-0.038998893737793,-0.0202869930267334,0.00619999980926514),
(-0.038998893737793,-0.0164993724822998,0.00619999980926514),(-0.0389469032287598,
-0.0200016918182373,0.00591000080108643),(-0.0389469032287598,-0.0167846736907959,
0.00591000080108643),(-0.0389016990661621,-0.0211319828033448,0.00120000004768372),
(-0.0389016990661621,-0.0211319828033447,0.00619999980926514),(-0.0389016990661621,
-0.0156543807983398,0.00120000004768372),(-0.0389016990661621,-0.0156543807983398,
0.00619999980926514),(-0.0388905334472657,-0.0200089893341065,0.00591000080108643),
(-0.0388905334472657,-0.0167773742675781,0.00591000080108643),(-0.0388508567810058,
-0.0200162601470947,0.00246000003814697),(-0.0388508567810058,-0.0200162601470947,
0.00591211986541748),(-0.0388508567810058,-0.0167701034545898,0.00246000003814697),
(-0.0388508567810058,-0.0167701034545898,0.00591211986541748),(-0.0388493232727051,
-0.0196277923583984,0.00120000004768372),(-0.0388493232727051,-0.0196277923583984,
0.00246000003814697),(-0.0388493232727051,-0.0171585731506347,0.00120000004768372),
(-0.0388493232727051,-0.0171585731506347,0.00246000003814697),(-0.0388199195861817,
-0.0200181312561035,0.00591000080108643),(-0.0388199195861817,-0.0167682323455811,
0.00591000080108643),(-0.0388079071044922,-0.0203117198944092,0.00619999980926514),
(-0.0388079071044922,-0.0164746437072754,0.00619999980926514),(-0.0388023414611817,
-0.0203124408721924,0.00619999980926514),(-0.0388023414611817,-0.0164739227294922,
0.00619999980926514),(-0.0387967338562011,-0.0203125858306885,0.00619999980926514),
(-0.0387967338562011,-0.0164737796783447,0.00619999980926514),(-0.0387799606323243,
-0.0200233058929443,0.00591000080108643),(-0.0387799606323243,-0.0167630596160889,
0.00591000080108643),(-0.038703426361084,-0.0211427345275879,0.00120000004768372),
(-0.038703426361084,-0.0211427345275879,0.00619999980926514),(-0.038703426361084,
-0.015643630027771,0.00120000004768372),(-0.038703426361084,-0.015643630027771,
0.00619999980926514),(-0.0387005958557129,-0.0200253486633301,0.00591000080108643),
(-0.0387005958557129,-0.0167610149383545,0.00591000080108643),(-0.0386537780761719,
-0.0200281810760498,0.00246000003814697),(-0.0386537780761719,-0.0200281810760498,
0.00591162824630737),(-0.0386537780761719,-0.0196431827545166,0.00120000004768372),
(-0.0386537780761719,-0.0196431827545166,0.00246000003814697),(-0.0386537780761719,
-0.0171431827545166,0.00120000004768372),(-0.0386537780761719,-0.0171431827545166,
0.00246000003814697),(-0.0386537780761719,-0.0167581825256348,0.00246000003814697),
(-0.0386537780761719,-0.0167581825256348,0.00591162824630737),(-0.0386349258422851,
-0.0200270404815674,0.00591000080108643),(-0.0386349258422851,-0.0167593231201172,
0.00591000080108643),(-0.0386116828918457,-0.0200276393890381,0.00591000080108643),
(-0.0386116828918457,-0.0167587242126465,0.00591000080108643),(-0.0386042137145996,
-0.0203175430297851,0.00619999980926514),(-0.0386042137145996,-0.0164688205718994,
0.00619999980926514),(-0.0385048980712891,-0.0211391487121582,0.00120000004768372),
(-0.0385048980712891,-0.0211391487121582,0.00619999980926514),(-0.0385048980712891,
-0.0156472158432007,0.00120000004768372),(-0.0385048980712891,-0.0156472158432007,
0.00619999980926514),(-0.03849320602417,-0.0200184688568115,0.00591000080108643),
(-0.03849320602417,-0.0167678947448731,0.00591000080108643),(-0.0384582366943359,
-0.0196277923583984,0.00120000004768372),(-0.0384582366943359,-0.0196277923583984,
0.00246000003814697),(-0.0384582366943359,-0.0171585731506347,0.00120000004768372),
(-0.0384582366943359,-0.0171585731506347,0.00246000003814697),(-0.0384567031860352,
-0.0200162601470947,0.00246000003814697),(-0.0384567031860352,-0.0200162601470947,
0.00591061735153198),(-0.0384567031860352,-0.0167701034545898,0.00246000003814697),
(-0.0384567031860352,-0.0167701034545898,0.00591061735153198),(-0.0384508666992188,
-0.0200151901245117,0.00591000080108643),(-0.0384508666992188,-0.0167711734771729,
0.00591000080108643),(-0.03844384765625,-0.0200146484375,0.00591000080108643),
(-0.03844384765625,-0.0167717170715332,0.00591000080108643),(-0.0384122085571289,
-0.0203026809692383,0.00619999980926514),(-0.0384122085571289,-0.016483684539795,
0.00619999980926514),(-0.0384066123962402,-0.0203022480010986,0.00619999980926514),
(-0.0384066123962402,-0.0164841175079345,0.00619999980926514),(-0.0383071441650391,
-0.0211212482452393,0.00120000004768372),(-0.0383071441650391,-0.0211212482452393,
0.00619999980926514),(-0.0383071441650391,-0.0156651163101197,0.00120000004768372),
(-0.0383071441650391,-0.0156651163101197,0.00619999980926514),(-0.0382782402038574,
-0.019984468460083,0.00591000080108643),(-0.0382782402038574,-0.0168018951416015,
0.00591000080108643),(-0.038269775390625,-0.0199820041656494,0.00591000080108643),
(-0.038269775390625,-0.0168043594360352,0.00591000080108643),(-0.0382675094604492,
-0.0195820026397705,0.00120000004768372),(-0.0382675094604492,-0.0195820026397705,
0.00246000003814697),(-0.0382675094604492,-0.0172043628692627,0.00120000004768372),
(-0.0382675094604492,-0.0172043628692627,0.00246000003814697),(-0.0382625007629395,
-0.0199806709289551,0.00246000003814697),(-0.0382625007629395,-0.0199806709289551,
0.0059107551574707),(-0.0382625007629395,-0.0168056926727295,0.00246000003814697),
(-0.0382625007629395,-0.0168056926727295,0.0059107551574707),(-0.0382242698669433,
-0.0199687576293946,0.00591000080108643),(-0.0382242698669433,-0.01681760597229,
0.00591000080108643),(-0.0382171516418457,-0.0202677211761474,0.00619999980926514),
(-0.0382171516418457,-0.0165186424255371,0.00619999980926514),(-0.0382116317749023,
-0.020266716003418,0.00619999980926514),(-0.0382116317749023,-0.0165196475982666,
0.00619999980926514),(-0.038206241607666,-0.0202651481628418,0.00619999980926514),
(-0.038206241607666,-0.0165212173461914,0.00619999980926514),(-0.0381166114807129,
-0.019937421798706,0.00591000080108643),(-0.0381166114807129,-0.0168489437103272,
0.00591000080108643),(-0.0381111946105957,-0.0210891227722168,0.00120000004768372),
(-0.0381111946105957,-0.0210891227722168,0.00619999980926514),(-0.0381111946105957,
-0.0156972408294677,0.00120000004768372),(-0.0381111946105957,-0.0156972408294677,
0.00619999980926514),(-0.038093376159668,-0.0199279708862304,0.00591000080108643),
(-0.038093376159668,-0.0168583927154541,0.00591000080108643),(-0.0380862922668457,
-0.0195069408416748,0.00120000004768372),(-0.0380862922668457,-0.0195069408416748,
0.00246000003814697),(-0.0380862922668457,-0.0172794246673584,0.00120000004768372),
(-0.0380862922668457,-0.0172794246673584,0.00246000003814697),(-0.0380740013122558,
-0.0199219341278076,0.00246000003814697),(-0.0380740013122558,-0.0199219341278076,
0.00591170930862427),(-0.0380740013122558,-0.0168644313812256,0.00246000003814697),
(-0.0380740013122558,-0.0168644313812256,0.00591170930862427),(-0.0380315284729004,
-0.0199028186798095,0.00591000080108643),(-0.0380315284729004,-0.0168835468292237,
0.00591000080108643),(-0.0380213356018066,-0.0202113227844238,0.00619999980926514),
(-0.0380213356018066,-0.0165750408172608,0.00619999980926514),(-0.0380161399841309,
-0.0202092094421387,0.00619999980926514),(-0.0380161399841309,-0.0165771541595459,
0.00619999980926514),(-0.0379606781005859,-0.0198740043640136,0.00591000080108643),
(-0.0379606781005859,-0.0169123592376709,0.00591000080108643),(-0.0379233779907227,
-0.0198541450500489,0.00591000080108643),(-0.0379233779907227,-0.0169322204589844,
0.00591000080108643),(-0.0379190483093262,-0.0194044532775879,0.00120000004768372),
(-0.0379190483093262,-0.0194044532775879,0.00246000003814697),(-0.0379190483093262,
-0.0173819122314453,0.00120000004768372),(-0.0379190483093262,-0.0173819122314453,
0.00246000003814697),(-0.0379180755615235,-0.0210429439544677,0.00120000004768372),
(-0.0379180755615235,-0.0210429439544677,0.00619999980926514),(-0.0379180755615235,
-0.0157434196472168,0.00120000004768372),(-0.0379180755615235,-0.0157434196472168,
0.00619999980926514),(-0.0378939590454101,-0.0198409023284912,0.00246000003814697),
(-0.0378939590454101,-0.0198409023284912,0.00591214323043823),(-0.0378939590454101,
-0.0169454612731933,0.00246000003814697),(-0.0378939590454101,-0.0169454612731933,
0.00591214323043823),(-0.0378603286743164,-0.019820571899414,0.00591000080108643),
(-0.0378603286743164,-0.0169657917022705,0.00591000080108643),(-0.0378377456665039,
-0.0201366577148437,0.00619999980926514),(-0.0378377456665039,-0.0166497058868408,
0.00619999980926514),(-0.0378120956420899,-0.0197948913574219,0.00591000080108643),
(-0.0378120956420899,-0.0169914741516114,0.00591000080108643),(-0.0377698974609375,
-0.0192770652770996,0.00120000004768372),(-0.0377698974609375,-0.0192770652770996,
0.00246000003814697),(-0.0377698974609375,-0.017509298324585,0.00120000004768372),
(-0.0377698974609375,-0.017509298324585,0.00246000003814697),(-0.0377612075805664,
-0.0197606525421142,0.00591000080108643),(-0.0377612075805664,-0.0170257110595703,
0.00591000080108643),(-0.0377287940979004,-0.0209829502105713,0.00120000004768372),
(-0.0377287940979004,-0.0209829502105713,0.00619999980926514),(-0.0377287940979004,
-0.0158034133911133,0.00120000004768372),(-0.0377287940979004,-0.0158034133911133,
0.00619999980926514),(-0.0377249946594238,-0.0197387599945068,0.00246000003814697),
(-0.0377249946594238,-0.0197387599945068,0.00591205644607544),(-0.0377249946594238,
-0.0170476036071778,0.00246000003814697),(-0.0377249946594238,-0.0170476036071778,
0.00591205644607544),(-0.0377026252746582,-0.0197212352752686,0.00591000080108643),
(-0.0377026252746582,-0.017065128326416,0.00591000080108643),(-0.0376724281311035,
-0.0197009181976318,0.00591000080108643),(-0.0376724281311035,-0.0170854454040528,
0.00591000080108643),(-0.0376677551269531,-0.0200461483001709,0.00619999980926514),
(-0.0376677551269531,-0.0167402153015137,0.00619999980926514),(-0.0376628036499024,
-0.0200435123443603,0.00619999980926514),(-0.0376628036499024,-0.0167428512573242,
0.00619999980926514),(-0.0376581497192383,-0.0200403804779053,0.00619999980926514),
(-0.0376581497192383,-0.0167459850311279,0.00619999980926514),(-0.0376425094604492,
-0.0191279125213623,0.00120000004768372),(-0.0376425094604492,-0.0191279125213623,
0.00246000003814697),(-0.0376425094604492,-0.0176584510803222,0.00120000004768372),
(-0.0376425094604492,-0.0176584510803222,0.00246000003814697),(-0.0376066627502442,
-0.019646053314209,0.00591000080108643),(-0.0376066627502442,-0.0171403102874756,
0.00591000080108643),(-0.0375695762634278,-0.0196169967651367,0.00246000003814697),
(-0.0375695762634278,-0.0196169967651367,0.00591144895553589),(-0.0375695762634278,
-0.0171693668365479,0.00246000003814697),(-0.0375695762634278,-0.0171693668365479,
0.00591144895553589),(-0.0375582122802735,-0.0196056346893311,0.00591000080108643),
(-0.0375582122802735,-0.0171807289123535,0.00591000080108643),(-0.0375443344116211,
-0.0209094543457032,0.00120000004768372),(-0.0375443344116211,-0.0209094543457032,
0.00619999980926514),(-0.0375443344116211,-0.0158769092559815,0.00120000004768372),
(-0.0375443344116211,-0.0158769092559815,0.00619999980926514),(-0.0375431671142578,
-0.0195930843353271,0.00591000080108643),(-0.0375431671142578,-0.0171932792663574,
0.00591000080108643),(-0.0375400199890137,-0.0189606704711914,0.00120000004768372),
(-0.0375400199890137,-0.0189606704711914,0.00246000003814697),(-0.0375400199890137,
-0.0178256950378418,0.00120000004768372),(-0.0375400199890137,-0.0178256950378418,
0.00246000003814697),(-0.0374983673095703,-0.0199328727722168,0.00619999980926514),
(-0.0374983673095703,-0.0168534927368164,0.00619999980926514),(-0.0374940605163575,
-0.0199292774200439,0.00619999980926514),(-0.0374940605163575,-0.0168570861816407,
0.00619999980926514),(-0.0374649581909179,-0.0187794532775879,0.00120000004768372),
(-0.0374649581909179,-0.0187794532775879,0.00246000003814697),(-0.0374649581909179,
-0.0180069122314453,0.00120000004768372),(-0.0374649581909179,-0.0180069122314453,
0.00246000003814697),(-0.0374475746154785,-0.0194949989318847,0.00591000080108643),
(-0.0374475746154785,-0.0172913646697998,0.00591000080108643),(-0.0374299659729004,
-0.0194773864746094,0.00246000003814697),(-0.0374299659729004,-0.0194773864746094,
0.0059103217124939),(-0.0374299659729004,-0.0173089771270752,0.00246000003814697),
(-0.0374299659729004,-0.0173089771270752,0.0059103217124939),(-0.0374281272888183,
-0.0194750442504883,0.00591000080108643),(-0.0374281272888183,-0.0173113193511963,
0.00591000080108643),(-0.0374256782531738,-0.0194725303649903,0.00591000080108643),
(-0.0374256782531738,-0.0173138332366943,0.00591000080108643),(-0.0374191703796386,
-0.0185887241363526,0.00120000004768372),(-0.0374191703796386,-0.0185887241363526,
0.00246000003814697),(-0.0374191703796386,-0.0181976394653321,0.00120000004768372),
(-0.0374191703796386,-0.0181976394653321,0.00246000003814697),(-0.0374037780761718,
-0.0183931827545166,0.00120000004768372),(-0.0374037780761718,-0.0183931827545166,
0.00246000003814697),(-0.0373656578063965,-0.0208228397369385,0.00120000004768372),
(-0.0373656578063965,-0.0208228397369385,0.00619999980926514),(-0.0373656578063965,
-0.0159635238647461,0.00120000004768372),(-0.0373656578063965,-0.0159635238647461,
0.00619999980926514),(-0.0373461799621582,-0.0198059101104737,0.00619999980926514),
(-0.0373461799621582,-0.0169804534912109,0.00619999980926514),(-0.0373212089538575,
-0.0193405361175537,0.00591000080108643),(-0.0373212089538575,-0.0174458293914795,
0.00591000080108643),(-0.0373145637512207,-0.0193300876617431,0.00591000080108643),
(-0.0373145637512207,-0.01745627784729,0.00591000080108643),(-0.0373082008361817,
-0.0193219680786133,0.00246000003814697),(-0.0373082008361817,-0.0193219680786133,
0.00591101169586182),(-0.0373082008361817,-0.0174643974304199,0.00246000003814697),
(-0.0373082008361817,-0.0174643974304199,0.00591101169586182),(-0.0372852630615235,
-0.0192840194702148,0.00591000080108643),(-0.0372852630615235,-0.0175023441314698,
0.00591000080108643),(-0.0372308654785157,-0.0191984977722168,0.00591000080108643),
(-0.0372308654785157,-0.0175878658294677,0.00591000080108643),(-0.0372179870605469,
-0.0191727352142334,0.00591000080108643),(-0.0372179870605469,-0.0176136283874512,
0.00591000080108643),(-0.0372117691040039,-0.0196679935455322,0.00619999980926514),
(-0.0372117691040039,-0.0171183700561524,0.00619999980926514),(-0.0372078514099121,
-0.0196639747619629,0.00619999980926514),(-0.0372078514099121,-0.0171223888397217,
0.00619999980926514),(-0.0372060585021972,-0.019153003692627,0.00246000003814697),
(-0.0372060585021972,-0.019153003692627,0.00591185092926025),(-0.0372060585021972,
-0.0176333599090576,0.00246000003814697),(-0.0372060585021972,-0.0176333599090576,
0.00591185092926025),(-0.0372043685913086,-0.019659574508667,0.00619999980926514),
(-0.0372043685913086,-0.0171267890930176,0.00619999980926514),(-0.0371936950683594,
-0.0207235584259033,0.00120000004768372),(-0.0371936950683594,-0.0207235584259033,
0.00619999980926514),(-0.0371936950683594,-0.0160628070831299,0.00120000004768372),
(-0.0371936950683594,-0.0160628070831299,0.00619999980926514),(-0.0371873779296875,
-0.0191114978790284,0.00591000080108643),(-0.0371873779296875,-0.0176748657226562,
0.00591000080108643),(-0.0371556015014649,-0.0190479240417481,0.00591000080108643),
(-0.0371556015014649,-0.0177384414672852,0.00591000080108643),(-0.0371392784118653,
-0.0190046253204346,0.00591000080108643),(-0.0371392784118653,-0.01778173828125,
0.00591000080108643),(-0.0371250267028808,-0.0189729614257813,0.00246000003814697),
(-0.0371250267028808,-0.0189729614257813,0.00591216897964478),(-0.0371250267028808,
-0.017813404083252,0.00246000003814697),(-0.0371250267028808,-0.017813404083252,
0.00591216897964478),(-0.0371139984130859,-0.0189375667572021,0.00591000080108643),
(-0.0371139984130859,-0.0178487968444824,0.00591000080108643),(-0.0370962219238281,
-0.0188904094696045,0.00591000080108643),(-0.0370962219238281,-0.0178959541320801,
0.00591000080108643),(-0.0370848503112793,-0.0195085678100586,0.00619999980926514),
(-0.0370848503112793,-0.017277795791626,0.00619999980926514),(-0.0370793952941894,
-0.0188265151977539,0.00591000080108643),(-0.0370793952941894,-0.0179598484039306,
0.00591000080108643),(-0.037066291809082,-0.0187844619750977,0.00246000003814697),
(-0.037066291809082,-0.0187844619750977,0.00591196584701538),(-0.037066291809082,
-0.0180019016265869,0.00246000003814697),(-0.037066291809082,-0.0180019016265869,
0.00591196584701538),(-0.0370616493225098,-0.0187591285705566,0.00591000080108643),
(-0.0370616493225098,-0.018027235031128,0.00591000080108643),(-0.0370533523559571,
-0.0187276248931885,0.00591000080108643),(-0.0370533523559571,-0.0180587406158447,
0.00591000080108643),(-0.0370390625,-0.018635892868042,0.00591000080108643),
(-0.0370390625,-0.0181504707336426,0.00591000080108643),(-0.0370307006835938,
-0.0185902595520019,0.00246000003814697),(-0.0370307006835938,-0.0185902595520019,
0.00591124296188355),(-0.0370307006835938,-0.0181961059570312,0.00246000003814697),
(-0.0370307006835938,-0.0181961059570312,0.00591124296188355),(-0.0370299034118653,
-0.0185770797729492,0.00591000080108643),(-0.0370299034118653,-0.0182092838287354,
0.00591000080108643),(-0.0370293464660645,-0.0206121273040771,0.00120000004768372),
(-0.0370293464660645,-0.0206121273040771,0.00619999980926514),(-0.0370293464660645,
-0.016174238204956,0.00120000004768372),(-0.0370293464660645,-0.016174238204956,
0.00619999980926514),(-0.0370274467468262,-0.018561294555664,0.00591000080108643),
(-0.0370274467468262,-0.0182250709533691,0.00591000080108643),(-0.0370187797546387,
-0.0183931827545166,0.00246000003814697),(-0.0370187797546387,-0.0183931827545166,
0.00591000080108643),(-0.0369814910888672,-0.0193460712432861,0.00619999980926514),
(-0.0369814910888672,-0.0174402923583984,0.00619999980926514),(-0.0369784812927246,
-0.0193413372039795,0.00619999980926514),(-0.0369784812927246,-0.0174450263977051,
0.00619999980926514),(-0.0369759712219239,-0.0193363170623779,0.00619999980926514),
(-0.0369759712219239,-0.0174500465393066,0.00619999980926514),(-0.0368898696899414,
-0.0191640548706054,0.00619999980926514),(-0.0368898696899414,-0.0176223087310791,
0.00619999980926514),(-0.0368734664916992,-0.020489128112793,0.00120000004768372),
(-0.0368734664916992,-0.020489128112793,0.00619999980926514),(-0.0368734664916992,
-0.0162972373962403,0.00120000004768372),(-0.0368734664916992,-0.0162972373962403,
0.00619999980926514),(-0.0368219375610351,-0.0189838523864746,0.00619999980926514),
(-0.0368219375610351,-0.01780251121521,0.00619999980926514),(-0.0368199577331543,
-0.0189786033630371,0.00619999980926514),(-0.0368199577331543,-0.0178077621459961,
0.00619999980926514),(-0.0368185272216797,-0.0189731769561768,0.00619999980926514),
(-0.0368185272216797,-0.0178131866455078,0.00619999980926514),(-0.0367694816589356,
-0.0187869453430176,0.00619999980926514),(-0.0367694816589356,-0.0179994201660157,
0.00619999980926514),(-0.0367686195373535,-0.018781400680542,0.00619999980926514),
(-0.0367686195373535,-0.0180049629211426,0.00619999980926514),(-0.0367389831542969,
-0.0185911121368408,0.00619999980926514),(-0.0367389831542969,-0.0181952514648437,
0.00619999980926514),(-0.0367290687561035,-0.0183987865447998,0.00619999980926514),
(-0.0367290687561035,-0.0183875789642334,0.00619999980926514),(-0.0367287788391114,
-0.0183931827545166,0.00619999980926514),(-0.0367268714904785,-0.0203551998138428,
0.00120000004768372),(-0.0367268714904785,-0.0203551998138428,0.00619999980926514),
(-0.0367268714904785,-0.0164311637878418,0.00120000004768372),(-0.0367268714904785,
-0.0164311637878418,0.00619999980926514),(-0.0365903167724609,-0.0202110443115235,
0.00120000004768372),(-0.0365903167724609,-0.0202110443115235,0.00619999980926514),
(-0.0365903167724609,-0.0165753192901612,0.00120000004768372),(-0.0365903167724609,
-0.0165753192901612,0.00619999980926514),(-0.0364645233154297,-0.0200574111938477,
0.00120000004768372),(-0.0364645233154297,-0.0200574111938477,0.00619999980926514),
(-0.0364645233154297,-0.0167289543151855,0.00120000004768372),(-0.0364645233154297,
-0.0167289543151855,0.00619999980926514),(-0.0363501434326172,-0.0198951015472412,
0.00120000004768372),(-0.0363501434326172,-0.0198951015472412,0.00619999980926514),
(-0.0363501434326172,-0.016891263961792,0.00120000004768372),(-0.0363501434326172,
-0.016891263961792,0.00619999980926514),(-0.0362477722167969,-0.0197249603271484,
0.00120000004768372),(-0.0362477722167969,-0.0197249603271484,0.00619999980926514),
(-0.0362477722167969,-0.0170614032745362,0.00120000004768372),(-0.0362477722167969,
-0.0170614032745362,0.00619999980926514),(-0.0361579475402832,-0.0195478763580322,
0.00120000004768372),(-0.0361579475402832,-0.0195478763580322,0.00619999980926514),
(-0.0361579475402832,-0.0172384872436523,0.00120000004768372),(-0.0361579475402832,
-0.0172384872436523,0.00619999980926514),(-0.0360811347961426,-0.0193647727966308,
0.00120000004768372),(-0.0360811347961426,-0.0193647727966308,0.00619999980926514),
(-0.0360811347961426,-0.0174215908050537,0.00120000004768372),(-0.0360811347961426,
-0.0174215908050537,0.00619999980926514),(-0.0360177307128906,-0.0191766033172607,
0.00120000004768372),(-0.0360177307128906,-0.0191766033172607,0.00619999980926514),
(-0.0360177307128906,-0.0176097602844239,0.00120000004768372),(-0.0360177307128906,
-0.0176097602844238,0.00619999980926514),(-0.035968074798584,-0.0189843502044677,
0.00120000004768372),(-0.035968074798584,-0.0189843502044677,0.00619999980926514),
(-0.035968074798584,-0.0178020133972168,0.00120000004768372),(-0.035968074798584,
-0.0178020133972168,0.00619999980926514),(-0.0359324188232422,-0.0187890148162842,
0.00120000004768372),(-0.0359324188232422,-0.0187890148162842,0.00619999980926514),
(-0.0359324188232422,-0.0179973487854004,0.00120000004768372),(-0.0359324188232422,
-0.0179973487854004,0.00619999980926514),(-0.0359109497070313,-0.0185916156768799,
0.00120000004768372),(-0.0359109497070313,-0.0185916156768799,0.00619999980926514),
(-0.0359109497070313,-0.0181947498321533,0.00120000004768372),(-0.0359109497070313,
-0.0181947498321533,0.00619999980926514),(-0.0359037780761719,-0.0183931827545166,
0.00120000004768372),(-0.0359037780761719,-0.0183931827545166,0.00619999980926514)));
#97=COORDINATES_LIST('',641,((-0.041401985168457,0.0183075370788574,0.00120000004768372),
(-0.041401985168457,0.0183075370788574,0.00619999980926514),(-0.041401985168457,
0.0185060997009278,0.00120000004768372),(-0.041401985168457,0.0185060997009278,
0.00619999980926514),(-0.0413876571655274,0.0181094913482666,0.00120000004768372),
(-0.0413876571655274,0.0181094913482666,0.00619999980926514),(-0.0413876571655274,
0.0187041454315185,0.00120000004768372),(-0.0413876571655274,0.0187041454315185,
0.00619999980926514),(-0.0413590774536133,0.0179129962921142,0.00120000004768372),
(-0.0413590774536133,0.0179129962921142,0.00619999980926514),(-0.0413590774536133,
0.0189006404876709,0.00120000004768372),(-0.0413590774536133,0.0189006404876709,
0.00619999980926514),(-0.0413163909912109,0.0177190742492676,0.00120000004768372),
(-0.0413163909912109,0.0177190742492676,0.00619999980926514),(-0.0413163909912109,
0.019094560623169,0.00120000004768372),(-0.0413163909912109,0.019094560623169,
0.00619999980926514),(-0.0412598266601562,0.0175287399291992,0.00120000004768372),
(-0.0412598266601562,0.0175287399291992,0.00619999980926514),(-0.0412598266601562,
0.019284896850586,0.00120000004768372),(-0.0412598266601562,0.019284896850586,
0.00619999980926514),(-0.0411896705627441,0.017342981338501,0.00120000004768372),
(-0.0411896705627441,0.017342981338501,0.00619999980926514),(-0.0411896705627441,
0.0194706535339355,0.00120000004768372),(-0.0411896705627441,0.0194706535339355,
0.00619999980926514),(-0.0411062965393066,0.0171627712249756,0.00120000004768372),
(-0.0411062965393066,0.0171627712249756,0.00619999980926514),(-0.0411062965393066,
0.0196508655548095,0.00120000004768372),(-0.0411062965393066,0.0196508655548095,
0.00619999980926514),(-0.0410101356506348,0.0169890460968018,0.00120000004768372),
(-0.0410101356506348,0.0169890460968018,0.00619999980926514),(-0.0410101356506348,
0.0198245906829834,0.00120000004768372),(-0.0410101356506348,0.0198245906829834,
0.00619999980926514),(-0.0409016914367676,0.0168227119445801,0.00120000004768372),
(-0.0409016914367676,0.0168227119445801,0.00619999980926514),(-0.0409016914367676,
0.0199909248352051,0.00120000004768372),(-0.0409016914367676,0.0199909248352051,
0.00619999980926514),(-0.0407815246582032,0.0166646366119385,0.00120000004768372),
(-0.0407815246582032,0.0166646366119385,0.00619999980926514),(-0.0407815246582032,
0.020148998260498,0.00120000004768372),(-0.0407815246582032,0.020148998260498,
0.00619999980926514),(-0.0406502647399902,0.0165156440734863,0.00120000004768372),
(-0.0406502647399902,0.0165156440734863,0.00619999980926514),(-0.0406502647399902,
0.0202979907989502,0.00120000004768372),(-0.0406502647399902,0.0202979907989502,
0.00619999980926514),(-0.0405762252807617,0.0183077220916748,0.00619999980926514),
(-0.0405762252807617,0.0185059146881103,0.00619999980926514),(-0.0405756492614746,
0.0183021392822265,0.00619999980926514),(-0.0405756492614746,0.0185114955902099,
0.00619999980926514),(-0.0405558471679687,0.0181105785369873,0.00619999980926514),
(-0.0405558471679687,0.0187030563354492,0.00619999980926514),(-0.0405164566040039,
0.0179220695495605,0.00619999980926514),(-0.0405164566040039,0.0188915672302246,
0.00619999980926514),(-0.0405153083801269,0.0179165763854981,0.00619999980926514),
(-0.0405153083801269,0.0188970603942871,0.00619999980926514),(-0.0405085983276367,
0.0163765125274658,0.00120000004768372),(-0.0405085983276367,0.0163765125274658,
0.00619999980926514),(-0.0405085983276367,0.0204371223449707,0.00120000004768372),
(-0.0405085983276367,0.0204371223449707,0.00619999980926514),(-0.0404567413330078,
0.0177331161499024,0.00619999980926514),(-0.0404567413330078,0.0190805206298828,
0.00619999980926514),(-0.0404550323486328,0.0177277698516845,0.00619999980926514),
(-0.0404550323486328,0.0190858650207519,0.00619999980926514),(-0.0404527854919434,
0.0177226295471191,0.00619999980926514),(-0.0404527854919434,0.019091007232666,
0.00619999980926514),(-0.0403756675720215,0.01754616355896,0.00619999980926514),
(-0.0403756675720215,0.0192674732208252,0.00619999980926514),(-0.0403572616577148,
0.0162479648590088,0.00120000004768372),(-0.0403572616577148,0.0162479648590088,
0.00619999980926514),(-0.0403572616577148,0.0205656700134277,0.00120000004768372),
(-0.0403572616577148,0.0205656700134277,0.00619999980926514),(-0.0402887802124023,
0.0184068183898926,0.00246000003814697),(-0.0402887802124023,0.0184068183898926,
0.00591217136383057),(-0.0402866096496582,0.0183226509094239,0.00591000080108643),
(-0.0402866096496582,0.0183709812164307,0.00591000080108643),(-0.0402866096496582,
0.0184426536560059,0.00591000080108643),(-0.0402866096496582,0.0184909858703614,
0.00591000080108643),(-0.0402808113098144,0.0173785610198975,0.00619999980926514),
(-0.0402808113098144,0.0194350738525391,0.00619999980926514),(-0.0402795639038086,
0.0182544708251953,0.00591000080108643),(-0.0402795639038086,0.0185591659545899,
0.00591000080108643),(-0.0402780456542969,0.0173736782073974,0.00619999980926514),
(-0.0402780456542969,0.019439956665039,0.00619999980926514),(-0.0402768592834472,
0.0182097415924072,0.00246000003814697),(-0.0402768592834472,0.0182097415924072,
0.00591191101074219),(-0.0402768592834472,0.0186038951873779,0.00246000003814697),
(-0.0402768592834472,0.0186038951873779,0.00591191101074219),(-0.0402747955322265,
0.017369104385376,0.00619999980926514),(-0.0402747955322265,0.0194445304870605,
0.00619999980926514),(-0.0402724571228028,0.018185733795166,0.00591000080108643),
(-0.0402724571228028,0.0186279029846191,0.00591000080108643),(-0.040269302368164,
0.0181552066802978,0.00591000080108643),(-0.040269302368164,0.0186584281921386,
0.00591000080108643),(-0.0402494850158692,0.0180603637695313,0.00591000080108643),
(-0.0402494850158692,0.0187532711029052,0.00591000080108643),(-0.040241268157959,
0.0180155372619629,0.00246000003814697),(-0.040241268157959,0.0180155372619629,
0.00591113042831421),(-0.040241268157959,0.0187980976104737,0.00246000003814697),
(-0.040241268157959,0.0187980976104737,0.00591113042831421),(-0.0402377700805664,
0.0180043067932129,0.00591000080108643),(-0.0402377700805664,0.0188093280792236,
0.00591000080108643),(-0.0402348709106445,0.0179904308319092,0.00591000080108643),
(-0.0402348709106445,0.0188232040405273,0.00591000080108643),(-0.0401970443725586,
0.0161306743621826,0.00120000004768372),(-0.0401970443725586,0.0161306743621826,
0.00619999980926514),(-0.0401970443725586,0.0206829624176025,0.00120000004768372),
(-0.0401970443725586,0.0206829624176025,0.00619999980926514),(-0.0401836776733399,
0.0178300685882569,0.00591000080108643),(-0.0401836776733399,0.0189835662841797,
0.00591000080108643),(-0.040182975769043,0.0178284645080566,0.00591000080108643),
(-0.040182975769043,0.0189851722717285,0.00591000080108643),(-0.0401825294494629,
0.0178270397186279,0.00246000003814697),(-0.0401825294494629,0.0178270397186279,
0.00591016483306885),(-0.0401825294494629,0.0189865970611573,0.00246000003814697),
(-0.0401825294494629,0.0189865970611573,0.00591016483306885),(-0.0401763610839844,
0.0178133316040039,0.00591000080108643),(-0.0401763610839844,0.0190003032684326,
0.00591000080108643),(-0.0401632080078125,0.0172121448516845,0.00619999980926514),
(-0.0401632080078125,0.0196014919281006,0.00619999980926514),(-0.0401162643432617,
0.0176758193969727,0.00591000080108643),(-0.0401162643432617,0.0191378154754639,
0.00591000080108643),(-0.0401075096130371,0.0176603488922119,0.00591000080108643),
(-0.0401075096130371,0.0191532878875733,0.00591000080108643),(-0.0401015014648438,
0.0176469955444336,0.00246000003814697),(-0.0401015014648438,0.0176469955444336,
0.00591134929656982),(-0.0401015014648438,0.019166639328003,0.00246000003814697),
(-0.0401015014648438,0.019166639328003,0.00591134929656982),(-0.0400772399902344,
0.0176068649291992,0.00591000080108643),(-0.0400772399902344,0.0192067718505859,
0.00591000080108643),(-0.040036075592041,0.017067491531372,0.00619999980926514),
(-0.040036075592041,0.0197461452484131,0.00619999980926514),(-0.0400333518981933,
0.0175293197631836,0.00591000080108643),(-0.0400333518981933,0.019284315109253,
0.00591000080108643),(-0.0400323715209961,0.0170632762908935,0.00619999980926514),
(-0.0400323715209961,0.0197503604888916,0.00619999980926514),(-0.0400287780761719,
0.0160252494812012,0.00120000004768372),(-0.0400287780761719,0.0160252494812012,
0.00619999980926514),(-0.0400287780761719,0.020788387298584,0.00120000004768372),
(-0.0400287780761719,0.020788387298584,0.00619999980926514),(-0.0400133743286133,
0.0175012168884278,0.00591000080108643),(-0.0400133743286133,0.0193124198913574,
0.00591000080108643),(-0.0399993591308594,0.0174780330657959,0.00246000003814697),
(-0.0399993591308594,0.0174780330657959,0.00591201400756836),(-0.0399993591308594,
0.0193356037139892,0.00246000003814697),(-0.0399993591308594,0.0193356037139892,
0.00591201400756836),(-0.039972713470459,0.0174440231323242,0.00591000080108643),
(-0.039972713470459,0.019369613647461,0.00591000080108643),(-0.0399358139038086,
0.0173921222686768,0.00591000080108643),(-0.0399358139038086,0.0194215145111084,
0.00591000080108643),(-0.0399037780761719,0.0184068183898926,0.00120000004768372),
(-0.0399037780761719,0.0184068183898926,0.00246000003814697),(-0.0399011459350586,
0.0173526763916015,0.00591000080108643),(-0.0399011459350586,0.0194609584808349,
0.00591000080108643),(-0.0398910408020019,0.0169324607849121,0.00619999980926514),
(-0.0398910408020019,0.019881175994873,0.00619999980926514),(-0.0398883895874024,
0.018211275100708,0.00120000004768372),(-0.0398883895874024,0.018211275100708,
0.00246000003814697),(-0.0398883895874024,0.0186023597717285,0.00120000004768372),
(-0.0398883895874024,0.0186023597717285,0.00246000003814697),(-0.0398869209289551,
0.0169286479949951,0.00619999980926514),(-0.0398869209289551,0.0198849868774414,
0.00619999980926514),(-0.0398824348449707,0.0169252796173095,0.00619999980926514),
(-0.0398824348449707,0.019888355255127,0.00619999980926514),(-0.0398775939941406,
0.0173226127624512,0.00246000003814697),(-0.0398775939941406,0.0173226127624512,
0.0059121584892273),(-0.0398775939941406,0.0194910221099854,0.00246000003814697),
(-0.0398775939941406,0.0194910221099854,0.0059121584892273),(-0.0398539047241211,
0.0172989234924316,0.00591000080108643),(-0.0398539047241211,0.0195147113800049,
0.00591000080108643),(-0.0398533477783203,0.015932240486145,0.00120000004768372),
(-0.0398533477783203,0.015932240486145,0.00619999980926514),(-0.0398533477783203,
0.0208813953399658,0.00120000004768372),(-0.0398533477783203,0.0208813953399658,
0.00619999980926514),(-0.0398425979614258,0.0180205478668213,0.00120000004768372),
(-0.0398425979614258,0.0180205478668213,0.00246000003814697),(-0.0398425979614258,
0.0187930889129638,0.00120000004768372),(-0.0398425979614258,0.0187930889129638,
0.00246000003814697),(-0.0398246879577637,0.0172656803131103,0.00591000080108643),
(-0.0398246879577637,0.0195479564666748,0.00591000080108643),(-0.039770580291748,
0.0172156009674072,0.00591000080108643),(-0.039770580291748,0.0195980358123779,
0.00591000080108643),(-0.0397675361633301,0.0178393306732177,0.00120000004768372),
(-0.0397675361633301,0.0178393306732177,0.00246000003814697),(-0.0397675361633301,
0.0189743061065674,0.00120000004768372),(-0.0397675361633301,0.0189743061065674,
0.00246000003814697),(-0.0397379837036133,0.0171830024719238,0.00246000003814697),
(-0.0397379837036133,0.0171830024719238,0.00591178321838379),(-0.0397379837036133,
0.0196306324005127,0.00246000003814697),(-0.0397379837036133,0.0196306324005127,
0.00591178321838379),(-0.0397283973693848,0.0168096904754639,0.00619999980926514),
(-0.0397283973693848,0.0200039463043213,0.00619999980926514),(-0.0397209167480469,
0.0171696319580078,0.00591000080108643),(-0.0397209167480469,0.0196440048217774,
0.00591000080108643),(-0.0397011489868164,0.0171513347625733,0.00591000080108643),
(-0.0397011489868164,0.0196623020172119,0.00591000080108643),(-0.0396716575622559,
0.0158521327972412,0.00120000004768372),(-0.0396716575622559,0.0158521327972412,
0.00619999980926514),(-0.0396716575622559,0.020961503982544,0.00120000004768372),
(-0.0396716575622559,0.020961503982544,0.00619999980926514),(-0.0396650505065918,
0.0176720867156983,0.00120000004768372),(-0.0396650505065918,0.0176720867156983,
0.00246000003814697),(-0.0396650505065918,0.0191415481567383,0.00120000004768372),
(-0.0396650505065918,0.0191415481567383,0.00246000003814697),(-0.0396160621643067,
0.0170874843597412,0.00591000080108643),(-0.0396160621643067,0.019726152420044,
0.00591000080108643),(-0.0395825653076172,0.0170612392425537,0.00246000003814697),
(-0.0395825653076172,0.0170612392425537,0.00591088676452637),(-0.0395825653076172,
0.0197523956298828,0.00246000003814697),(-0.0395825653076172,0.0197523956298828,
0.00591088676452637),(-0.0395749816894532,0.017056655883789,0.00591000080108643),
(-0.0395749816894532,0.0197569789886475,0.00591000080108643),(-0.0395665092468262,
0.0170502967834473,0.00591000080108643),(-0.0395665092468262,0.0197633399963379,
0.00591000080108643),(-0.0395632934570312,0.0167105503082276,0.00619999980926514),
(-0.0395632934570312,0.0201030864715576,0.00619999980926514),(-0.0395584831237793,
0.0167076625823975,0.00619999980926514),(-0.0395584831237793,0.0201059741973877,
0.00619999980926514),(-0.0395376625061035,0.0175229339599609,0.00120000004768372),
(-0.0395376625061035,0.0175229339599609,0.00246000003814697),(-0.0395376625061035,
0.0192907009124756,0.00120000004768372),(-0.0395376625061035,0.0192907009124756,
0.00246000003814697),(-0.0394846649169922,0.0157853441238404,0.00120000004768372),
(-0.0394846649169922,0.0157853441238404,0.00619999980926514),(-0.0394846649169922,
0.0210282917022705,0.00120000004768372),(-0.0394846649169922,0.0210282917022705,
0.00619999980926514),(-0.0394221916198731,0.016963638305664,0.00591000080108643),
(-0.0394221916198731,0.0198499965667725,0.00591000080108643),(-0.0394174194335938,
0.016961404800415,0.00591000080108643),(-0.0394174194335938,0.0198522300720215,
0.00591000080108643),(-0.0394136009216308,0.0169590969085694,0.00246000003814697),
(-0.0394136009216308,0.0169590969085694,0.00591047334671021),(-0.0394136009216308,
0.0198545379638672,0.00246000003814697),(-0.0394136009216308,0.0198545379638672,
0.00591047334671021),(-0.0393885116577148,0.0173955478668213,0.00120000004768372),
(-0.0393885116577148,0.0173955478668213,0.00246000003814697),(-0.0393885116577148,
0.0194180889129639,0.00120000004768372),(-0.0393885116577148,0.0194180889129639,
0.00246000003814697),(-0.0393846359252929,0.016946060180664,0.00591000080108643),
(-0.0393846359252929,0.0198675746917725,0.00591000080108643),(-0.0393840637207031,
0.0166260242462158,0.00619999980926514),(-0.0393840637207031,0.0201876125335693,
0.00619999980926514),(-0.039378978729248,0.016623643875122,0.00619999980926514),
(-0.039378978729248,0.0201899909973145,0.00619999980926514),(-0.0393736801147461,
0.0166218013763428,0.00619999980926514),(-0.0393736801147461,0.0201918354034424,
0.00619999980926514),(-0.0392933387756347,0.0157322235107422,0.00120000004768372),
(-0.0392933387756347,0.0157322235107422,0.00619999980926514),(-0.0392933387756347,
0.021081413269043,0.00120000004768372),(-0.0392933387756347,0.021081413269043,
0.00619999980926514),(-0.0392697296142578,0.0168922786712647,0.00591000080108643),
(-0.0392697296142578,0.0199213562011719,0.00591000080108643),(-0.03924951171875,
0.0168852462768555,0.00591000080108643),(-0.03924951171875,0.0199283905029297,
0.00591000080108643),(-0.0392335586547852,0.0168780670166016,0.00246000003814697),
(-0.0392335586547852,0.0168780670166016,0.00591154289245606),(-0.0392335586547852,
0.0199355697631836,0.00246000003814697),(-0.0392335586547852,0.0199355697631836,
0.00591154289245606),(-0.0392212677001953,0.0172930603027344,0.00120000004768372),
(-0.0392212677001953,0.0172930603027344,0.00246000003814697),(-0.0392212677001953,
0.0195205764770508,0.00120000004768372),(-0.0392212677001953,0.0195205764770508,
0.00246000003814697),(-0.0391917877197265,0.0165585308074951,0.00619999980926514),
(-0.0391917877197265,0.02025510597229,0.00619999980926514),(-0.0391885757446289,
0.0168640499114991,0.00591000080108643),(-0.0391885757446289,0.0199495868682861,
0.00591000080108643),(-0.0391107368469238,0.0168369731903076,0.00591000080108643),
(-0.0391107368469238,0.0199766616821289,0.00591000080108643),(-0.0390986785888672,
0.0156930456161499,0.00120000004768372),(-0.0390986785888672,0.0156930456161499,
0.00619999980926514),(-0.0390986785888672,0.0211205902099609,0.00120000004768372),
(-0.0390986785888672,0.0211205902099609,0.00619999980926514),(-0.0390734252929687,
0.0168281688690185,0.00591000080108643),(-0.0390734252929687,0.0199854679107666,
0.00591000080108643),(-0.0390450592041016,0.0168193283081054,0.00246000003814697),
(-0.0390450592041016,0.0168193283081054,0.00591209125518799),(-0.0390450592041016,
0.0199943065643311,0.00246000003814697),(-0.0390450592041016,0.0199943065643311,
0.00591209125518799),(-0.0390400505065918,0.0172179985046387,0.00120000004768372),
(-0.0390400505065918,0.0172179985046387,0.00246000003814697),(-0.0390400505065918,
0.0195956382751465,0.00120000004768372),(-0.0390400505065918,0.0195956382751465,
0.00246000003814697),(-0.0390043907165528,0.016811876296997,0.00591000080108643),
(-0.0390043907165528,0.0200017604827881,0.00591000080108643),(-0.0390043563842773,
0.0165142955780029,0.00619999980926514),(-0.0390043563842773,0.0202993392944336,
0.00619999980926514),(-0.038998893737793,0.0165130081176758,0.00619999980926514),
(-0.038998893737793,0.0203006286621094,0.00619999980926514),(-0.0389469032287598,
0.0167983093261719,0.00591000080108643),(-0.0389469032287598,0.0200153274536133,
0.00591000080108643),(-0.0389016990661621,0.0156680173873902,0.00120000004768372),
(-0.0389016990661621,0.0156680173873902,0.00619999980926514),(-0.0389016990661621,
0.0211456184387207,0.00120000004768372),(-0.0389016990661621,0.0211456184387207,
0.00619999980926514),(-0.0388905334472657,0.0167910099029541,0.00591000080108643),
(-0.0388905334472657,0.0200226249694824,0.00591000080108643),(-0.0388508567810058,
0.0167837390899658,0.00246000003814697),(-0.0388508567810058,0.0167837390899658,
0.00591211986541748),(-0.0388508567810058,0.0200298957824707,0.00246000003814697),
(-0.0388508567810058,0.0200298957824707,0.00591211986541748),(-0.0388493232727051,
0.0171722087860108,0.00120000004768372),(-0.0388493232727051,0.0171722087860108,
0.00246000003814697),(-0.0388493232727051,0.0196414279937744,0.00120000004768372),
(-0.0388493232727051,0.0196414279937744,0.00246000003814697),(-0.0388199195861817,
0.0167818679809571,0.00591000080108643),(-0.0388199195861817,0.0200317668914795,
0.00591000080108643),(-0.0388079071044922,0.0164882793426513,0.00619999980926514),
(-0.0388079071044922,0.0203253555297851,0.00619999980926514),(-0.0388023414611817,
0.0164875602722168,0.00619999980926514),(-0.0388023414611817,0.0203260765075684,
0.00619999980926514),(-0.0387967338562011,0.0164874153137207,0.00619999980926514),
(-0.0387967338562011,0.0203262214660644,0.00619999980926514),(-0.0387799606323243,
0.0167766952514649,0.00591000080108643),(-0.0387799606323243,0.0200369415283203,
0.00591000080108643),(-0.038703426361084,0.0156572666168213,0.00120000004768372),
(-0.038703426361084,0.0156572666168213,0.00619999980926514),(-0.038703426361084,
0.0211563701629639,0.00120000004768372),(-0.038703426361084,0.0211563701629639,
0.00619999980926514),(-0.0387005958557129,0.0167746505737305,0.00591000080108643),
(-0.0387005958557129,0.0200389862060547,0.00591000080108643),(-0.0386537780761719,
0.0167718181610108,0.00246000003814697),(-0.0386537780761719,0.0167718181610108,
0.00591162824630737),(-0.0386537780761719,0.0171568183898926,0.00120000004768372),
(-0.0386537780761719,0.0171568183898926,0.00246000003814697),(-0.0386537780761719,
0.0196568183898926,0.00120000004768372),(-0.0386537780761719,0.0196568183898926,
0.00246000003814697),(-0.0386537780761719,0.0200418167114258,0.00246000003814697),
(-0.0386537780761719,0.0200418167114258,0.00591162824630737),(-0.0386349258422851,
0.0167729587554932,0.00591000080108643),(-0.0386349258422851,0.0200406761169433,
0.00591000080108643),(-0.0386116828918457,0.0167723598480225,0.00591000080108643),
(-0.0386116828918457,0.020041275024414,0.00591000080108643),(-0.0386042137145996,
0.0164824562072754,0.00619999980926514),(-0.0386042137145996,0.0203311786651612,
0.00619999980926514),(-0.0385048980712891,0.015660852432251,0.00120000004768372),
(-0.0385048980712891,0.015660852432251,0.00619999980926514),(-0.0385048980712891,
0.0211527843475342,0.00120000004768372),(-0.0385048980712891,0.0211527843475342,
0.00619999980926514),(-0.03849320602417,0.0167815322875977,0.00591000080108643),
(-0.03849320602417,0.0200321044921875,0.00591000080108643),(-0.0384582366943359,
0.0171722087860108,0.00120000004768372),(-0.0384582366943359,0.0171722087860108,
0.00246000003814697),(-0.0384582366943359,0.0196414279937744,0.00120000004768372),
(-0.0384582366943359,0.0196414279937744,0.00246000003814697),(-0.0384567031860352,
0.0167837390899658,0.00246000003814697),(-0.0384567031860352,0.0167837390899658,
0.00591061735153198),(-0.0384567031860352,0.0200298957824707,0.00246000003814697),
(-0.0384567031860352,0.0200298957824707,0.00591061735153198),(-0.0384508666992188,
0.0167848091125488,0.00591000080108643),(-0.0384508666992188,0.0200288276672364,
0.00591000080108643),(-0.03844384765625,0.0167853527069092,0.00591000080108643),
(-0.03844384765625,0.0200282840728759,0.00591000080108643),(-0.0384122085571289,
0.0164973201751709,0.00619999980926514),(-0.0384122085571289,0.0203163166046142,
0.00619999980926514),(-0.0384066123962402,0.0164977531433106,0.00619999980926514),
(-0.0384066123962402,0.0203158836364746,0.00619999980926514),(-0.0383071441650391,
0.0156787528991699,0.00120000004768372),(-0.0383071441650391,0.0156787528991699,
0.00619999980926514),(-0.0383071441650391,0.0211348838806153,0.00120000004768372),
(-0.0383071441650391,0.0211348838806153,0.00619999980926514),(-0.0382782402038574,
0.0168155307769776,0.00591000080108643),(-0.0382782402038574,0.019998104095459,
0.00591000080108643),(-0.038269775390625,0.0168179950714112,0.00591000080108643),
(-0.038269775390625,0.0199956398010254,0.00591000080108643),(-0.0382675094604492,
0.0172179985046387,0.00120000004768372),(-0.0382675094604492,0.0172179985046387,
0.00246000003814697),(-0.0382675094604492,0.0195956382751465,0.00120000004768372),
(-0.0382675094604492,0.0195956382751465,0.00246000003814697),(-0.0382625007629395,
0.0168193283081054,0.00246000003814697),(-0.0382625007629395,0.0168193283081054,
0.0059107551574707),(-0.0382625007629395,0.0199943065643311,0.00246000003814697),
(-0.0382625007629395,0.0199943065643311,0.0059107551574707),(-0.0382242698669433,
0.016831241607666,0.00591000080108643),(-0.0382242698669433,0.0199823951721191,
0.00591000080108643),(-0.0382171516418457,0.0165322780609131,0.00619999980926514),
(-0.0382171516418457,0.0202813568115235,0.00619999980926514),(-0.0382116317749023,
0.0165332851409912,0.00619999980926514),(-0.0382116317749023,0.020280351638794,
0.00619999980926514),(-0.038206241607666,0.0165348529815674,0.00619999980926514),
(-0.038206241607666,0.0202787837982178,0.00619999980926514),(-0.0381166114807129,
0.0168625793457031,0.00591000080108643),(-0.0381166114807129,0.019951057434082,
0.00591000080108643),(-0.0381111946105957,0.0157108774185181,0.00120000004768372),
(-0.0381111946105957,0.0157108774185181,0.00619999980926514),(-0.0381111946105957,
0.0211027584075928,0.00619999980926514),(-0.0381111946105957,0.0211027584075928,
0.00120000004768372),(-0.038093376159668,0.0168720283508301,0.00591000080108643),
(-0.038093376159668,0.0199416065216064,0.00591000080108643),(-0.0380862922668457,
0.0172930603027344,0.00120000004768372),(-0.0380862922668457,0.0172930603027344,
0.00246000003814697),(-0.0380862922668457,0.0195205764770508,0.00120000004768372),
(-0.0380862922668457,0.0195205764770508,0.00246000003814697),(-0.0380740013122558,
0.0168780670166016,0.00246000003814697),(-0.0380740013122558,0.0168780670166016,
0.00591170930862427),(-0.0380740013122558,0.0199355697631836,0.00246000003814697),
(-0.0380740013122558,0.0199355697631836,0.00591170930862427),(-0.0380315284729004,
0.0168971824645996,0.00591000080108643),(-0.0380315284729004,0.0199164543151856,
0.00591000080108643),(-0.0380213356018066,0.0165886764526367,0.00619999980926514),
(-0.0380213356018066,0.0202249584197998,0.00619999980926514),(-0.0380161399841309,
0.0165907897949219,0.00619999980926514),(-0.0380161399841309,0.0202228450775146,
0.00619999980926514),(-0.0379606781005859,0.0169259948730469,0.00591000080108643),
(-0.0379606781005859,0.0198876399993896,0.00591000080108643),(-0.0379233779907227,
0.0169458560943603,0.00591000080108643),(-0.0379233779907227,0.0198677806854248,
0.00591000080108643),(-0.0379190483093262,0.0173955478668213,0.00120000004768372),
(-0.0379190483093262,0.0173955478668213,0.00246000003814697),(-0.0379190483093262,
0.0194180889129639,0.00120000004768372),(-0.0379190483093262,0.0194180889129639,
0.00246000003814697),(-0.0379180755615235,0.0157570562362671,0.00120000004768372),
(-0.0379180755615235,0.0157570562362671,0.00619999980926514),(-0.0379180755615235,
0.0210565795898437,0.00120000004768372),(-0.0379180755615235,0.0210565795898437,
0.00619999980926514),(-0.0378939590454101,0.0169590969085694,0.00246000003814697),
(-0.0378939590454101,0.0169590969085694,0.00591214323043823),(-0.0378939590454101,
0.0198545379638672,0.00246000003814697),(-0.0378939590454101,0.0198545379638672,
0.00591214323043823),(-0.0378603286743164,0.0169794273376465,0.00591000080108643),
(-0.0378603286743164,0.01983420753479,0.00591000080108643),(-0.0378377456665039,
0.0166633415222168,0.00619999980926514),(-0.0378377456665039,0.0201502933502198,
0.00619999980926514),(-0.0378120956420899,0.0170051097869873,0.00591000080108643),
(-0.0378120956420899,0.0198085269927978,0.00591000080108643),(-0.0377698974609375,
0.0175229339599609,0.00120000004768372),(-0.0377698974609375,0.0175229339599609,
0.00246000003814697),(-0.0377698974609375,0.0192907009124756,0.00120000004768372),
(-0.0377698974609375,0.0192907009124756,0.00246000003814697),(-0.0377612075805664,
0.0170393466949463,0.00591000080108643),(-0.0377612075805664,0.0197742881774903,
0.00591000080108643),(-0.0377287940979004,0.0158170499801636,0.00120000004768372),
(-0.0377287940979004,0.0158170499801636,0.00619999980926514),(-0.0377287940979004,
0.0209965858459472,0.00120000004768372),(-0.0377287940979004,0.0209965858459472,
0.00619999980926514),(-0.0377249946594238,0.0170612392425537,0.00246000003814697),
(-0.0377249946594238,0.0170612392425537,0.00591205644607544),(-0.0377249946594238,
0.0197523956298828,0.00246000003814697),(-0.0377249946594238,0.0197523956298828,
0.00591205644607544),(-0.0377026252746582,0.017078763961792,0.00591000080108643),
(-0.0377026252746582,0.0197348709106446,0.00591000080108643),(-0.0376724281311035,
0.0170990810394287,0.00591000080108643),(-0.0376724281311035,0.0197145538330078,
0.00591000080108643),(-0.0376677551269531,0.0167538509368896,0.00619999980926514),
(-0.0376677551269531,0.0200597858428955,0.00619999980926514),(-0.0376628036499024,
0.0167564888000489,0.00619999980926514),(-0.0376628036499024,0.0200571479797364,
0.00619999980926514),(-0.0376581497192383,0.0167596206665039,0.00619999980926514),
(-0.0376581497192383,0.0200540161132812,0.00619999980926514),(-0.0376425094604492,
0.0176720867156983,0.00120000004768372),(-0.0376425094604492,0.0176720867156983,
0.00246000003814697),(-0.0376425094604492,0.0191415481567383,0.00120000004768372),
(-0.0376425094604492,0.0191415481567383,0.00246000003814697),(-0.0376066627502442,
0.0171539478302002,0.00591000080108643),(-0.0376066627502442,0.019659688949585,
0.00591000080108643),(-0.0375695762634278,0.0171830024719238,0.00246000003814697),
(-0.0375695762634278,0.0171830024719238,0.00591144895553589),(-0.0375695762634278,
0.0196306324005127,0.00246000003814697),(-0.0375695762634278,0.0196306324005127,
0.00591144895553589),(-0.0375582122802735,0.0171943645477295,0.00591000080108643),
(-0.0375582122802735,0.0196192703247071,0.00591000080108643),(-0.0375443344116211,
0.0158905458450317,0.00120000004768372),(-0.0375443344116211,0.0158905458450317,
0.00619999980926514),(-0.0375443344116211,0.0209230899810791,0.00120000004768372),
(-0.0375443344116211,0.0209230899810791,0.00619999980926514),(-0.0375431671142578,
0.0172069149017334,0.00591000080108643),(-0.0375431671142578,0.0196067199707031,
0.00591000080108643),(-0.0375400199890137,0.0178393306732177,0.00120000004768372),
(-0.0375400199890137,0.0178393306732177,0.00246000003814697),(-0.0375400199890137,
0.0189743061065674,0.00120000004768372),(-0.0375400199890137,0.0189743061065674,
0.00246000003814697),(-0.0374983673095703,0.0168671283721924,0.00619999980926514),
(-0.0374983673095703,0.0199465084075927,0.00619999980926514),(-0.0374940605163575,
0.0168707218170166,0.00619999980926514),(-0.0374940605163575,0.0199429130554199,
0.00619999980926514),(-0.0374649581909179,0.0180205478668213,0.00120000004768372),
(-0.0374649581909179,0.0180205478668213,0.00246000003814697),(-0.0374649581909179,
0.0187930889129638,0.00120000004768372),(-0.0374649581909179,0.0187930889129638,
0.00246000003814697),(-0.0374475746154785,0.0173050022125244,0.00591000080108643),
(-0.0374475746154785,0.0195086345672608,0.00591000080108643),(-0.0374299659729004,
0.0173226127624512,0.00246000003814697),(-0.0374299659729004,0.0173226127624512,
0.0059103217124939),(-0.0374299659729004,0.0194910221099854,0.00246000003814697),
(-0.0374299659729004,0.0194910221099854,0.0059103217124939),(-0.0374281272888183,
0.0173249568939209,0.00591000080108643),(-0.0374281272888183,0.0194886798858642,
0.00591000080108643),(-0.0374256782531738,0.0173274688720703,0.00591000080108643),
(-0.0374256782531738,0.0194861660003662,0.00591000080108643),(-0.0374191703796386,
0.018211275100708,0.00120000004768372),(-0.0374191703796386,0.018211275100708,
0.00246000003814697),(-0.0374191703796386,0.0186023597717285,0.00120000004768372),
(-0.0374191703796386,0.0186023597717285,0.00246000003814697),(-0.0374037780761718,
0.0184068183898926,0.00120000004768372),(-0.0374037780761718,0.0184068183898926,
0.00246000003814697),(-0.0373656578063965,0.0159771604537964,0.00120000004768372),
(-0.0373656578063965,0.0159771604537964,0.00619999980926514),(-0.0373656578063965,
0.0208364753723145,0.00120000004768372),(-0.0373656578063965,0.0208364753723145,
0.00619999980926514),(-0.0373461799621582,0.0169940891265869,0.00619999980926514),
(-0.0373461799621582,0.0198195476531983,0.00619999980926514),(-0.0373212089538575,
0.0174594650268554,0.00591000080108643),(-0.0373212089538575,0.0193541717529297,
0.00591000080108643),(-0.0373145637512207,0.017469913482666,0.00591000080108643),
(-0.0373145637512207,0.0193437232971191,0.00591000080108643),(-0.0373082008361817,
0.0174780330657959,0.00246000003814697),(-0.0373082008361817,0.0174780330657959,
0.00591101169586182),(-0.0373082008361817,0.0193356037139892,0.00246000003814697),
(-0.0373082008361817,0.0193356037139892,0.00591101169586182),(-0.0372852630615235,
0.0175159797668457,0.00591000080108643),(-0.0372852630615235,0.0192976570129395,
0.00591000080108643),(-0.0372308654785157,0.0176015014648437,0.00591000080108643),
(-0.0372308654785157,0.0192121334075928,0.00591000080108643),(-0.0372179870605469,
0.0176272659301758,0.00591000080108643),(-0.0372179870605469,0.0191863708496094,
0.00591000080108643),(-0.0372117691040039,0.017132007598877,0.00619999980926514),
(-0.0372117691040039,0.0196816291809082,0.00619999980926514),(-0.0372078514099121,
0.0171360244750977,0.00619999980926514),(-0.0372078514099121,0.0196776103973388,
0.00619999980926514),(-0.0372060585021972,0.0176469955444336,0.00246000003814697),
(-0.0372060585021972,0.0176469955444336,0.00591185092926025),(-0.0372060585021972,
0.019166639328003,0.00246000003814697),(-0.0372060585021972,0.019166639328003,
0.00591185092926025),(-0.0372043685913086,0.0171404247283935,0.00619999980926514),
(-0.0372043685913086,0.019673210144043,0.00619999980926514),(-0.0371936950683594,
0.0160764427185058,0.00120000004768372),(-0.0371936950683594,0.0160764427185058,
0.00619999980926514),(-0.0371936950683594,0.0207371940612793,0.00120000004768372),
(-0.0371936950683594,0.0207371940612793,0.00619999980926514),(-0.0371873779296875,
0.0176885013580322,0.00591000080108643),(-0.0371873779296875,0.0191251354217529,
0.00591000080108643),(-0.0371556015014649,0.0177520771026611,0.00591000080108643),
(-0.0371556015014649,0.019061559677124,0.00591000080108643),(-0.0371392784118653,
0.017795373916626,0.00591000080108643),(-0.0371392784118653,0.0190182609558106,
0.00591000080108643),(-0.0371250267028808,0.0178270397186279,0.00246000003814697),
(-0.0371250267028808,0.0178270397186279,0.00591216897964478),(-0.0371250267028808,
0.0189865970611573,0.00246000003814697),(-0.0371250267028808,0.0189865970611573,
0.00591216897964478),(-0.0371139984130859,0.0178624324798584,0.00591000080108643),
(-0.0371139984130859,0.0189512042999267,0.00591000080108643),(-0.0370962219238281,
0.0179095897674561,0.00591000080108643),(-0.0370962219238281,0.0189040451049804,
0.00591000080108643),(-0.0370848503112793,0.0172914333343506,0.00619999980926514),
(-0.0370848503112793,0.0195222034454345,0.00619999980926514),(-0.0370793952941894,
0.0179734840393066,0.00591000080108643),(-0.0370793952941894,0.0188401508331299,
0.00591000080108643),(-0.037066291809082,0.0180155372619629,0.00246000003814697),
(-0.037066291809082,0.0180155372619629,0.00591196584701538),(-0.037066291809082,
0.0187980976104737,0.00246000003814697),(-0.037066291809082,0.0187980976104737,
0.00591196584701538),(-0.0370616493225098,0.0180408706665039,0.00591000080108643),
(-0.0370616493225098,0.0187727642059326,0.00591000080108643),(-0.0370533523559571,
0.0180723762512207,0.00591000080108643),(-0.0370533523559571,0.0187412605285645,
0.00591000080108643),(-0.0370390625,0.0181641063690186,0.00591000080108643),
(-0.0370390625,0.0186495304107666,0.00591000080108643),(-0.0370307006835938,
0.0182097415924072,0.00246000003814697),(-0.0370307006835938,0.0182097415924072,
0.00591124296188355),(-0.0370307006835938,0.0186038951873779,0.00246000003814697),
(-0.0370307006835938,0.0186038951873779,0.00591124296188355),(-0.0370299034118653,
0.0182229194641114,0.00591000080108643),(-0.0370299034118653,0.0185907154083252,
0.00591000080108643),(-0.0370293464660645,0.016187873840332,0.00120000004768372),
(-0.0370293464660645,0.016187873840332,0.00619999980926514),(-0.0370293464660645,
0.0206257629394531,0.00619999980926514),(-0.0370293464660645,0.0206257629394531,
0.00120000004768372),(-0.0370274467468262,0.0182387065887451,0.00591000080108643),
(-0.0370274467468262,0.01857493019104,0.00591000080108643),(-0.0370187797546387,
0.0184068183898926,0.00246000003814697),(-0.0370187797546387,0.0184068183898926,
0.00591000080108643),(-0.0369814910888672,0.0174539279937744,0.00619999980926514),
(-0.0369814910888672,0.0193597068786621,0.00619999980926514),(-0.0369784812927246,
0.0174586639404297,0.00619999980926514),(-0.0369784812927246,0.0193549728393555,
0.00619999980926514),(-0.0369759712219239,0.0174636821746826,0.00619999980926514),
(-0.0369759712219239,0.0193499526977539,0.00619999980926514),(-0.0368898696899414,
0.0176359443664551,0.00619999980926514),(-0.0368898696899414,0.0191776905059815,
0.00619999980926514),(-0.0368734664916992,0.0163108730316162,0.00120000004768372),
(-0.0368734664916992,0.0163108730316162,0.00619999980926514),(-0.0368734664916992,
0.020502763748169,0.00120000004768372),(-0.0368734664916992,0.020502763748169,
0.00619999980926514),(-0.0368219375610351,0.017816146850586,0.00619999980926514),
(-0.0368219375610351,0.0189974899291992,0.00619999980926514),(-0.0368199577331543,
0.017821397781372,0.00619999980926514),(-0.0368199577331543,0.0189922389984131,
0.00619999980926514),(-0.0368185272216797,0.0178268241882324,0.00619999980926514),
(-0.0368185272216797,0.0189868125915527,0.00619999980926514),(-0.0367694816589356,
0.0180130558013916,0.00619999980926514),(-0.0367694816589356,0.0188005809783936,
0.00619999980926514),(-0.0367686195373535,0.0180186004638672,0.00619999980926514),
(-0.0367686195373535,0.0187950363159179,0.00619999980926514),(-0.0367389831542969,
0.0182088871002198,0.00619999980926514),(-0.0367389831542969,0.0186047477722168,
0.00619999980926514),(-0.0367290687561035,0.0184012145996094,0.00619999980926514),
(-0.0367290687561035,0.0184124221801758,0.00619999980926514),(-0.0367287788391114,
0.0184068183898926,0.00619999980926514),(-0.0367268714904785,0.0164447994232177,
0.00120000004768372),(-0.0367268714904785,0.0164447994232177,0.00619999980926514),
(-0.0367268714904785,0.0203688354492188,0.00120000004768372),(-0.0367268714904785,
0.0203688354492188,0.00619999980926514),(-0.0365903167724609,0.0165889549255371,
0.00120000004768372),(-0.0365903167724609,0.0165889549255371,0.00619999980926514),
(-0.0365903167724609,0.0202246799468994,0.00120000004768372),(-0.0365903167724609,
0.0202246799468994,0.00619999980926514),(-0.0364645233154297,0.0167425899505616,
0.00120000004768372),(-0.0364645233154297,0.0167425899505616,0.00619999980926514),
(-0.0364645233154297,0.0200710468292237,0.00120000004768372),(-0.0364645233154297,
0.0200710468292237,0.00619999980926514),(-0.0363501434326172,0.016904899597168,
0.00120000004768372),(-0.0363501434326172,0.016904899597168,0.00619999980926514),
(-0.0363501434326172,0.0199087371826172,0.00120000004768372),(-0.0363501434326172,
0.0199087371826172,0.00619999980926514),(-0.0362477722167969,0.0170750389099121,
0.00120000004768372),(-0.0362477722167969,0.0170750389099121,0.00619999980926514),
(-0.0362477722167969,0.0197385959625244,0.00120000004768372),(-0.0362477722167969,
0.0197385959625244,0.00619999980926514),(-0.0361579475402832,0.0172521228790283,
0.00120000004768372),(-0.0361579475402832,0.0172521228790283,0.00619999980926514),
(-0.0361579475402832,0.0195615119934082,0.00120000004768372),(-0.0361579475402832,
0.0195615119934082,0.00619999980926514),(-0.0360811347961426,0.0174352264404297,
0.00120000004768372),(-0.0360811347961426,0.0174352264404297,0.00619999980926514),
(-0.0360811347961426,0.0193784084320069,0.00120000004768372),(-0.0360811347961426,
0.0193784084320069,0.00619999980926514),(-0.0360177307128906,0.0176233959197998,
0.00120000004768372),(-0.0360177307128906,0.0176233959197998,0.00619999980926514),
(-0.0360177307128906,0.0191902389526367,0.00120000004768372),(-0.0360177307128906,
0.0191902389526367,0.00619999980926514),(-0.035968074798584,0.0178156490325928,
0.00120000004768372),(-0.035968074798584,0.0178156490325928,0.00619999980926514),
(-0.035968074798584,0.0189979858398438,0.00120000004768372),(-0.035968074798584,
0.0189979858398438,0.00619999980926514),(-0.0359324188232422,0.0180109844207764,
0.00120000004768372),(-0.0359324188232422,0.0180109844207764,0.00619999980926514),
(-0.0359324188232422,0.0188026504516602,0.00120000004768372),(-0.0359324188232422,
0.0188026504516602,0.00619999980926514),(-0.0359109497070313,0.0182083854675293,
0.00120000004768372),(-0.0359109497070313,0.0182083854675293,0.00619999980926514),
(-0.0359109497070313,0.0186052513122558,0.00120000004768372),(-0.0359109497070313,
0.0186052513122558,0.00619999980926514),(-0.0359037780761719,0.0184068183898926,
0.00120000004768372),(-0.0359037780761719,0.0184068183898926,0.00619999980926514)));
#98=COORDINATES_LIST('',641,((0.0150480136871338,-0.0185924625396728,0.00120000004768372),
(0.0150480136871338,-0.0185924625396728,0.00619999980926514),(0.0150480136871338,
-0.0183938999176026,0.00120000004768372),(0.0150480136871338,-0.0183938999176026,
0.00619999980926514),(0.0150623416900635,-0.0187905082702636,0.00120000004768372),
(0.0150623416900635,-0.0187905082702636,0.00619999980926514),(0.0150623416900635,
-0.0181958541870117,0.00120000004768372),(0.0150623416900635,-0.0181958541870117,
0.00619999980926514),(0.0150909233093261,-0.018987003326416,0.00120000004768372),
(0.0150909233093261,-0.018987003326416,0.00619999980926514),(0.0150909233093261,
-0.0179993591308594,0.00120000004768372),(0.0150909233093261,-0.0179993591308594,
0.00619999980926514),(0.0151336078643799,-0.0191809253692627,0.00120000004768372),
(0.0151336078643799,-0.0191809253692627,0.00619999980926514),(0.0151336078643799,
-0.0178054389953613,0.00120000004768372),(0.0151336078643799,-0.0178054389953613,
0.00619999980926514),(0.0151901750564575,-0.019371259689331,0.00120000004768372),
(0.0151901750564575,-0.019371259689331,0.00619999980926514),(0.0151901750564575,
-0.0176151027679444,0.00120000004768372),(0.0151901750564575,-0.0176151027679444,
0.00619999980926514),(0.0152603282928467,-0.0195570182800293,0.00120000004768372),
(0.0152603282928467,-0.0195570182800293,0.00619999980926514),(0.0152603282928467,
-0.0174293460845948,0.00120000004768372),(0.0152603282928467,-0.0174293460845948,
0.00619999980926514),(0.0153437032699585,-0.0197372283935547,0.00120000004768372),
(0.0153437032699585,-0.0197372283935547,0.00619999980926514),(0.0153437032699585,
-0.0172491340637207,0.00120000004768372),(0.0153437032699585,-0.0172491340637207,
0.00619999980926514),(0.0154398641586303,-0.0199109535217285,0.00120000004768372),
(0.0154398641586303,-0.0199109535217285,0.00619999980926514),(0.0154398641586303,
-0.0170754089355469,0.00120000004768372),(0.0154398641586303,-0.0170754089355469,
0.00619999980926514),(0.0155483102798462,-0.0200772876739502,0.00120000004768372),
(0.0155483102798462,-0.0200772876739502,0.00619999980926514),(0.0155483102798462,
-0.0169090747833252,0.00120000004768372),(0.0155483102798462,-0.0169090747833252,
0.00619999980926514),(0.015668475151062,-0.0202353630065918,0.00120000004768372),
(0.015668475151062,-0.0202353630065918,0.00619999980926514),(0.015668475151062,
-0.0167510013580322,0.00120000004768372),(0.015668475151062,-0.0167510013580322,
0.00619999980926514),(0.0157997341156006,-0.020384355545044,0.00120000004768372),
(0.0157997341156006,-0.020384355545044,0.00619999980926514),(0.0157997341156006,
-0.0166020088195801,0.00120000004768372),(0.0157997341156006,-0.0166020088195801,
0.00619999980926514),(0.0158737735748291,-0.0185922794342041,0.00619999980926514),
(0.0158737735748291,-0.0183940849304199,0.00619999980926514),(0.0158743505477905,
-0.0185978603363037,0.00619999980926514),(0.0158743505477905,-0.0183885040283203,
0.00619999980926514),(0.0158941526412964,-0.018789421081543,0.00619999980926514),
(0.0158941526412964,-0.018196943283081,0.00619999980926514),(0.0159335451126098,
-0.0189779319763183,0.00619999980926514),(0.0159335451126098,-0.0180084323883057,
0.00619999980926514),(0.0159346933364868,-0.0189834232330323,0.00619999980926514),
(0.0159346933364868,-0.0180029411315918,0.00619999980926514),(0.0159414005279541,
-0.0205234870910645,0.00120000004768372),(0.0159414005279541,-0.0205234870910645,
0.00619999980926514),(0.0159414005279541,-0.0164628772735596,0.00619999980926514),
(0.0159414005279541,-0.0164628772735595,0.00120000004768372),(0.0159932594299316,
-0.0191668834686279,0.00619999980926514),(0.0159932594299316,-0.0178194789886475,
0.00619999980926514),(0.0159949655532837,-0.0191722297668457,0.00619999980926514),
(0.0159949655532837,-0.0178141345977783,0.00619999980926514),(0.0159972133636474,
-0.0191773719787597,0.00619999980926514),(0.0159972133636474,-0.0178089923858642,
0.00619999980926514),(0.016074333190918,-0.0193538360595703,0.00619999980926514),
(0.016074333190918,-0.0176325263977051,0.00619999980926514),(0.016092737197876,
-0.0206520347595215,0.00120000004768372),(0.016092737197876,-0.0206520347595215,
0.00619999980926514),(0.016092737197876,-0.0163343296051025,0.00120000004768372),
(0.016092737197876,-0.0163343296051025,0.00619999980926514),(0.0161612205505371,
-0.0184931812286377,0.00246000003814697),(0.0161612205505371,-0.0184931812286377,
0.00591217136383057),(0.0161633892059326,-0.0185773487091065,0.00591000080108643),
(0.0161633892059326,-0.0185290184020996,0.00591000080108643),(0.0161633892059326,
-0.0184573459625244,0.00591000080108643),(0.0161633892059326,-0.018409013748169,
0.00591000080108643),(0.016169189453125,-0.0195214385986328,0.00619999980926514),
(0.016169189453125,-0.0174649257659912,0.00619999980926514),(0.0161704368591308,
-0.018645528793335,0.00591000080108643),(0.0161704368591308,-0.018340835571289,
0.00591000080108643),(0.0161719532012939,-0.0195263214111328,0.00619999980926514),
(0.0161719532012939,-0.0174600429534912,0.00619999980926514),(0.0161731414794922,
-0.018690258026123,0.00246000003814697),(0.0161731414794922,-0.018690258026123,
0.00591191101074219),(0.0161731414794922,-0.0182961044311524,0.00246000003814697),
(0.0161731414794922,-0.0182961044311524,0.00591191101074219),(0.0161752033233643,
-0.0195308952331543,0.00619999980926514),(0.0161752033233643,-0.0174554691314698,
0.00619999980926514),(0.0161775417327881,-0.0187142658233642,0.00591000080108643),
(0.0161775417327881,-0.0182720985412597,0.00591000080108643),(0.0161806964874267,
-0.0187447929382324,0.00591000080108643),(0.0161806964874267,-0.0182415714263916,
0.00591000080108643),(0.0162005157470703,-0.0188396358489991,0.00591000080108643),
(0.0162005157470703,-0.018146728515625,0.00591000080108643),(0.0162087306976318,
-0.0188844623565674,0.00246000003814697),(0.0162087306976318,-0.0188844623565674,
0.00591113042831421),(0.0162087306976318,-0.0181019020080566,0.00246000003814697),
(0.0162087306976318,-0.0181019020080566,0.00591113042831421),(0.016212230682373,
-0.0188956928253174,0.00591000080108643),(0.016212230682373,-0.0180906715393067,
0.00591000080108643),(0.0162151298522949,-0.0189095687866211,0.00591000080108643),
(0.0162151298522949,-0.018076795578003,0.00591000080108643),(0.0162529563903809,
-0.0207693252563477,0.00120000004768372),(0.0162529563903809,-0.0207693252563477,
0.00619999980926514),(0.0162529563903809,-0.0162170372009278,0.00120000004768372),
(0.0162529563903809,-0.0162170372009278,0.00619999980926514),(0.0162663230895996,
-0.0190699310302735,0.00591000080108643),(0.0162663230895996,-0.0179164333343506,
0.00591000080108643),(0.0162670249938965,-0.0190715351104736,0.00591000080108643),
(0.0162670249938965,-0.0179148292541504,0.00591000080108643),(0.016267469406128,
-0.0190729598999024,0.00246000003814697),(0.016267469406128,-0.0190729598999024,
0.00591016483306885),(0.016267469406128,-0.017913402557373,0.00246000003814697),
(0.016267469406128,-0.017913402557373,0.00591016483306885),(0.0162736377716064,
-0.0190866680145263,0.00591000080108643),(0.0162736377716064,-0.0178996963500977,
0.00591000080108643),(0.0162867908477783,-0.0196878547668457,0.00619999980926514),
(0.0162867908477783,-0.0172985095977783,0.00619999980926514),(0.0163337345123291,
-0.0192241802215576,0.00591000080108643),(0.0163337345123291,-0.0177621841430664,
0.00591000080108643),(0.0163424911499023,-0.019239652633667,0.00591000080108643),
(0.0163424911499023,-0.0177467117309571,0.00591000080108643),(0.0163484992980957,
-0.0192530040740967,0.00246000003814697),(0.0163484992980957,-0.0192530040740967,
0.00591134929656982),(0.0163484992980957,-0.0177333602905273,0.00246000003814697),
(0.0163484992980957,-0.0177333602905273,0.00591134929656982),(0.0163727607727051,
-0.0192931365966797,0.00591000080108643),(0.0163727607727051,-0.0176932277679443,
0.00591000080108643),(0.0164139232635498,-0.0198325080871582,0.00619999980926514),
(0.0164139232635498,-0.0171538543701172,0.00619999980926514),(0.0164166469573974,
-0.0193706798553467,0.00591000080108643),(0.0164166469573974,-0.0176156845092773,
0.00591000080108643),(0.0164176292419434,-0.0198367233276367,0.00619999980926514),
(0.0164176292419434,-0.0171496410369873,0.00619999980926514),(0.016421220779419,
-0.0208747501373291,0.00120000004768372),(0.016421220779419,-0.0208747501373291,
0.00619999980926514),(0.016421220779419,-0.0161116123199463,0.00120000004768372),
(0.016421220779419,-0.0161116123199463,0.00619999980926514),(0.0164366264343262,
-0.0193987827301026,0.00591000080108643),(0.0164366264343262,-0.0175875816345215,
0.00591000080108643),(0.0164506416320801,-0.0194219665527344,0.00246000003814697),
(0.0164506416320801,-0.0194219665527344,0.00591201400756836),(0.0164506416320801,
-0.017564395904541,0.00246000003814697),(0.0164506416320801,-0.017564395904541,
0.00591201400756836),(0.0164772872924804,-0.0194559764862061,0.00591000080108643),
(0.0164772872924804,-0.017530387878418,0.00591000080108643),(0.0165141849517823,
-0.0195078773498535,0.00591000080108643),(0.0165141849517823,-0.0174784851074219,
0.00591000080108643),(0.016546220779419,-0.0184931812286377,0.00120000004768372),
(0.016546220779419,-0.0184931812286377,0.00246000003814697),(0.0165488529205323,
-0.0195473232269287,0.00591000080108643),(0.0165488529205323,-0.0174390411376953,
0.00591000080108643),(0.0165589599609375,-0.0199675407409668,0.00619999980926514),
(0.0165589599609375,-0.0170188236236573,0.00619999980926514),(0.0165616111755371,
-0.0186887245178223,0.00120000004768372),(0.0165616111755371,-0.0186887245178223,
0.00246000003814697),(0.0165616111755371,-0.0182976398468018,0.00120000004768372),
(0.0165616111755371,-0.0182976398468018,0.00246000003814697),(0.0165630779266357,
-0.0199713516235352,0.00619999980926514),(0.0165630779266357,-0.0170150127410888,
0.00619999980926514),(0.0165675659179687,-0.0199747200012207,0.00619999980926514),
(0.0165675659179687,-0.0170116443634034,0.00619999980926514),(0.0165724048614502,
-0.0195773868560791,0.00246000003814697),(0.0165724048614502,-0.0195773868560791,
0.0059121584892273),(0.0165724048614502,-0.0174089775085449,0.00246000003814697),
(0.0165724048614502,-0.0174089775085449,0.0059121584892273),(0.0165960941314698,
-0.0196010761260987,0.00591000080108643),(0.0165960941314698,-0.0173852882385254,
0.00591000080108643),(0.0165966529846192,-0.0209677600860596,0.00619999980926514),
(0.0165966529846192,-0.0209677600860596,0.00120000004768372),(0.0165966529846192,
-0.0160186042785645,0.00120000004768372),(0.0165966529846192,-0.0160186042785645,
0.00619999980926514),(0.016607400894165,-0.018879451751709,0.00120000004768372),
(0.016607400894165,-0.018879451751709,0.00246000003814697),(0.016607400894165,
-0.0181069107055664,0.00120000004768372),(0.016607400894165,-0.0181069107055664,
0.00246000003814697),(0.0166253128051758,-0.0196343193054199,0.00591000080108643),
(0.0166253128051758,-0.0173520431518554,0.00591000080108643),(0.0166794185638427,
-0.0173019638061523,0.00591000080108643),(0.0166794185638428,-0.0196844005584717,
0.00591000080108643),(0.0166824626922608,-0.0190606689453125,0.00120000004768372),
(0.0166824626922608,-0.0190606689453125,0.00246000003814697),(0.0166824626922608,
-0.0179256935119629,0.00120000004768372),(0.0166824626922608,-0.0179256935119629,
0.00246000003814697),(0.0167120151519775,-0.0197169971466065,0.00246000003814697),
(0.0167120151519775,-0.0197169971466065,0.00591178321838379),(0.0167120151519775,
-0.0172693672180176,0.00246000003814697),(0.0167120151519775,-0.0172693672180176,
0.00591178321838379),(0.0167216014862061,-0.0200903091430664,0.00619999980926514),
(0.0167216014862061,-0.016896053314209,0.00619999980926514),(0.016729082107544,
-0.0197303676605225,0.00591000080108643),(0.016729082107544,-0.0172559967041016,
0.00591000080108643),(0.016748851776123,-0.0197486648559571,0.00591000080108643),
(0.016748851776123,-0.0172376976013184,0.00591000080108643),(0.0167783412933349,
-0.021047866821289,0.00120000004768372),(0.0167783412933349,-0.021047866821289,
0.00619999980926514),(0.0167783412933349,-0.0159384965896607,0.00120000004768372),
(0.0167783412933349,-0.0159384965896607,0.00619999980926514),(0.0167849502563477,
-0.0192279129028321,0.00120000004768372),(0.0167849502563477,-0.0192279129028321,
0.00246000003814697),(0.0167849502563477,-0.017758451461792,0.00120000004768372),
(0.0167849502563477,-0.017758451461792,0.00246000003814697),(0.0168339366912842,
-0.019812515258789,0.00591000080108643),(0.0168339366912842,-0.0171738471984864,
0.00591000080108643),(0.0168674354553222,-0.0198387603759765,0.00246000003814697),
(0.0168674354553222,-0.0198387603759765,0.00591088676452637),(0.0168674354553222,
-0.0171476039886474,0.00246000003814697),(0.0168674354553222,-0.0171476039886474,
0.00591088676452637),(0.0168750171661377,-0.0198433437347412,0.00591000080108643),
(0.0168750171661377,-0.0171430206298828,0.00591000080108643),(0.0168834915161133,
-0.019849702835083,0.00591000080108643),(0.0168834915161133,-0.0171366596221924,
0.00591000080108643),(0.0168867053985595,-0.0201894493103028,0.00619999980926514),
(0.0168867053985595,-0.0167969150543213,0.00619999980926514),(0.0168915157318116,
-0.0201923389434814,0.00619999980926514),(0.0168915157318116,-0.0167940254211426,
0.00619999980926514),(0.0169123363494873,-0.0193770656585694,0.00120000004768372),
(0.0169123363494873,-0.0193770656585694,0.00246000003814697),(0.0169123363494873,
-0.0176092987060547,0.00120000004768372),(0.0169123363494873,-0.0176092987060547,
0.00246000003814697),(0.0169653339385986,-0.0211146564483643,0.00120000004768372),
(0.0169653339385986,-0.0211146564483643,0.00619999980926514),(0.0169653339385986,
-0.0158717079162598,0.00120000004768372),(0.0169653339385986,-0.0158717079162598,
0.00619999980926514),(0.0170278091430664,-0.0199363613128662,0.00591000080108643),
(0.0170278091430664,-0.0170500030517578,0.00591000080108643),(0.0170325813293457,
-0.0199385948181153,0.00591000080108643),(0.0170325813293457,-0.0170477695465088,
0.00591000080108643),(0.0170363979339599,-0.0199409027099609,0.00246000003814697),
(0.0170363979339599,-0.0199409027099609,0.00591047334671021),(0.0170363979339599,
-0.0170454616546631,0.00246000003814697),(0.0170363979339599,-0.0170454616546631,
0.00591047334671021),(0.0170614891052246,-0.019504451751709,0.00120000004768372),
(0.0170614891052246,-0.019504451751709,0.00246000003814697),(0.0170614891052246,
-0.0174819107055664,0.00120000004768372),(0.0170614891052246,-0.0174819107055664,
0.00246000003814697),(0.0170653648376465,-0.0199539394378662,0.00591000080108643),
(0.0170653648376465,-0.0170324249267578,0.00591000080108643),(0.017065938949585,
-0.0202739772796631,0.00619999980926514),(0.017065938949585,-0.0167123870849609,
0.00619999980926514),(0.0170710201263427,-0.0202763557434082,0.00619999980926514),
(0.0170710201263427,-0.0167100086212158,0.00619999980926514),(0.0170763206481933,
-0.0202781982421875,0.00619999980926514),(0.0170763206481933,-0.0167081642150879,
0.00619999980926514),(0.017156660079956,-0.0211677761077881,0.00120000004768372),
(0.017156660079956,-0.0211677761077881,0.00619999980926514),(0.017156660079956,
-0.0158185873031617,0.00120000004768372),(0.017156660079956,-0.0158185873031617,
0.00619999980926514),(0.0171802711486817,-0.0200077209472657,0.00591000080108643),
(0.0171802711486817,-0.0169786434173584,0.00591000080108643),(0.0172004909515381,
-0.0200147533416748,0.00591000080108643),(0.0172004909515381,-0.0169716091156006,
0.00591000080108643),(0.0172164421081543,-0.0200219326019287,0.00246000003814697),
(0.0172164421081543,-0.0200219326019287,0.00591154289245606),(0.0172164421081543,
-0.0169644298553467,0.00246000003814697),(0.0172164421081543,-0.0169644298553467,
0.00591154289245606),(0.0172287330627441,-0.0196069393157959,0.00120000004768372),
(0.0172287330627441,-0.0196069393157959,0.00246000003814697),(0.0172287330627441,
-0.0173794231414795,0.00120000004768372),(0.0172287330627441,-0.0173794231414795,
0.00246000003814697),(0.0172582111358642,-0.0203414688110352,0.00619999980926514),
(0.0172582111358642,-0.0166448936462402,0.00619999980926514),(0.0172614250183106,
-0.0200359516143799,0.00591000080108643),(0.0172614250183106,-0.0169504127502441,
0.00591000080108643),(0.017339262008667,-0.0200630264282227,0.00591000080108643),
(0.017339262008667,-0.0169233379364014,0.00591000080108643),(0.0173513202667237,
-0.0212069549560547,0.00120000004768372),(0.0173513202667237,-0.0212069549560547,
0.00619999980926514),(0.0173513202667237,-0.0157794094085693,0.00120000004768372),
(0.0173513202667237,-0.0157794094085693,0.00619999980926514),(0.017376573562622,
-0.0200718307495117,0.00591000080108643),(0.017376573562622,-0.0169145317077636,
0.00591000080108643),(0.0174049396514892,-0.0200806713104248,0.00246000003814697),
(0.0174049396514892,-0.0200806713104248,0.00591209125518799),(0.0174049396514892,
-0.0169056930541992,0.00246000003814697),(0.0174049396514892,-0.0169056930541992,
0.00591209125518799),(0.0174099502563477,-0.0196820011138916,0.00120000004768372),
(0.0174099502563477,-0.0196820011138916,0.00246000003814697),(0.0174099502563477,
-0.0173043613433838,0.00120000004768372),(0.0174099502563477,-0.0173043613433838,
0.00246000003814697),(0.0174456081390381,-0.0200881233215332,0.00591000080108643),
(0.0174456081390381,-0.0168982391357422,0.00591000080108643),(0.0174456443786621,
-0.0203857040405273,0.00619999980926514),(0.0174456443786621,-0.0166006603240967,
0.00619999980926514),(0.0174511051177978,-0.0203869915008545,0.00619999980926514),
(0.0174511051177978,-0.0165993709564209,0.00619999980926514),(0.0175030975341797,
-0.0201016902923584,0.00591000080108643),(0.0175030975341797,-0.016884672164917,
0.00591000080108643),(0.0175482997894287,-0.0212319831848145,0.00120000004768372),
(0.0175482997894287,-0.0212319831848145,0.00619999980926514),(0.0175482997894287,
-0.0157543811798096,0.00120000004768372),(0.0175482997894287,-0.0157543811798096,
0.00619999980926514),(0.0175594673156739,-0.0201089897155762,0.00591000080108643),
(0.0175594673156739,-0.0168773746490479,0.00591000080108643),(0.0175991439819336,
-0.0201162605285644,0.00246000003814697),(0.0175991439819336,-0.0201162605285644,
0.00591211986541748),(0.0175991439819336,-0.0168701038360595,0.00246000003814697),
(0.0175991439819336,-0.0168701038360595,0.00591211986541748),(0.0176006774902344,
-0.0197277908325196,0.00120000004768372),(0.0176006774902344,-0.0197277908325196,
0.00246000003814697),(0.0176006774902344,-0.0172585716247558,0.00120000004768372),
(0.0176006774902344,-0.0172585716247558,0.00246000003814697),(0.0176300811767578,
-0.0201181316375733,0.00591000080108643),(0.0176300811767578,-0.0168682327270508,
0.00591000080108643),(0.0176420936584472,-0.0204117202758789,0.00619999980926514),
(0.0176420936584472,-0.0165746440887451,0.00619999980926514),(0.0176476573944092,
-0.0204124412536621,0.00619999980926514),(0.0176476573944092,-0.0165739231109619,
0.00619999980926514),(0.0176532669067383,-0.0204125843048096,0.00619999980926514),
(0.0176532669067383,-0.0165737781524658,0.00619999980926514),(0.0176700382232666,
-0.0201233043670654,0.00591000080108643),(0.0176700382232666,-0.01686305809021,
0.00591000080108643),(0.0177465724945069,-0.021242733001709,0.00120000004768372),
(0.0177465724945069,-0.021242733001709,0.00619999980926514),(0.0177465724945069,
-0.0157436304092407,0.00120000004768372),(0.0177465724945069,-0.0157436304092407,
0.00619999980926514),(0.0177494029998779,-0.0201253490447998,0.00591000080108643),
(0.0177494029998779,-0.0168610153198242,0.00591000080108643),(0.017796220779419,
-0.0201281814575196,0.00246000003814697),(0.017796220779419,-0.0201281814575196,
0.00591162824630737),(0.017796220779419,-0.0197431812286377,0.00120000004768372),
(0.017796220779419,-0.0197431812286377,0.00246000003814697),(0.017796220779419,
-0.0172431812286377,0.00120000004768372),(0.017796220779419,-0.0172431812286377,
0.00246000003814697),(0.017796220779419,-0.0168581829071045,0.00246000003814697),
(0.017796220779419,-0.0168581829071045,0.00591162824630737),(0.0178150730133057,
-0.0201270408630371,0.00591000080108643),(0.0178150730133057,-0.0168593235015869,
0.00591000080108643),(0.0178383178710937,-0.0201276397705078,0.00591000080108643),
(0.0178383178710937,-0.0168587245941162,0.00591000080108643),(0.0178457851409912,
-0.0204175434112549,0.00619999980926514),(0.0178457851409912,-0.0165688209533691,
0.00619999980926514),(0.0179451026916504,-0.0212391471862793,0.00120000004768372),
(0.0179451026916504,-0.0212391471862793,0.00619999980926514),(0.0179451026916504,
-0.0157472162246704,0.00120000004768372),(0.0179451026916504,-0.0157472162246704,
0.00619999980926514),(0.0179567928314209,-0.0201184692382813,0.00591000080108643),
(0.0179567928314209,-0.0168678951263428,0.00591000080108643),(0.0179917621612549,
-0.0197277908325196,0.00120000004768372),(0.0179917621612549,-0.0197277908325196,
0.00246000003814697),(0.0179917621612549,-0.0172585716247558,0.00120000004768372),
(0.0179917621612549,-0.0172585716247558,0.00246000003814697),(0.0179932975769043,
-0.0201162605285644,0.00246000003814697),(0.0179932975769043,-0.0201162605285644,
0.00591061735153198),(0.0179932975769043,-0.0168701038360595,0.00246000003814697),
(0.0179932975769043,-0.0168701038360595,0.00591061735153198),(0.017999132156372,
-0.0201151905059815,0.00591000080108643),(0.017999132156372,-0.0168711738586426,
0.00591000080108643),(0.0180061511993408,-0.0201146469116211,0.00591000080108643),
(0.0180061511993408,-0.0168717155456543,0.00591000080108643),(0.0180377922058105,
-0.0204026794433594,0.00619999980926514),(0.0180377922058105,-0.016583683013916,
0.00619999980926514),(0.0180433864593506,-0.0204022464752198,0.00619999980926514),
(0.0180433864593506,-0.0165841159820557,0.00619999980926514),(0.0181428565979004,
-0.0212212467193603,0.00120000004768372),(0.0181428565979004,-0.0212212467193603,
0.00619999980926514),(0.0181428565979004,-0.0157651166915894,0.00120000004768372),
(0.0181428565979004,-0.0157651166915894,0.00619999980926514),(0.0181717586517334,
-0.0200844688415528,0.00591000080108643),(0.0181717586517334,-0.0169018955230713,
0.00591000080108643),(0.0181802253723145,-0.0200820045471191,0.00591000080108643),
(0.0181802253723145,-0.0169043598175049,0.00591000080108643),(0.0181824913024903,
-0.0196820011138916,0.00120000004768372),(0.0181824913024903,-0.0196820011138916,
0.00246000003814697),(0.0181824913024903,-0.0173043613433838,0.00120000004768372),
(0.0181824913024903,-0.0173043613433838,0.00246000003814697),(0.0181875,
-0.0200806713104248,0.00246000003814697),(0.0181875,-0.0200806713104248,
0.0059107551574707),(0.0181875,-0.0169056930541992,0.00246000003814697),
(0.0181875,-0.0169056930541992,0.0059107551574707),(0.0182257308959961,
-0.0200687580108642,0.00591000080108643),(0.0182257308959961,-0.0169176063537597,
0.00591000080108643),(0.0182328491210937,-0.0203677215576172,0.00619999980926514),
(0.0182328491210937,-0.0166186428070068,0.00619999980926514),(0.0182383689880371,
-0.0203667163848877,0.00619999980926514),(0.0182383689880371,-0.0166196479797363,
0.00619999980926514),(0.0182437572479248,-0.0203651466369629,0.00619999980926514),
(0.0182437572479248,-0.0166212158203125,0.00619999980926514),(0.0183333873748779,
-0.0200374202728271,0.00591000080108643),(0.0183333873748779,-0.0169489421844482,
0.00591000080108643),(0.0183388042449951,-0.0211891231536865,0.00120000004768372),
(0.0183388042449951,-0.0211891231536865,0.00619999980926514),(0.0183388042449951,
-0.0157972412109375,0.00120000004768372),(0.0183388042449951,-0.0157972412109375,
0.00619999980926514),(0.0183566246032715,-0.0200279712677002,0.00591000080108643),
(0.0183566246032715,-0.0169583930969238,0.00591000080108643),(0.0183637084960937,
-0.0196069393157959,0.00120000004768372),(0.0183637084960937,-0.0196069393157959,
0.00246000003814697),(0.0183637084960937,-0.0173794231414795,0.00120000004768372),
(0.0183637084960937,-0.0173794231414795,0.00246000003814697),(0.0183759994506836,
-0.0200219326019287,0.00246000003814697),(0.0183759994506836,-0.0200219326019287,
0.00591170930862427),(0.0183759994506836,-0.0169644298553467,0.00246000003814697),
(0.0183759994506836,-0.0169644298553467,0.00591170930862427),(0.0184184722900391,
-0.0200028171539307,0.00591000080108643),(0.0184184722900391,-0.0169835453033448,
0.00591000080108643),(0.0184286632537842,-0.0203113231658935,0.00619999980926514),
(0.0184286632537842,-0.0166750411987305,0.00619999980926514),(0.0184338607788086,
-0.0203092098236084,0.00619999980926514),(0.0184338607788086,-0.0166771545410156,
0.00619999980926514),(0.0184893207550049,-0.0199740047454834,0.00591000080108643),
(0.0184893207550049,-0.0170123596191406,0.00591000080108643),(0.0185266208648681,
-0.0199541435241699,0.00591000080108643),(0.0185266208648681,-0.0170322189331054,
0.00591000080108643),(0.0185309505462646,-0.019504451751709,0.00120000004768372),
(0.0185309505462646,-0.019504451751709,0.00246000003814697),(0.0185309505462646,
-0.0174819107055664,0.00120000004768372),(0.0185309505462646,-0.0174819107055664,
0.00246000003814697),(0.0185319232940674,-0.0211429443359375,0.00120000004768372),
(0.0185319232940674,-0.0211429443359375,0.00619999980926514),(0.0185319232940674,
-0.0158434200286865,0.00120000004768372),(0.0185319232940674,-0.0158434200286865,
0.00619999980926514),(0.0185560417175293,-0.0199409027099609,0.00246000003814697),
(0.0185560417175293,-0.0199409027099609,0.00591214323043823),(0.0185560417175293,
-0.0170454616546631,0.00246000003814697),(0.0185560417175293,-0.0170454616546631,
0.00591214323043823),(0.0185896720886231,-0.0199205722808838,0.00591000080108643),
(0.0185896720886231,-0.0170657920837403,0.00591000080108643),(0.0186122550964356,
-0.0202366580963135,0.00619999980926514),(0.0186122550964356,-0.0167497062683106,
0.00619999980926514),(0.0186379051208496,-0.019894889831543,0.00591000080108643),
(0.0186379051208496,-0.0170914726257324,0.00591000080108643),(0.018680103302002,
-0.0193770656585694,0.00120000004768372),(0.018680103302002,-0.0193770656585694,
0.00246000003814697),(0.018680103302002,-0.0176092987060547,0.00120000004768372),
(0.018680103302002,-0.0176092987060547,0.00246000003814697),(0.0186887912750244,
-0.019860652923584,0.00591000080108643),(0.0186887912750244,-0.0171257114410401,
0.00591000080108643),(0.018721206665039,-0.021082950592041,0.00120000004768372),
(0.018721206665039,-0.021082950592041,0.00619999980926514),(0.018721206665039,
-0.015903413772583,0.00120000004768372),(0.018721206665039,-0.015903413772583,
0.00619999980926514),(0.0187250061035156,-0.0198387603759765,0.00246000003814697),
(0.0187250061035156,-0.0198387603759765,0.00591205644607544),(0.0187250061035156,
-0.0171476039886474,0.00246000003814697),(0.0187250061035156,-0.0171476039886474,
0.00591205644607544),(0.0187473735809326,-0.0198212356567383,0.00591000080108643),
(0.0187473735809326,-0.0171651287078858,0.00591000080108643),(0.0187775707244873,
-0.0198009185791015,0.00591000080108643),(0.0187775707244873,-0.0171854457855224,
0.00591000080108643),(0.0187822437286377,-0.0201461486816406,0.00619999980926514),
(0.0187822437286377,-0.0168402156829834,0.00619999980926514),(0.0187871952056885,
-0.0201435127258301,0.00619999980926514),(0.0187871952056885,-0.016842851638794,
0.00619999980926514),(0.0187918510437012,-0.0201403789520264,0.00619999980926514),
(0.0187918510437012,-0.0168459854125977,0.00619999980926514),(0.0188074913024903,
-0.0192279129028321,0.00120000004768372),(0.0188074913024903,-0.0192279129028321,
0.00246000003814697),(0.0188074913024903,-0.017758451461792,0.00120000004768372),
(0.0188074913024903,-0.017758451461792,0.00246000003814697),(0.0188433380126953,
-0.0197460536956787,0.00591000080108643),(0.0188433380126953,-0.0172403106689453,
0.00591000080108643),(0.0188804244995117,-0.0197169971466065,0.00246000003814697),
(0.0188804244995117,-0.0197169971466065,0.00591144895553589),(0.0188804244995117,
-0.0172693672180176,0.00246000003814697),(0.0188804244995117,-0.0172693672180176,
0.00591144895553589),(0.0188917865753174,-0.0197056350708008,0.00591000080108643),
(0.0188917865753174,-0.0172807292938233,0.00591000080108643),(0.0189056663513184,
-0.0210094547271729,0.00120000004768372),(0.0189056663513184,-0.0210094547271729,
0.00619999980926514),(0.0189056663513184,-0.0159769096374512,0.00120000004768372),
(0.0189056663513184,-0.0159769096374512,0.00619999980926514),(0.018906831741333,
-0.0196930847167969,0.00591000080108643),(0.018906831741333,-0.0172932796478271,
0.00591000080108643),(0.0189099788665771,-0.0190606689453125,0.00120000004768372),
(0.0189099788665771,-0.0190606689453125,0.00246000003814697),(0.0189099788665771,
-0.0179256935119629,0.00120000004768372),(0.0189099788665771,-0.0179256935119629,
0.00246000003814697),(0.0189516315460205,-0.0200328712463379,0.00619999980926514),
(0.0189516315460205,-0.0169534912109375,0.00619999980926514),(0.0189559421539306,
-0.0200292778015136,0.00619999980926514),(0.0189559421539306,-0.0169570865631103,
0.00619999980926514),(0.0189850406646728,-0.018879451751709,0.00120000004768372),
(0.0189850406646728,-0.018879451751709,0.00246000003814697),(0.0189850406646728,
-0.0181069107055664,0.00120000004768372),(0.0189850406646728,-0.0181069107055664,
0.00246000003814697),(0.0190024242401123,-0.0195949993133545,0.00591000080108643),
(0.0190024242401123,-0.0173913650512696,0.00591000080108643),(0.019020034790039,
-0.0195773868560791,0.00246000003814697),(0.019020034790039,-0.0195773868560791,
0.0059103217124939),(0.019020034790039,-0.0174089775085449,0.00246000003814697),
(0.019020034790039,-0.0174089775085449,0.0059103217124939),(0.0190218715667725,
-0.019575044631958,0.00591000080108643),(0.0190218715667725,-0.017411319732666,
0.00591000080108643),(0.019024320602417,-0.01957253074646,0.00591000080108643),
(0.019024320602417,-0.017413833618164,0.00591000080108643),(0.0190308303833008,
-0.0186887245178223,0.00120000004768372),(0.0190308303833008,-0.0186887245178223,
0.00246000003814697),(0.0190308303833008,-0.0182976398468018,0.00120000004768372),
(0.0190308303833008,-0.0182976398468018,0.00246000003814697),(0.019046220779419,
-0.0184931812286377,0.00120000004768372),(0.019046220779419,-0.0184931812286377,
0.00246000003814697),(0.0190843429565429,-0.0209228401184082,0.00120000004768372),
(0.0190843429565429,-0.0209228401184082,0.00619999980926514),(0.0190843429565429,
-0.0160635242462158,0.00120000004768372),(0.0190843429565429,-0.0160635242462158,
0.00619999980926514),(0.0191038208007813,-0.0199059104919434,0.00619999980926514),
(0.0191038208007813,-0.0170804538726807,0.00619999980926514),(0.0191287918090821,
-0.0194405345916748,0.00591000080108643),(0.0191287918090821,-0.0175458278656006,
0.00591000080108643),(0.0191354370117187,-0.0194300861358642,0.00591000080108643),
(0.0191354370117187,-0.0175562763214112,0.00591000080108643),(0.0191417980194092,
-0.0194219665527344,0.00246000003814697),(0.0191417980194092,-0.0194219665527344,
0.00591101169586182),(0.0191417980194092,-0.017564395904541,0.00246000003814697),
(0.0191417980194092,-0.017564395904541,0.00591101169586182),(0.019164737701416,
-0.0193840198516845,0.00591000080108643),(0.019164737701416,-0.0176023445129395,
0.00591000080108643),(0.0192191352844239,-0.0192984981536865,0.00591000080108643),
(0.0192191352844239,-0.0176878662109375,0.00591000080108643),(0.0192320137023926,
-0.0192727355957031,0.00591000080108643),(0.0192320137023926,-0.0177136287689209,
0.00591000080108643),(0.0192382316589355,-0.019767993927002,0.00619999980926514),
(0.0192382316589355,-0.017218370437622,0.00619999980926514),(0.0192421493530274,
-0.0197639751434326,0.00619999980926514),(0.0192421493530274,-0.0172223892211914,
0.00619999980926514),(0.0192439403533935,-0.0192530040740967,0.00246000003814697),
(0.0192439403533935,-0.0192530040740967,0.00591185092926025),(0.0192439403533935,
-0.0177333602905273,0.00246000003814697),(0.0192439403533935,-0.0177333602905273,
0.00591185092926025),(0.0192456321716309,-0.0197595748901367,0.00619999980926514),
(0.0192456321716309,-0.0172267894744873,0.00619999980926514),(0.0192563037872315,
-0.0208235569000244,0.00120000004768372),(0.0192563037872315,-0.0208235569000244,
0.00619999980926514),(0.0192563037872315,-0.0161628055572509,0.00120000004768372),
(0.0192563037872315,-0.0161628055572509,0.00619999980926514),(0.0192626209259033,
-0.0192114982604981,0.00591000080108643),(0.0192626209259033,-0.017774866104126,
0.00591000080108643),(0.019294397354126,-0.0191479225158691,0.00591000080108643),
(0.019294397354126,-0.0178384399414062,0.00591000080108643),(0.0193107204437256,
-0.0191046257019043,0.00591000080108643),(0.0193107204437256,-0.0178817386627198,
0.00591000080108643),(0.01932497215271,-0.0190729598999024,0.00246000003814697),
(0.01932497215271,-0.0190729598999024,0.00591216897964478),(0.01932497215271,
-0.017913402557373,0.00246000003814697),(0.01932497215271,-0.017913402557373,
0.00591216897964478),(0.0193360004425049,-0.0190375671386719,0.00591000080108643),
(0.0193360004425049,-0.0179487972259521,0.00591000080108643),(0.0193537788391114,
-0.0189904098510742,0.00591000080108643),(0.0193537788391114,-0.0179959545135498,
0.00591000080108643),(0.0193651504516602,-0.0196085681915283,0.00619999980926514),
(0.0193651504516602,-0.0173777961730957,0.00619999980926514),(0.01937060546875,
-0.0189265155792236,0.00591000080108643),(0.01937060546875,-0.0180598487854004,
0.00591000080108643),(0.0193837089538574,-0.0188844623565674,0.00246000003814697),
(0.0193837089538574,-0.0188844623565674,0.00591196584701538),(0.0193837089538574,
-0.0181019020080566,0.00246000003814697),(0.0193837089538574,-0.0181019020080566,
0.00591196584701538),(0.0193883514404297,-0.0188591289520264,0.00591000080108643),
(0.0193883514404297,-0.0181272354125977,0.00591000080108643),(0.0193966484069824,
-0.0188276233673095,0.00591000080108643),(0.0193966484069824,-0.0181587390899658,
0.00591000080108643),(0.0194109363555908,-0.0187358932495117,0.00591000080108643),
(0.0194109363555908,-0.0182504711151123,0.00591000080108643),(0.0194192981719971,
-0.018690258026123,0.00246000003814697),(0.0194192981719971,-0.018690258026123,
0.00591124296188355),(0.0194192981719971,-0.0182961044311524,0.00591124296188355),
(0.0194192981719971,-0.0182961044311524,0.00246000003814697),(0.0194200954437256,
-0.018677080154419,0.00591000080108643),(0.0194200954437256,-0.0183092842102051,
0.00591000080108643),(0.0194206523895263,-0.0207121257781983,0.00120000004768372),
(0.0194206523895263,-0.0207121257781983,0.00619999980926514),(0.0194206523895263,
-0.0162742366790771,0.00120000004768372),(0.0194206523895263,-0.0162742366790771,
0.00619999980926514),(0.0194225540161133,-0.0186612930297851,0.00591000080108643),
(0.0194225540161133,-0.0183250694274903,0.00591000080108643),(0.0194312191009522,
-0.0184931812286377,0.00246000003814697),(0.0194312191009522,-0.0184931812286377,
0.00591000080108643),(0.0194685077667236,-0.0194460716247559,0.00619999980926514),
(0.0194685077667236,-0.0175402927398682,0.00619999980926514),(0.0194715194702148,
-0.0194413375854492,0.00619999980926514),(0.0194715194702148,-0.0175450267791748,
0.00619999980926514),(0.019474027633667,-0.0194363174438477,0.00619999980926514),
(0.019474027633667,-0.0175500469207764,0.00619999980926514),(0.0195601310729981,
-0.0192640552520752,0.00619999980926514),(0.0195601310729981,-0.0177223091125489,
0.00619999980926514),(0.0195765323638916,-0.020589126586914,0.00120000004768372),
(0.0195765323638916,-0.020589126586914,0.00619999980926514),(0.0195765323638916,
-0.0163972358703613,0.00120000004768372),(0.0195765323638916,-0.0163972358703613,
0.00619999980926514),(0.019628065109253,-0.0190838527679443,0.00619999980926514),
(0.019628065109253,-0.0179025115966797,0.00619999980926514),(0.0196300430297851,
-0.0190786018371582,0.00619999980926514),(0.0196300430297851,-0.0179077606201172,
0.00619999980926514),(0.0196314716339112,-0.0190731773376465,0.00619999980926514),
(0.0196314716339112,-0.0179131870269775,0.00619999980926514),(0.0196805171966552,
-0.0188869438171387,0.00619999980926514),(0.0196805171966552,-0.0180994186401367,
0.00619999980926514),(0.0196813812255859,-0.0188814010620117,0.00619999980926514),
(0.0196813812255859,-0.0181049633026123,0.00619999980926514),(0.0197110176086426,
-0.0186911125183106,0.00619999980926514),(0.0197110176086426,-0.0182952518463135,
0.00619999980926514),(0.0197209320068359,-0.0184987850189209,0.00619999980926514),
(0.0197209320068359,-0.0184875774383545,0.00619999980926514),(0.0197212200164795,
-0.0184931812286377,0.00619999980926514),(0.019723129272461,-0.0204552001953125,
0.00120000004768372),(0.019723129272461,-0.0204552001953125,0.00619999980926514),
(0.019723129272461,-0.0165311641693116,0.00120000004768372),(0.019723129272461,
-0.0165311641693116,0.00619999980926514),(0.0198596820831299,-0.0203110446929931,
0.00120000004768372),(0.0198596820831299,-0.0203110446929931,0.00619999980926514),
(0.0198596820831299,-0.0166753196716309,0.00120000004768372),(0.0198596820831299,
-0.0166753196716309,0.00619999980926514),(0.0199854755401611,-0.0201574096679688,
0.00120000004768372),(0.0199854755401611,-0.0201574096679688,0.00619999980926514),
(0.0199854755401611,-0.0168289527893066,0.00120000004768372),(0.0199854755401611,
-0.0168289527893066,0.00619999980926514),(0.0200998554229736,-0.0199951000213623,
0.00120000004768372),(0.0200998554229736,-0.0199951000213623,0.00619999980926514),
(0.0200998554229736,-0.0169912624359131,0.00120000004768372),(0.0200998554229736,
-0.0169912624359131,0.00619999980926514),(0.020202226638794,-0.0198249607086182,
0.00120000004768372),(0.020202226638794,-0.0198249607086182,0.00619999980926514),
(0.020202226638794,-0.0171614036560058,0.00120000004768372),(0.020202226638794,
-0.0171614036560058,0.00619999980926514),(0.0202920513153076,-0.019647876739502,
0.00120000004768372),(0.0202920513153076,-0.019647876739502,0.00619999980926514),
(0.0202920513153076,-0.0173384876251221,0.00619999980926514),(0.0202920513153076,
-0.017338487625122,0.00120000004768372),(0.0203688659667969,-0.0194647731781006,
0.00120000004768372),(0.0203688659667969,-0.0194647731781006,0.00619999980926514),
(0.0203688659667969,-0.0175215911865234,0.00120000004768372),(0.0203688659667969,
-0.0175215911865234,0.00619999980926514),(0.0204322681427002,-0.0192766036987305,
0.00120000004768372),(0.0204322681427002,-0.0192766036987305,0.00619999980926514),
(0.0204322681427002,-0.0177097606658936,0.00120000004768372),(0.0204322681427002,
-0.0177097606658936,0.00619999980926514),(0.0204819259643555,-0.0190843505859375,
0.00120000004768372),(0.0204819259643555,-0.0190843505859375,0.00619999980926514),
(0.0204819259643555,-0.0179020137786865,0.00120000004768372),(0.0204819259643555,
-0.0179020137786865,0.00619999980926514),(0.0205175819396973,-0.0188890151977539,
0.00120000004768372),(0.0205175819396973,-0.0188890151977539,0.00619999980926514),
(0.0205175819396973,-0.0180973491668701,0.00120000004768372),(0.0205175819396973,
-0.0180973491668701,0.00619999980926514),(0.0205390510559082,-0.018691614151001,
0.00120000004768372),(0.0205390510559082,-0.018691614151001,0.00619999980926514),
(0.0205390510559082,-0.0182947483062744,0.00120000004768372),(0.0205390510559082,
-0.0182947483062744,0.00619999980926514),(0.020546220779419,-0.0184931812286377,
0.00120000004768372),(0.020546220779419,-0.0184931812286377,0.00619999980926514)));
#99=COORDINATES_LIST('',96,((-0.0436114082336426,-0.0221468448638916,0.),
(-0.0436114082336426,-0.0221468448638916,0.0125),(-0.0436114082336426,0.0221468563079834,
0.),(-0.0436114082336426,0.0221468563079834,0.0125),(-0.0435950508117676,
0.0223443660736084,0.),(-0.0435950508117676,0.0223443660736084,0.0125),
(-0.0435746955871582,-0.0224414310455323,0.),(-0.0435746955871582,-0.0224414310455323,
0.0125),(-0.0435463905334472,0.0225364894866944,0.),(-0.0435463905334472,
0.0225364894866944,0.0125),(-0.0435103340148926,-0.022628885269165,0.),
(-0.0435103340148926,-0.022628885269165,0.0125),(-0.0434667854309082,0.0227179927825928,
0.),(-0.0434667854309082,0.0227179927825928,0.0125),(-0.0434160041809082,
-0.022803186416626,0.),(-0.0434160041809082,-0.022803186416626,0.0125),
(-0.0433583869934082,0.0228839168548584,0.),(-0.0433583869934082,0.0228839168548584,
0.0125),(-0.0432942848205566,-0.0229595890045166,0.),(-0.0432942848205566,
-0.0229595890045166,0.0125),(-0.0432241554260254,0.0230297298431397,0.),
(-0.0432241554260254,0.0230297298431397,0.0125),(-0.0431484718322754,-0.0230938205718994,
0.),(-0.0431484718322754,-0.0230938205718994,0.0125),(-0.0430677528381347,
0.0231514492034912,0.),(-0.0430677528381347,0.0231514492034912,0.0125),
(-0.0429825477600097,-0.0232022190093994,0.),(-0.0429825477600097,-0.0232022190093994,
0.0125),(-0.0428934516906739,0.0232457790374756,0.),(-0.0428934516906739,
0.0232457790374756,0.0125),(-0.0428010444641113,-0.0232818241119385,0.),
(-0.0428010444641113,-0.0232818241119385,0.0125),(-0.042705997467041,0.0233101406097412,
0.),(-0.042705997467041,0.0233101406097412,0.0125),(-0.0426089210510254,
-0.0233304843902588,0.),(-0.0426089210510254,-0.0233304843902588,0.0125),
(-0.0424114112854004,-0.0233468418121338,0.),(-0.0424114112854004,-0.0233468418121338,
0.0125),(-0.0424114112854004,-0.0221468448638916,0.00119999980926514),(-0.0424114112854004,
-0.0221468448638916,0.0125),(-0.0424114112854004,0.0221468563079834,0.00119999980926514),
(-0.0424114112854004,0.0221468563079834,0.0125),(-0.0424114112854004,0.0233468532562256,
0.),(-0.0424114112854004,0.0233468532562256,0.0125),(-0.0132037792205811,
-0.0233468418121338,0.00780000019073486),(-0.0132037792205811,-0.0233468418121338,
0.0113000001907349),(-0.0132037792205811,-0.0221468448638916,0.00780000019073486),
(-0.0132037792205811,-0.0221468448638916,0.0113000001907349),(-0.00320377945899963,
-0.0233468418121338,0.00780000019073486),(-0.00320377945899963,-0.0233468418121338,
0.0113000001907349),(-0.00320377945899963,-0.0221468448638916,0.00780000019073486),
(-0.00320377945899963,-0.0221468448638916,0.0113000001907349),(0.0424113883972168,
-0.0233468418121338,0.),(0.0424113883972168,-0.0233468418121338,0.0125),
(0.0424113883972168,-0.0221468448638916,0.00119999980926514),(0.0424113883972168,
-0.0221468448638916,0.0125),(0.0424113883972168,0.0221468563079834,0.00119999980926514),
(0.0424113883972168,0.0221468563079834,0.0125),(0.0424113883972168,0.0233468532562256,
0.),(0.0424113883972168,0.0233468532562256,0.0125),(0.0426088981628418,
0.0233304958343506,0.),(0.0426088981628418,0.0233304958343506,0.0125),(0.0427059745788574,
-0.0233101291656494,0.),(0.0427059745788574,-0.0233101291656494,0.0125),
(0.0428010215759278,0.0232818355560303,0.),(0.0428010215759278,0.0232818355560303,
0.0125),(0.0428934288024903,-0.0232457675933838,0.),(0.0428934288024903,
-0.0232457675933838,0.0125),(0.0429825248718262,0.0232022304534912,0.),
(0.0429825248718262,0.0232022304534912,0.0125),(0.0430677299499511,-0.0231514377593994,
0.),(0.0430677299499511,-0.0231514377593994,0.0125),(0.0431484489440918,
0.0230938320159912,0.),(0.0431484489440918,0.0230938320159912,0.0125),(0.0432241325378418,
-0.0230297183990479,0.),(0.0432241325378418,-0.0230297183990479,0.0125),
(0.043294261932373,0.0229596004486084,0.),(0.043294261932373,0.0229596004486084,
0.0125),(0.0433583641052246,-0.0228839054107666,0.),(0.0433583641052246,
-0.0228839054107666,0.0125),(0.0434159812927246,0.0228031978607178,0.),
(0.0434159812927246,0.0228031978607178,0.0125),(0.0434667625427246,-0.022717981338501,
0.),(0.0434667625427246,-0.022717981338501,0.0125),(0.043510311126709,0.0226288967132569,
0.),(0.043510311126709,0.0226288967132569,0.0125),(0.0435463676452636,-0.0225364780426025,
0.),(0.0435463676452636,-0.0225364780426025,0.0125),(0.0435746726989746,
0.0224414424896241,0.),(0.0435746726989746,0.0224414424896241,0.0125),(0.043595027923584,
-0.0223443546295166,0.),(0.043595027923584,-0.0223443546295166,0.0125),
(0.043611385345459,-0.0221468448638916,0.),(0.043611385345459,-0.0221468448638916,
0.0125),(0.043611385345459,0.0221468563079834,0.),(0.043611385345459,0.0221468563079834,
0.0125)));
#100=COORDINATES_LIST('',641,((0.0150980138778686,0.0183075370788574,0.00120000004768372),
(0.0150980138778686,0.0183075370788574,0.00619999980926514),(0.0150980138778686,
0.0185060997009278,0.00120000004768372),(0.0150980138778686,0.0185060997009278,
0.00619999980926514),(0.0151123418807983,0.0181094913482666,0.00120000004768372),
(0.0151123418807983,0.0181094913482666,0.00619999980926514),(0.0151123418807983,
0.0187041454315185,0.00120000004768372),(0.0151123418807983,0.0187041454315185,
0.00619999980926514),(0.0151409235000611,0.0179129962921142,0.00120000004768372),
(0.0151409235000611,0.0179129962921142,0.00619999980926514),(0.0151409235000611,
0.0189006404876709,0.00120000004768372),(0.0151409235000611,0.0189006404876709,
0.00619999980926514),(0.0151836080551148,0.0177190742492676,0.00120000004768372),
(0.0151836080551148,0.0177190742492676,0.00619999980926514),(0.0151836080551148,
0.019094560623169,0.00120000004768372),(0.0151836080551148,0.019094560623169,
0.00619999980926514),(0.0152401752471924,0.0175287399291992,0.00120000004768372),
(0.0152401752471924,0.0175287399291992,0.00619999980926514),(0.0152401752471924,
0.019284896850586,0.00120000004768372),(0.0152401752471924,0.019284896850586,
0.00619999980926514),(0.0153103284835815,0.017342981338501,0.00120000004768372),
(0.0153103284835815,0.017342981338501,0.00619999980926514),(0.0153103284835815,
0.0194706535339355,0.00120000004768372),(0.0153103284835815,0.0194706535339355,
0.00619999980926514),(0.0153937034606933,0.0171627712249756,0.00120000004768372),
(0.0153937034606933,0.0171627712249756,0.00619999980926514),(0.0153937034606933,
0.0196508655548095,0.00120000004768372),(0.0153937034606933,0.0196508655548095,
0.00619999980926514),(0.0154898643493652,0.0169890460968018,0.00120000004768372),
(0.0154898643493652,0.0169890460968018,0.00619999980926514),(0.0154898643493652,
0.0198245906829834,0.00120000004768372),(0.0154898643493652,0.0198245906829834,
0.00619999980926514),(0.0155983104705811,0.0168227119445801,0.00120000004768372),
(0.0155983104705811,0.0168227119445801,0.00619999980926514),(0.0155983104705811,
0.0199909248352051,0.00120000004768372),(0.0155983104705811,0.0199909248352051,
0.00619999980926514),(0.0157184753417969,0.0166646366119385,0.00120000004768372),
(0.0157184753417969,0.0166646366119385,0.00619999980926514),(0.0157184753417969,
0.020148998260498,0.00120000004768372),(0.0157184753417969,0.020148998260498,
0.00619999980926514),(0.0158497343063355,0.0165156440734863,0.00120000004768372),
(0.0158497343063355,0.0165156440734863,0.00619999980926514),(0.0158497343063355,
0.0202979907989502,0.00120000004768372),(0.0158497343063355,0.0202979907989502,
0.00619999980926514),(0.0159237728118897,0.0183077220916748,0.00619999980926514),
(0.0159237728118897,0.0185059146881103,0.00619999980926514),(0.0159243497848511,
0.0183021392822265,0.00619999980926514),(0.0159243497848511,0.0185114955902099,
0.00619999980926514),(0.0159441518783569,0.0181105785369873,0.00619999980926514),
(0.0159441518783569,0.0187030563354492,0.00619999980926514),(0.0159835453033448,
0.0179220695495605,0.00619999980926514),(0.0159835453033448,0.0188915672302246,
0.00619999980926514),(0.0159846935272217,0.0179165763854981,0.00619999980926514),
(0.0159846935272217,0.0188970603942871,0.00619999980926514),(0.0159914007186889,
0.0163765125274658,0.00120000004768372),(0.0159914007186889,0.0163765125274658,
0.00619999980926514),(0.0159914007186889,0.0204371223449707,0.00120000004768372),
(0.0159914007186889,0.0204371223449707,0.00619999980926514),(0.0160432586669922,
0.0177331161499024,0.00619999980926514),(0.0160432586669922,0.0190805206298828,
0.00619999980926514),(0.0160449657440185,0.0177277698516845,0.00619999980926514),
(0.0160449657440185,0.0190858650207519,0.00619999980926514),(0.016047212600708,
0.0177226295471191,0.00619999980926514),(0.016047212600708,0.019091007232666,
0.00619999980926514),(0.0161243324279785,0.01754616355896,0.00619999980926514),
(0.0161243324279785,0.0192674732208252,0.00619999980926514),(0.0161427383422852,
0.0162479648590088,0.00120000004768372),(0.0161427383422852,0.0162479648590088,
0.00619999980926514),(0.0161427383422852,0.0205656700134277,0.00120000004768372),
(0.0161427383422852,0.0205656700134277,0.00619999980926514),(0.0162112216949463,
0.0184068183898926,0.00246000003814697),(0.0162112216949463,0.0184068183898926,
0.00591217136383057),(0.0162133884429932,0.0183226509094239,0.00591000080108643),
(0.0162133884429932,0.0183709812164307,0.00591000080108643),(0.0162133884429932,
0.0184426536560059,0.00591000080108643),(0.0162133884429932,0.0184909858703614,
0.00591000080108643),(0.0162191886901856,0.0173785610198975,0.00619999980926514),
(0.0162191886901856,0.0194350738525391,0.00619999980926514),(0.0162204360961914,
0.0182544708251953,0.00591000080108643),(0.0162204360961914,0.0185591659545899,
0.00591000080108643),(0.0162219524383545,0.0173736782073974,0.00619999980926514),
(0.0162219524383545,0.019439956665039,0.00619999980926514),(0.0162231426239014,
0.0182097415924072,0.00246000003814697),(0.0162231426239014,0.0182097415924072,
0.00591191101074219),(0.0162231426239014,0.0186038951873779,0.00246000003814697),
(0.0162231426239014,0.0186038951873779,0.00591191101074219),(0.0162252044677734,
0.017369104385376,0.00619999980926514),(0.0162252044677734,0.0194445304870605,
0.00619999980926514),(0.0162275409698486,0.018185733795166,0.00591000080108643),
(0.0162275409698486,0.0186279029846191,0.00591000080108643),(0.016230697631836,
0.0181552066802978,0.00591000080108643),(0.016230697631836,0.0186584281921386,
0.00591000080108643),(0.0162505168914795,0.0180603637695313,0.00591000080108643),
(0.0162505168914795,0.0187532711029052,0.00591000080108643),(0.016258731842041,
0.0180155372619629,0.00246000003814697),(0.016258731842041,0.0180155372619629,
0.00591113042831421),(0.016258731842041,0.0187980976104737,0.00246000003814697),
(0.016258731842041,0.0187980976104737,0.00591113042831421),(0.0162622299194336,
0.0180043067932129,0.00591000080108643),(0.0162622299194336,0.0188093280792236,
0.00591000080108643),(0.0162651309967041,0.0179904308319092,0.00591000080108643),
(0.0162651309967041,0.0188232040405273,0.00591000080108643),(0.0163029556274414,
0.0161306743621826,0.00120000004768372),(0.0163029556274414,0.0161306743621826,
0.00619999980926514),(0.0163029556274414,0.0206829624176025,0.00120000004768372),
(0.0163029556274414,0.0206829624176025,0.00619999980926514),(0.0163163242340088,
0.0178300685882569,0.00591000080108643),(0.0163163242340088,0.0189835662841797,
0.00591000080108643),(0.0163170242309571,0.0178284645080566,0.00591000080108643),
(0.0163170242309571,0.0189851722717285,0.00591000080108643),(0.0163174686431885,
0.0178270397186279,0.00246000003814697),(0.0163174686431885,0.0178270397186279,
0.00591016483306885),(0.0163174686431885,0.0189865970611573,0.00246000003814697),
(0.0163174686431885,0.0189865970611573,0.00591016483306885),(0.0163236389160157,
0.0178133316040039,0.00591000080108643),(0.0163236389160157,0.0190003032684326,
0.00591000080108643),(0.0163367900848389,0.0172121448516845,0.00619999980926514),
(0.0163367900848389,0.0196014919281006,0.00619999980926514),(0.0163837337493896,
0.0176758193969727,0.00591000080108643),(0.0163837337493896,0.0191378154754639,
0.00591000080108643),(0.0163924903869629,0.0176603488922119,0.00591000080108643),
(0.0163924903869629,0.0191532878875733,0.00591000080108643),(0.0163985004425049,
0.0176469955444336,0.00246000003814697),(0.0163985004425049,0.0176469955444336,
0.00591134929656982),(0.0163985004425049,0.019166639328003,0.00246000003814697),
(0.0163985004425049,0.019166639328003,0.00591134929656982),(0.0164227600097657,
0.0176068649291992,0.00591000080108643),(0.0164227600097657,0.0192067718505859,
0.00591000080108643),(0.016463924407959,0.017067491531372,0.00619999980926514),
(0.016463924407959,0.0197461452484131,0.00619999980926514),(0.0164666481018067,
0.0175293197631836,0.00591000080108643),(0.0164666481018067,0.019284315109253,
0.00591000080108643),(0.0164676284790039,0.0170632762908935,0.00619999980926514),
(0.0164676284790039,0.0197503604888916,0.00619999980926514),(0.0164712200164795,
0.0160252494812012,0.00120000004768372),(0.0164712200164795,0.0160252494812012,
0.00619999980926514),(0.0164712200164795,0.020788387298584,0.00120000004768372),
(0.0164712200164795,0.020788387298584,0.00619999980926514),(0.0164866275787353,
0.0175012168884278,0.00591000080108643),(0.0164866275787353,0.0193124198913574,
0.00591000080108643),(0.0165006427764893,0.0174780330657959,0.00246000003814697),
(0.0165006427764893,0.0174780330657959,0.00591201400756836),(0.0165006427764893,
0.0193356037139892,0.00246000003814697),(0.0165006427764893,0.0193356037139892,
0.00591201400756836),(0.016527286529541,0.0174440231323242,0.00591000080108643),
(0.016527286529541,0.019369613647461,0.00591000080108643),(0.0165641841888428,
0.0173921222686768,0.00591000080108643),(0.0165641841888428,0.0194215145111084,
0.00591000080108643),(0.0165962200164795,0.0184068183898926,0.00120000004768372),
(0.0165962200164795,0.0184068183898926,0.00246000003814697),(0.0165988521575927,
0.0173526763916015,0.00591000080108643),(0.0165988521575927,0.0194609584808349,
0.00591000080108643),(0.0166089611053467,0.0169324607849121,0.00619999980926514),
(0.0166089611053467,0.019881175994873,0.00619999980926514),(0.0166116104125977,
0.018211275100708,0.00120000004768372),(0.0166116104125977,0.018211275100708,
0.00246000003814697),(0.0166116104125977,0.0186023597717285,0.00120000004768372),
(0.0166116104125977,0.0186023597717285,0.00246000003814697),(0.0166130790710449,
0.0169286479949951,0.00619999980926514),(0.0166130790710449,0.0198849868774414,
0.00619999980926514),(0.0166175670623779,0.0169252796173095,0.00619999980926514),
(0.0166175670623779,0.019888355255127,0.00619999980926514),(0.0166224060058594,
0.0173226127624512,0.00246000003814697),(0.0166224060058594,0.0173226127624512,
0.0059121584892273),(0.0166224060058594,0.0194910221099854,0.00246000003814697),
(0.0166224060058594,0.0194910221099854,0.0059121584892273),(0.0166460952758789,
0.0172989234924316,0.00591000080108643),(0.0166460952758789,0.0195147113800049,
0.00591000080108643),(0.0166466541290283,0.015932240486145,0.00120000004768372),
(0.0166466541290283,0.015932240486145,0.00619999980926514),(0.0166466541290283,
0.0208813953399658,0.00120000004768372),(0.0166466541290283,0.0208813953399658,
0.00619999980926514),(0.0166574001312256,0.0180205478668213,0.00120000004768372),
(0.0166574001312256,0.0180205478668213,0.00246000003814697),(0.0166574001312256,
0.0187930889129638,0.00120000004768372),(0.0166574001312256,0.0187930889129638,
0.00246000003814697),(0.0166753120422364,0.0172656803131103,0.00591000080108643),
(0.0166753120422364,0.0195479564666748,0.00591000080108643),(0.0167294178009033,
0.0172156009674072,0.00591000080108643),(0.0167294178009033,0.0195980358123779,
0.00591000080108643),(0.0167324619293213,0.0178393306732177,0.00120000004768372),
(0.0167324619293213,0.0178393306732177,0.00246000003814697),(0.0167324619293213,
0.0189743061065674,0.00120000004768372),(0.0167324619293213,0.0189743061065674,
0.00246000003814697),(0.0167620162963867,0.0171830024719238,0.00246000003814697),
(0.0167620162963867,0.0171830024719238,0.00591178321838379),(0.0167620162963867,
0.0196306324005127,0.00246000003814697),(0.0167620162963867,0.0196306324005127,
0.00591178321838379),(0.0167716026306153,0.0168096904754639,0.00619999980926514),
(0.0167716026306153,0.0200039463043213,0.00619999980926514),(0.0167790832519531,
0.0171696319580078,0.00591000080108643),(0.0167790832519531,0.0196440048217774,
0.00591000080108643),(0.0167988510131836,0.0171513347625733,0.00591000080108643),
(0.0167988510131836,0.0196623020172119,0.00591000080108643),(0.0168283405303955,
0.0158521327972412,0.00120000004768372),(0.0168283405303955,0.0158521327972412,
0.00619999980926514),(0.0168283405303955,0.020961503982544,0.00120000004768372),
(0.0168283405303955,0.020961503982544,0.00619999980926514),(0.0168349494934082,
0.0176720867156983,0.00120000004768372),(0.0168349494934082,0.0176720867156983,
0.00246000003814697),(0.0168349494934082,0.0191415481567383,0.00120000004768372),
(0.0168349494934082,0.0191415481567383,0.00246000003814697),(0.0168839378356933,
0.0170874843597412,0.00591000080108643),(0.0168839378356933,0.019726152420044,
0.00591000080108643),(0.0169174346923828,0.0170612392425537,0.00246000003814697),
(0.0169174346923828,0.0170612392425537,0.00591088676452637),(0.0169174346923828,
0.0197523956298828,0.00246000003814697),(0.0169174346923828,0.0197523956298828,
0.00591088676452637),(0.0169250164031983,0.017056655883789,0.00591000080108643),
(0.0169250164031983,0.0197569789886475,0.00591000080108643),(0.0169334926605225,
0.0170502967834473,0.00591000080108643),(0.0169334926605225,0.0197633399963379,
0.00591000080108643),(0.0169367046356201,0.0167105503082276,0.00619999980926514),
(0.0169367046356201,0.0201030864715576,0.00619999980926514),(0.016941514968872,
0.0167076625823975,0.00619999980926514),(0.016941514968872,0.0201059741973877,
0.00619999980926514),(0.0169623374938965,0.0175229339599609,0.00120000004768372),
(0.0169623374938965,0.0175229339599609,0.00246000003814697),(0.0169623374938965,
0.0192907009124756,0.00120000004768372),(0.0169623374938965,0.0192907009124756,
0.00246000003814697),(0.0170153350830078,0.0157853441238404,0.00120000004768372),
(0.0170153350830078,0.0157853441238404,0.00619999980926514),(0.0170153350830078,
0.0210282917022705,0.00120000004768372),(0.0170153350830078,0.0210282917022705,
0.00619999980926514),(0.017077808380127,0.016963638305664,0.00591000080108643),
(0.017077808380127,0.0198499965667725,0.00591000080108643),(0.0170825805664063,
0.016961404800415,0.00591000080108643),(0.0170825805664063,0.0198522300720215,
0.00591000080108643),(0.0170863990783692,0.0169590969085694,0.00246000003814697),
(0.0170863990783692,0.0169590969085694,0.00591047334671021),(0.0170863990783692,
0.0198545379638672,0.00246000003814697),(0.0170863990783692,0.0198545379638672,
0.00591047334671021),(0.0171114902496338,0.0173955478668213,0.00120000004768372),
(0.0171114902496338,0.0173955478668213,0.00246000003814697),(0.0171114902496338,
0.0194180889129639,0.00120000004768372),(0.0171114902496338,0.0194180889129639,
0.00246000003814697),(0.0171153659820557,0.016946060180664,0.00591000080108643),
(0.0171153659820557,0.0198675746917725,0.00591000080108643),(0.0171159381866455,
0.0166260242462158,0.00619999980926514),(0.0171159381866455,0.0201876125335693,
0.00619999980926514),(0.0171210193634033,0.016623643875122,0.00619999980926514),
(0.0171210193634033,0.0201899909973145,0.00619999980926514),(0.0171263198852539,
0.0166218013763428,0.00619999980926514),(0.0171263198852539,0.0201918354034424,
0.00619999980926514),(0.0172066612243653,0.0157322235107422,0.00120000004768372),
(0.0172066612243653,0.0157322235107422,0.00619999980926514),(0.0172066612243653,
0.021081413269043,0.00120000004768372),(0.0172066612243653,0.021081413269043,
0.00619999980926514),(0.0172302703857422,0.0168922786712647,0.00591000080108643),
(0.0172302703857422,0.0199213562011719,0.00591000080108643),(0.0172504901885987,
0.0168852462768555,0.00591000080108643),(0.0172504901885987,0.0199283905029297,
0.00591000080108643),(0.0172664413452149,0.0168780670166016,0.00246000003814697),
(0.0172664413452149,0.0168780670166016,0.00591154289245606),(0.0172664413452149,
0.0199355697631836,0.00246000003814697),(0.0172664413452149,0.0199355697631836,
0.00591154289245606),(0.0172787322998047,0.0172930603027344,0.00120000004768372),
(0.0172787322998047,0.0172930603027344,0.00246000003814697),(0.0172787322998047,
0.0195205764770508,0.00120000004768372),(0.0172787322998047,0.0195205764770508,
0.00246000003814697),(0.0173082122802735,0.0165585308074951,0.00619999980926514),
(0.0173082122802735,0.02025510597229,0.00619999980926514),(0.0173114261627198,
0.0168640499114991,0.00591000080108643),(0.0173114261627198,0.0199495868682861,
0.00591000080108643),(0.0173892612457275,0.0168369731903076,0.00591000080108643),
(0.0173892612457275,0.0199766616821289,0.00591000080108643),(0.0174013214111328,
0.0156930456161499,0.00120000004768372),(0.0174013214111328,0.0156930456161499,
0.00619999980926514),(0.0174013214111328,0.0211205902099609,0.00120000004768372),
(0.0174013214111328,0.0211205902099609,0.00619999980926514),(0.0174265727996826,
0.0168281688690185,0.00591000080108643),(0.0174265727996826,0.0199854679107666,
0.00591000080108643),(0.0174549407958984,0.0168193283081054,0.00246000003814697),
(0.0174549407958984,0.0168193283081054,0.00591209125518799),(0.0174549407958984,
0.0199943065643311,0.00246000003814697),(0.0174549407958984,0.0199943065643311,
0.00591209125518799),(0.0174599494934082,0.0172179985046387,0.00120000004768372),
(0.0174599494934082,0.0172179985046387,0.00246000003814697),(0.0174599494934082,
0.0195956382751465,0.00120000004768372),(0.0174599494934082,0.0195956382751465,
0.00246000003814697),(0.0174956092834473,0.016811876296997,0.00591000080108643),
(0.0174956092834473,0.0200017604827881,0.00591000080108643),(0.0174956436157227,
0.0165142955780029,0.00619999980926514),(0.0174956436157227,0.0202993392944336,
0.00619999980926514),(0.0175011062622071,0.0165130081176758,0.00619999980926514),
(0.0175011062622071,0.0203006286621094,0.00619999980926514),(0.0175530967712402,
0.0167983093261719,0.00591000080108643),(0.0175530967712402,0.0200153274536133,
0.00591000080108643),(0.0175983009338379,0.0156680173873902,0.00120000004768372),
(0.0175983009338379,0.0156680173873902,0.00619999980926514),(0.0175983009338379,
0.0211456184387207,0.00120000004768372),(0.0175983009338379,0.0211456184387207,
0.00619999980926514),(0.0176094665527344,0.0167910099029541,0.00591000080108643),
(0.0176094665527344,0.0200226249694824,0.00591000080108643),(0.0176491432189941,
0.0167837390899658,0.00246000003814697),(0.0176491432189941,0.0167837390899658,
0.00591211986541748),(0.0176491432189941,0.0200298957824707,0.00246000003814697),
(0.0176491432189941,0.0200298957824707,0.00591211986541748),(0.0176506786346435,
0.0171722087860108,0.00120000004768372),(0.0176506786346435,0.0171722087860108,
0.00246000003814697),(0.0176506786346435,0.0196414279937744,0.00120000004768372),
(0.0176506786346435,0.0196414279937744,0.00246000003814697),(0.0176800804138183,
0.0167818679809571,0.00591000080108643),(0.0176800804138183,0.0200317668914795,
0.00591000080108643),(0.0176920928955078,0.0164882793426513,0.00619999980926514),
(0.0176920928955078,0.0203253555297851,0.00619999980926514),(0.0176976585388183,
0.0164875602722168,0.00619999980926514),(0.0176976585388183,0.0203260765075684,
0.00619999980926514),(0.0177032680511474,0.0164874153137207,0.00619999980926514),
(0.0177032680511474,0.0203262214660644,0.00619999980926514),(0.0177200393676758,
0.0167766952514649,0.00591000080108643),(0.0177200393676758,0.0200369415283203,
0.00591000080108643),(0.0177965717315674,0.0156572666168213,0.00120000004768372),
(0.0177965717315674,0.0156572666168213,0.00619999980926514),(0.0177965717315674,
0.0211563701629639,0.00120000004768372),(0.0177965717315674,0.0211563701629639,
0.00619999980926514),(0.0177994041442871,0.0167746505737305,0.00591000080108643),
(0.0177994041442871,0.0200389862060547,0.00591000080108643),(0.0178462200164795,
0.0167718181610108,0.00246000003814697),(0.0178462200164795,0.0167718181610108,
0.00591162824630737),(0.0178462200164795,0.0171568183898926,0.00120000004768372),
(0.0178462200164795,0.0171568183898926,0.00246000003814697),(0.0178462200164795,
0.0196568183898926,0.00120000004768372),(0.0178462200164795,0.0196568183898926,
0.00246000003814697),(0.0178462200164795,0.0200418167114258,0.00246000003814697),
(0.0178462200164795,0.0200418167114258,0.00591162824630737),(0.0178650741577148,
0.0167729587554932,0.00591000080108643),(0.0178650741577148,0.0200406761169433,
0.00591000080108643),(0.0178883171081543,0.0167723598480225,0.00591000080108643),
(0.0178883171081543,0.020041275024414,0.00591000080108643),(0.0178957843780518,
0.0164824562072754,0.00619999980926514),(0.0178957843780518,0.0203311786651612,
0.00619999980926514),(0.0179951019287109,0.015660852432251,0.00120000004768372),
(0.0179951019287109,0.015660852432251,0.00619999980926514),(0.0179951019287109,
0.0211527843475342,0.00120000004768372),(0.0179951019287109,0.0211527843475342,
0.00619999980926514),(0.0180067939758301,0.0167815322875977,0.00591000080108643),
(0.0180067939758301,0.0200321044921875,0.00591000080108643),(0.018041763305664,
0.0171722087860108,0.00120000004768372),(0.018041763305664,0.0171722087860108,
0.00246000003814697),(0.018041763305664,0.0196414279937744,0.00120000004768372),
(0.018041763305664,0.0196414279937744,0.00246000003814697),(0.0180432968139649,
0.0167837390899658,0.00246000003814697),(0.0180432968139649,0.0167837390899658,
0.00591061735153198),(0.0180432968139649,0.0200298957824707,0.00246000003814697),
(0.0180432968139649,0.0200298957824707,0.00591061735153198),(0.0180491333007812,
0.0167848091125488,0.00591000080108643),(0.0180491333007812,0.0200288276672364,
0.00591000080108643),(0.0180561504364014,0.0167853527069092,0.00591000080108643),
(0.0180561504364014,0.0200282840728759,0.00591000080108643),(0.0180877914428711,
0.0164973201751709,0.00619999980926514),(0.0180877914428711,0.0203163166046142,
0.00619999980926514),(0.0180933876037597,0.0164977531433106,0.00619999980926514),
(0.0180933876037597,0.0203158836364746,0.00619999980926514),(0.0181928558349609,
0.0156787528991699,0.00120000004768372),(0.0181928558349609,0.0156787528991699,
0.00619999980926514),(0.0181928558349609,0.0211348838806153,0.00120000004768372),
(0.0181928558349609,0.0211348838806153,0.00619999980926514),(0.0182217597961426,
0.0168155307769776,0.00591000080108643),(0.0182217597961426,0.019998104095459,
0.00591000080108643),(0.018230224609375,0.0168179950714112,0.00591000080108643),
(0.018230224609375,0.0199956398010254,0.00591000080108643),(0.0182324905395508,
0.0172179985046387,0.00120000004768372),(0.0182324905395508,0.0172179985046387,
0.00246000003814697),(0.0182324905395508,0.0195956382751465,0.00120000004768372),
(0.0182324905395508,0.0195956382751465,0.00246000003814697),(0.0182375011444092,
0.0168193283081054,0.00246000003814697),(0.0182375011444092,0.0168193283081054,
0.0059107551574707),(0.0182375011444092,0.0199943065643311,0.00246000003814697),
(0.0182375011444092,0.0199943065643311,0.0059107551574707),(0.0182757301330566,
0.016831241607666,0.00591000080108643),(0.0182757301330566,0.0199823951721191,
0.00591000080108643),(0.0182828483581543,0.0165322780609131,0.00619999980926514),
(0.0182828483581543,0.0202813568115235,0.00619999980926514),(0.0182883701324463,
0.0165332851409912,0.00619999980926514),(0.0182883701324463,0.020280351638794,
0.00619999980926514),(0.0182937564849853,0.0165348529815674,0.00619999980926514),
(0.0182937564849853,0.0202787837982178,0.00619999980926514),(0.0183833866119385,
0.0168625793457031,0.00591000080108643),(0.0183833866119385,0.019951057434082,
0.00591000080108643),(0.0183888034820557,0.0157108774185181,0.00120000004768372),
(0.0183888034820557,0.0157108774185181,0.00619999980926514),(0.0183888034820557,
0.0211027584075928,0.00619999980926514),(0.0183888034820557,0.0211027584075928,
0.00120000004768372),(0.0184066238403321,0.0168720283508301,0.00591000080108643),
(0.0184066238403321,0.0199416065216064,0.00591000080108643),(0.0184137077331543,
0.0172930603027344,0.00120000004768372),(0.0184137077331543,0.0172930603027344,
0.00246000003814697),(0.0184137077331543,0.0195205764770508,0.00120000004768372),
(0.0184137077331543,0.0195205764770508,0.00246000003814697),(0.0184259986877441,
0.0168780670166016,0.00246000003814697),(0.0184259986877441,0.0168780670166016,
0.00591170930862427),(0.0184259986877441,0.0199355697631836,0.00246000003814697),
(0.0184259986877441,0.0199355697631836,0.00591170930862427),(0.0184684715270996,
0.0168971824645996,0.00591000080108643),(0.0184684715270996,0.0199164543151856,
0.00591000080108643),(0.0184786643981933,0.0165886764526367,0.00619999980926514),
(0.0184786643981933,0.0202249584197998,0.00619999980926514),(0.0184838619232178,
0.0165907897949219,0.00619999980926514),(0.0184838619232178,0.0202228450775146,
0.00619999980926514),(0.0185393199920654,0.0169259948730469,0.00591000080108643),
(0.0185393199920654,0.0198876399993896,0.00591000080108643),(0.0185766201019287,
0.0169458560943603,0.00591000080108643),(0.0185766201019287,0.0198677806854248,
0.00591000080108643),(0.0185809516906738,0.0173955478668213,0.00120000004768372),
(0.0185809516906738,0.0173955478668213,0.00246000003814697),(0.0185809516906738,
0.0194180889129639,0.00120000004768372),(0.0185809516906738,0.0194180889129639,
0.00246000003814697),(0.0185819225311279,0.0157570562362671,0.00120000004768372),
(0.0185819225311279,0.0157570562362671,0.00619999980926514),(0.0185819225311279,
0.0210565795898437,0.00120000004768372),(0.0185819225311279,0.0210565795898437,
0.00619999980926514),(0.0186060428619385,0.0169590969085694,0.00246000003814697),
(0.0186060428619385,0.0169590969085694,0.00591214323043823),(0.0186060428619385,
0.0198545379638672,0.00246000003814697),(0.0186060428619385,0.0198545379638672,
0.00591214323043823),(0.0186396732330323,0.0169794273376465,0.00591000080108643),
(0.0186396732330323,0.01983420753479,0.00591000080108643),(0.0186622543334961,
0.0166633415222168,0.00619999980926514),(0.0186622543334961,0.0201502933502198,
0.00619999980926514),(0.0186879062652588,0.0170051097869873,0.00591000080108643),
(0.0186879062652588,0.0198085269927978,0.00591000080108643),(0.0187301044464111,
0.0175229339599609,0.00120000004768372),(0.0187301044464111,0.0175229339599609,
0.00246000003814697),(0.0187301044464111,0.0192907009124756,0.00120000004768372),
(0.0187301044464111,0.0192907009124756,0.00246000003814697),(0.0187387905120849,
0.0170393466949463,0.00591000080108643),(0.0187387905120849,0.0197742881774903,
0.00591000080108643),(0.0187712059020996,0.0158170499801636,0.00120000004768372),
(0.0187712059020996,0.0158170499801636,0.00619999980926514),(0.0187712059020996,
0.0209965858459472,0.00120000004768372),(0.0187712059020996,0.0209965858459472,
0.00619999980926514),(0.0187750053405762,0.0170612392425537,0.00246000003814697),
(0.0187750053405762,0.0170612392425537,0.00591205644607544),(0.0187750053405762,
0.0197523956298828,0.00246000003814697),(0.0187750053405762,0.0197523956298828,
0.00591205644607544),(0.0187973747253418,0.017078763961792,0.00591000080108643),
(0.0187973747253418,0.0197348709106446,0.00591000080108643),(0.0188275699615478,
0.0170990810394287,0.00591000080108643),(0.0188275699615478,0.0197145538330078,
0.00591000080108643),(0.0188322429656982,0.0167538509368896,0.00619999980926514),
(0.0188322429656982,0.0200597858428955,0.00619999980926514),(0.0188371963500977,
0.0167564888000489,0.00619999980926514),(0.0188371963500977,0.0200571479797364,
0.00619999980926514),(0.0188418521881103,0.0167596206665039,0.00619999980926514),
(0.0188418521881103,0.0200540161132812,0.00619999980926514),(0.0188574905395508,
0.0176720867156983,0.00120000004768372),(0.0188574905395508,0.0176720867156983,
0.00246000003814697),(0.0188574905395508,0.0191415481567383,0.00120000004768372),
(0.0188574905395508,0.0191415481567383,0.00246000003814697),(0.0188933372497558,
0.0171539478302002,0.00591000080108643),(0.0188933372497558,0.019659688949585,
0.00591000080108643),(0.0189304256439209,0.0171830024719238,0.00246000003814697),
(0.0189304256439209,0.0171830024719238,0.00591144895553589),(0.0189304256439209,
0.0196306324005127,0.00246000003814697),(0.0189304256439209,0.0196306324005127,
0.00591144895553589),(0.0189417877197266,0.0171943645477295,0.00591000080108643),
(0.0189417877197266,0.0196192703247071,0.00591000080108643),(0.0189556674957276,
0.0158905458450317,0.00120000004768372),(0.0189556674957276,0.0158905458450317,
0.00619999980926514),(0.0189556674957276,0.0209230899810791,0.00120000004768372),
(0.0189556674957276,0.0209230899810791,0.00619999980926514),(0.0189568309783936,
0.0172069149017334,0.00591000080108643),(0.0189568309783936,0.0196067199707031,
0.00591000080108643),(0.0189599781036377,0.0178393306732177,0.00120000004768372),
(0.0189599781036377,0.0178393306732177,0.00246000003814697),(0.0189599781036377,
0.0189743061065674,0.00120000004768372),(0.0189599781036377,0.0189743061065674,
0.00246000003814697),(0.0190016326904297,0.0168671283721924,0.00619999980926514),
(0.0190016326904297,0.0199465084075927,0.00619999980926514),(0.0190059413909912,
0.0168707218170166,0.00619999980926514),(0.0190059413909912,0.0199429130554199,
0.00619999980926514),(0.0190350399017334,0.0180205478668213,0.00120000004768372),
(0.0190350399017334,0.0180205478668213,0.00246000003814697),(0.0190350399017334,
0.0187930889129638,0.00120000004768372),(0.0190350399017334,0.0187930889129638,
0.00246000003814697),(0.0190524234771728,0.0173050022125244,0.00591000080108643),
(0.0190524234771728,0.0195086345672608,0.00591000080108643),(0.0190700359344483,
0.0173226127624512,0.00246000003814697),(0.0190700359344483,0.0173226127624512,
0.0059103217124939),(0.0190700359344483,0.0194910221099854,0.00246000003814697),
(0.0190700359344483,0.0194910221099854,0.0059103217124939),(0.019071870803833,
0.0173249568939209,0.00591000080108643),(0.019071870803833,0.0194886798858642,
0.00591000080108643),(0.0190743198394775,0.0173274688720703,0.00591000080108643),
(0.0190743198394775,0.0194861660003662,0.00591000080108643),(0.0190808296203613,
0.018211275100708,0.00120000004768372),(0.0190808296203613,0.018211275100708,
0.00246000003814697),(0.0190808296203613,0.0186023597717285,0.00120000004768372),
(0.0190808296203613,0.0186023597717285,0.00246000003814697),(0.0190962200164795,
0.0184068183898926,0.00120000004768372),(0.0190962200164795,0.0184068183898926,
0.00246000003814697),(0.0191343441009522,0.0159771604537964,0.00120000004768372),
(0.0191343441009522,0.0159771604537964,0.00619999980926514),(0.0191343441009522,
0.0208364753723145,0.00120000004768372),(0.0191343441009522,0.0208364753723145,
0.00619999980926514),(0.0191538200378418,0.0169940891265869,0.00619999980926514),
(0.0191538200378418,0.0198195476531983,0.00619999980926514),(0.0191787910461426,
0.0174594650268554,0.00591000080108643),(0.0191787910461426,0.0193541717529297,
0.00591000080108643),(0.0191854381561279,0.017469913482666,0.00591000080108643),
(0.0191854381561279,0.0193437232971191,0.00591000080108643),(0.0191917991638183,
0.0174780330657959,0.00246000003814697),(0.0191917991638183,0.0174780330657959,
0.00591101169586182),(0.0191917991638183,0.0193356037139892,0.00246000003814697),
(0.0191917991638183,0.0193356037139892,0.00591101169586182),(0.0192147388458252,
0.0175159797668457,0.00591000080108643),(0.0192147388458252,0.0192976570129395,
0.00591000080108643),(0.019269136428833,0.0176015014648437,0.00591000080108643),
(0.019269136428833,0.0192121334075928,0.00591000080108643),(0.0192820129394531,
0.0176272659301758,0.00591000080108643),(0.0192820129394531,0.0191863708496094,
0.00591000080108643),(0.0192882328033448,0.017132007598877,0.00619999980926514),
(0.0192882328033448,0.0196816291809082,0.00619999980926514),(0.0192921485900879,
0.0171360244750977,0.00619999980926514),(0.0192921485900879,0.0196776103973388,
0.00619999980926514),(0.0192939414978028,0.0176469955444336,0.00246000003814697),
(0.0192939414978028,0.0176469955444336,0.00591185092926025),(0.0192939414978028,
0.019166639328003,0.00246000003814697),(0.0192939414978028,0.019166639328003,
0.00591185092926025),(0.0192956314086914,0.0171404247283935,0.00619999980926514),
(0.0192956314086914,0.019673210144043,0.00619999980926514),(0.0193063049316406,
0.0160764427185058,0.00120000004768372),(0.0193063049316406,0.0160764427185058,
0.00619999980926514),(0.0193063049316406,0.0207371940612793,0.00120000004768372),
(0.0193063049316406,0.0207371940612793,0.00619999980926514),(0.0193126201629638,
0.0176885013580322,0.00591000080108643),(0.0193126201629638,0.0191251354217529,
0.00591000080108643),(0.0193443984985351,0.0177520771026611,0.00591000080108643),
(0.0193443984985351,0.019061559677124,0.00591000080108643),(0.0193607215881348,
0.017795373916626,0.00591000080108643),(0.0193607215881348,0.0190182609558106,
0.00591000080108643),(0.0193749713897705,0.0178270397186279,0.00246000003814697),
(0.0193749713897705,0.0178270397186279,0.00591216897964478),(0.0193749713897705,
0.0189865970611573,0.00246000003814697),(0.0193749713897705,0.0189865970611573,
0.00591216897964478),(0.019386001586914,0.0178624324798584,0.00591000080108643),
(0.019386001586914,0.0189512042999267,0.00591000080108643),(0.0194037780761719,
0.0179095897674561,0.00591000080108643),(0.0194037780761719,0.0189040451049804,
0.00591000080108643),(0.0194151496887207,0.0172914333343506,0.00619999980926514),
(0.0194151496887207,0.0195222034454345,0.00619999980926514),(0.0194206047058105,
0.0179734840393066,0.00591000080108643),(0.0194206047058105,0.0188401508331299,
0.00591000080108643),(0.0194337100982666,0.0180155372619629,0.00246000003814697),
(0.0194337100982666,0.0180155372619629,0.00591196584701538),(0.0194337100982666,
0.0187980976104737,0.00246000003814697),(0.0194337100982666,0.0187980976104737,
0.00591196584701538),(0.0194383525848388,0.0180408706665039,0.00591000080108643),
(0.0194383525848388,0.0187727642059326,0.00591000080108643),(0.0194466495513916,
0.0180723762512207,0.00591000080108643),(0.0194466495513916,0.0187412605285645,
0.00591000080108643),(0.0194609355926514,0.0181641063690186,0.00591000080108643),
(0.0194609355926514,0.0186495304107666,0.00591000080108643),(0.0194692993164063,
0.0182097415924072,0.00246000003814697),(0.0194692993164063,0.0182097415924072,
0.00591124296188355),(0.0194692993164063,0.0186038951873779,0.00246000003814697),
(0.0194692993164063,0.0186038951873779,0.00591124296188355),(0.0194700965881347,
0.0182229194641114,0.00591000080108643),(0.0194700965881347,0.0185907154083252,
0.00591000080108643),(0.0194706535339355,0.016187873840332,0.00120000004768372),
(0.0194706535339355,0.016187873840332,0.00619999980926514),(0.0194706535339355,
0.0206257629394531,0.00619999980926514),(0.0194706535339355,0.0206257629394531,
0.00120000004768372),(0.0194725551605224,0.0182387065887451,0.00591000080108643),
(0.0194725551605224,0.01857493019104,0.00591000080108643),(0.0194812202453613,
0.0184068183898926,0.00246000003814697),(0.0194812202453613,0.0184068183898926,
0.00591000080108643),(0.0195185089111328,0.0174539279937744,0.00619999980926514),
(0.0195185089111328,0.0193597068786621,0.00619999980926514),(0.0195215187072754,
0.0174586639404297,0.00619999980926514),(0.0195215187072754,0.0193549728393555,
0.00619999980926514),(0.0195240287780762,0.0174636821746826,0.00619999980926514),
(0.0195240287780762,0.0193499526977539,0.00619999980926514),(0.0196101303100586,
0.0176359443664551,0.00619999980926514),(0.0196101303100586,0.0191776905059815,
0.00619999980926514),(0.0196265316009522,0.0163108730316162,0.00120000004768372),
(0.0196265316009522,0.0163108730316162,0.00619999980926514),(0.0196265316009522,
0.020502763748169,0.00120000004768372),(0.0196265316009522,0.020502763748169,
0.00619999980926514),(0.0196780643463135,0.017816146850586,0.00619999980926514),
(0.0196780643463135,0.0189974899291992,0.00619999980926514),(0.0196800441741944,
0.017821397781372,0.00619999980926514),(0.0196800441741944,0.0189922389984131,
0.00619999980926514),(0.0196814727783203,0.0178268241882324,0.00619999980926514),
(0.0196814727783203,0.0189868125915527,0.00619999980926514),(0.0197305164337158,
0.0180130558013916,0.00619999980926514),(0.0197305164337158,0.0188005809783936,
0.00619999980926514),(0.0197313804626465,0.0180186004638672,0.00619999980926514),
(0.0197313804626465,0.0187950363159179,0.00619999980926514),(0.0197610168457031,
0.0182088871002198,0.00619999980926514),(0.0197610168457031,0.0186047477722168,
0.00619999980926514),(0.0197709312438965,0.0184012145996094,0.00619999980926514),
(0.0197709312438965,0.0184124221801758,0.00619999980926514),(0.01977121925354,
0.0184068183898926,0.00619999980926514),(0.0197731304168701,0.0164447994232177,
0.00120000004768372),(0.0197731304168701,0.0164447994232177,0.00619999980926514),
(0.0197731304168701,0.0203688354492188,0.00120000004768372),(0.0197731304168701,
0.0203688354492188,0.00619999980926514),(0.0199096813201904,0.0165889549255371,
0.00120000004768372),(0.0199096813201904,0.0165889549255371,0.00619999980926514),
(0.0199096813201904,0.0202246799468994,0.00120000004768372),(0.0199096813201904,
0.0202246799468994,0.00619999980926514),(0.0200354766845703,0.0167425899505616,
0.00120000004768372),(0.0200354766845703,0.0167425899505616,0.00619999980926514),
(0.0200354766845703,0.0200710468292237,0.00120000004768372),(0.0200354766845703,
0.0200710468292237,0.00619999980926514),(0.0201498565673828,0.016904899597168,
0.00120000004768372),(0.0201498565673828,0.016904899597168,0.00619999980926514),
(0.0201498565673828,0.0199087371826172,0.00120000004768372),(0.0201498565673828,
0.0199087371826172,0.00619999980926514),(0.0202522258758545,0.0170750389099121,
0.00120000004768372),(0.0202522258758545,0.0170750389099121,0.00619999980926514),
(0.0202522258758545,0.0197385959625244,0.00120000004768372),(0.0202522258758545,
0.0197385959625244,0.00619999980926514),(0.0203420524597168,0.0172521228790283,
0.00120000004768372),(0.0203420524597168,0.0172521228790283,0.00619999980926514),
(0.0203420524597168,0.0195615119934082,0.00120000004768372),(0.0203420524597168,
0.0195615119934082,0.00619999980926514),(0.020418867111206,0.0174352264404297,
0.00120000004768372),(0.020418867111206,0.0174352264404297,0.00619999980926514),
(0.020418867111206,0.0193784084320069,0.00120000004768372),(0.020418867111206,
0.0193784084320069,0.00619999980926514),(0.0204822673797608,0.0176233959197998,
0.00120000004768372),(0.0204822673797608,0.0176233959197998,0.00619999980926514),
(0.0204822673797608,0.0191902389526367,0.00120000004768372),(0.0204822673797608,
0.0191902389526367,0.00619999980926514),(0.0205319271087646,0.0178156490325928,
0.00120000004768372),(0.0205319271087646,0.0178156490325928,0.00619999980926514),
(0.0205319271087646,0.0189979858398438,0.00120000004768372),(0.0205319271087646,
0.0189979858398438,0.00619999980926514),(0.0205675830841065,0.0180109844207764,
0.00120000004768372),(0.0205675830841065,0.0180109844207764,0.00619999980926514),
(0.0205675830841065,0.0188026504516602,0.00120000004768372),(0.0205675830841065,
0.0188026504516602,0.00619999980926514),(0.0205890522003174,0.0182083854675293,
0.00120000004768372),(0.0205890522003174,0.0182083854675293,0.00619999980926514),
(0.0205890522003174,0.0186052513122558,0.00120000004768372),(0.0205890522003174,
0.0186052513122558,0.00619999980926514),(0.0205962200164795,0.0184068183898926,
0.00120000004768372),(0.0205962200164795,0.0184068183898926,0.00619999980926514)));
#101=TESSELLATED_SHELL('Part 4',(#91),$);
#102=TESSELLATED_SHELL('Part 3',(#92),$);
#103=TESSELLATED_SHELL('Part 2',(#93),$);
#104=TESSELLATED_SHELL('Part 5',(#94),$);
#105=TESSELLATED_SHELL('Part 1',(#95),$);
#106=LINE('',#3707,#244);
#107=LINE('',#3710,#245);
#108=LINE('',#3712,#246);
#109=LINE('',#3714,#247);
#110=LINE('',#3716,#248);
#111=LINE('',#3718,#249);
#112=LINE('',#3720,#250);
#113=LINE('',#3722,#251);
#114=LINE('',#3724,#252);
#115=LINE('',#3726,#253);
#116=LINE('',#3730,#254);
#117=LINE('',#3732,#255);
#118=LINE('',#3734,#256);
#119=LINE('',#3736,#257);
#120=LINE('',#3739,#258);
#121=LINE('',#3740,#259);
#122=LINE('',#3742,#260);
#123=LINE('',#3744,#261);
#124=LINE('',#3746,#262);
#125=LINE('',#3748,#263);
#126=LINE('',#3751,#264);
#127=LINE('',#3752,#265);
#128=LINE('',#3754,#266);
#129=LINE('',#3756,#267);
#130=LINE('',#3758,#268);
#131=LINE('',#3760,#269);
#132=LINE('',#3764,#270);
#133=LINE('',#3766,#271);
#134=LINE('',#3767,#272);
#135=LINE('',#3768,#273);
#136=LINE('',#3797,#274);
#137=LINE('',#3800,#275);
#138=LINE('',#3802,#276);
#139=LINE('',#3804,#277);
#140=LINE('',#3806,#278);
#141=LINE('',#3809,#279);
#142=LINE('',#3811,#280);
#143=LINE('',#3813,#281);
#144=LINE('',#3815,#282);
#145=LINE('',#3818,#283);
#146=LINE('',#3820,#284);
#147=LINE('',#3822,#285);
#148=LINE('',#3824,#286);
#149=LINE('',#3827,#287);
#150=LINE('',#3829,#288);
#151=LINE('',#3831,#289);
#152=LINE('',#3833,#290);
#153=LINE('',#3834,#291);
#154=LINE('',#3836,#292);
#155=LINE('',#3838,#293);
#156=LINE('',#3840,#294);
#157=LINE('',#3844,#295);
#158=LINE('',#3846,#296);
#159=LINE('',#3848,#297);
#160=LINE('',#3850,#298);
#161=LINE('',#3854,#299);
#162=LINE('',#3856,#300);
#163=LINE('',#3857,#301);
#164=LINE('',#3859,#302);
#165=LINE('',#3861,#303);
#166=LINE('',#3863,#304);
#167=LINE('',#3865,#305);
#168=LINE('',#3867,#306);
#169=LINE('',#3871,#307);
#170=LINE('',#3873,#308);
#171=LINE('',#3875,#309);
#172=LINE('',#3906,#310);
#173=LINE('',#3908,#311);
#174=LINE('',#3915,#312);
#175=LINE('',#3916,#313);
#176=LINE('',#3932,#314);
#177=LINE('',#3933,#315);
#178=LINE('',#3935,#316);
#179=LINE('',#3941,#317);
#180=LINE('',#3953,#318);
#181=LINE('',#3958,#319);
#182=LINE('',#3962,#320);
#183=LINE('',#3967,#321);
#184=LINE('',#3996,#322);
#185=LINE('',#4005,#323);
#186=LINE('',#4007,#324);
#187=LINE('',#4009,#325);
#188=LINE('',#4049,#326);
#189=LINE('',#4051,#327);
#190=LINE('',#4053,#328);
#191=LINE('',#4055,#329);
#192=LINE('',#4057,#330);
#193=LINE('',#4059,#331);
#194=LINE('',#4063,#332);
#195=LINE('',#4065,#333);
#196=LINE('',#4067,#334);
#197=LINE('',#4069,#335);
#198=LINE('',#4071,#336);
#199=LINE('',#4073,#337);
#200=LINE('',#4162,#338);
#201=LINE('',#4165,#339);
#202=LINE('',#4167,#340);
#203=LINE('',#4169,#341);
#204=LINE('',#4171,#342);
#205=LINE('',#4173,#343);
#206=LINE('',#4175,#344);
#207=LINE('',#4177,#345);
#208=LINE('',#4199,#346);
#209=LINE('',#4201,#347);
#210=LINE('',#4203,#348);
#211=LINE('',#4204,#349);
#212=LINE('',#4207,#350);
#213=LINE('',#4209,#351);
#214=LINE('',#4211,#352);
#215=LINE('',#4213,#353);
#216=LINE('',#4215,#354);
#217=LINE('',#4216,#355);
#218=LINE('',#4218,#356);
#219=LINE('',#4220,#357);
#220=LINE('',#4222,#358);
#221=LINE('',#4224,#359);
#222=LINE('',#4226,#360);
#223=LINE('',#4228,#361);
#224=LINE('',#4230,#362);
#225=LINE('',#4232,#363);
#226=LINE('',#4234,#364);
#227=LINE('',#4236,#365);
#228=LINE('',#4238,#366);
#229=LINE('',#4240,#367);
#230=LINE('',#4242,#368);
#231=LINE('',#4243,#369);
#232=LINE('',#4256,#370);
#233=LINE('',#4263,#371);
#234=LINE('',#4265,#372);
#235=LINE('',#4267,#373);
#236=LINE('',#4269,#374);
#237=LINE('',#4271,#375);
#238=LINE('',#4273,#376);
#239=LINE('',#4275,#377);
#240=LINE('',#4277,#378);
#241=LINE('',#4278,#379);
#242=LINE('',#4301,#380);
#243=LINE('',#4303,#381);
#244=VECTOR('',#3030,1.);
#245=VECTOR('',#3031,1.);
#246=VECTOR('',#3032,1.);
#247=VECTOR('',#3033,1.);
#248=VECTOR('',#3034,1.);
#249=VECTOR('',#3035,1.);
#250=VECTOR('',#3036,1.);
#251=VECTOR('',#3037,1.);
#252=VECTOR('',#3038,1.);
#253=VECTOR('',#3039,1.);
#254=VECTOR('',#3044,1.);
#255=VECTOR('',#3045,1.);
#256=VECTOR('',#3046,1.);
#257=VECTOR('',#3049,1.);
#258=VECTOR('',#3050,1.);
#259=VECTOR('',#3051,1.);
#260=VECTOR('',#3054,1.);
#261=VECTOR('',#3055,1.);
#262=VECTOR('',#3056,1.);
#263=VECTOR('',#3059,1.);
#264=VECTOR('',#3060,1.);
#265=VECTOR('',#3061,1.);
#266=VECTOR('',#3064,1.);
#267=VECTOR('',#3065,1.);
#268=VECTOR('',#3068,1.);
#269=VECTOR('',#3069,1.);
#270=VECTOR('',#3074,1.);
#271=VECTOR('',#3077,1.);
#272=VECTOR('',#3078,1.);
#273=VECTOR('',#3079,1.);
#274=VECTOR('',#3126,1.);
#275=VECTOR('',#3127,1.);
#276=VECTOR('',#3128,1.);
#277=VECTOR('',#3129,1.);
#278=VECTOR('',#3132,1.);
#279=VECTOR('',#3133,1.);
#280=VECTOR('',#3134,1.);
#281=VECTOR('',#3135,1.);
#282=VECTOR('',#3138,1.);
#283=VECTOR('',#3139,1.);
#284=VECTOR('',#3140,1.);
#285=VECTOR('',#3141,1.);
#286=VECTOR('',#3144,1.);
#287=VECTOR('',#3145,1.);
#288=VECTOR('',#3146,1.);
#289=VECTOR('',#3147,1.);
#290=VECTOR('',#3150,1.);
#291=VECTOR('',#3151,1.);
#292=VECTOR('',#3154,1.);
#293=VECTOR('',#3155,1.);
#294=VECTOR('',#3156,1.);
#295=VECTOR('',#3161,1.);
#296=VECTOR('',#3162,1.);
#297=VECTOR('',#3165,1.);
#298=VECTOR('',#3166,1.);
#299=VECTOR('',#3171,1.);
#300=VECTOR('',#3174,1.);
#301=VECTOR('',#3175,1.);
#302=VECTOR('',#3178,1.);
#303=VECTOR('',#3179,1.);
#304=VECTOR('',#3180,1.);
#305=VECTOR('',#3183,1.);
#306=VECTOR('',#3184,1.);
#307=VECTOR('',#3189,1.);
#308=VECTOR('',#3190,1.);
#309=VECTOR('',#3193,1.);
#310=VECTOR('',#3232,1.);
#311=VECTOR('',#3233,1.);
#312=VECTOR('',#3240,1.);
#313=VECTOR('',#3241,1.);
#314=VECTOR('',#3260,1.);
#315=VECTOR('',#3261,1.);
#316=VECTOR('',#3264,1.);
#317=VECTOR('',#3271,1.);
#318=VECTOR('',#3286,1.);
#319=VECTOR('',#3289,1.);
#320=VECTOR('',#3294,1.);
#321=VECTOR('',#3297,1.);
#322=VECTOR('',#3330,1.);
#323=VECTOR('',#3331,1.);
#324=VECTOR('',#3332,1.);
#325=VECTOR('',#3333,1.);
#326=VECTOR('',#3376,1.);
#327=VECTOR('',#3377,1.);
#328=VECTOR('',#3378,1.);
#329=VECTOR('',#3381,1.);
#330=VECTOR('',#3382,1.);
#331=VECTOR('',#3383,1.);
#332=VECTOR('',#3390,1.);
#333=VECTOR('',#3391,1.);
#334=VECTOR('',#3392,1.);
#335=VECTOR('',#3395,1.);
#336=VECTOR('',#3396,1.);
#337=VECTOR('',#3397,1.);
#338=VECTOR('',#3538,1.);
#339=VECTOR('',#3539,1.);
#340=VECTOR('',#3540,1.);
#341=VECTOR('',#3541,1.);
#342=VECTOR('',#3542,1.);
#343=VECTOR('',#3543,1.);
#344=VECTOR('',#3544,1.);
#345=VECTOR('',#3545,1.);
#346=VECTOR('',#3572,1.);
#347=VECTOR('',#3573,1.);
#348=VECTOR('',#3574,1.);
#349=VECTOR('',#3575,1.);
#350=VECTOR('',#3576,1.);
#351=VECTOR('',#3577,1.);
#352=VECTOR('',#3578,1.);
#353=VECTOR('',#3579,1.);
#354=VECTOR('',#3580,1.);
#355=VECTOR('',#3581,1.);
#356=VECTOR('',#3582,1.);
#357=VECTOR('',#3583,1.);
#358=VECTOR('',#3586,1.);
#359=VECTOR('',#3587,1.);
#360=VECTOR('',#3588,1.);
#361=VECTOR('',#3591,1.);
#362=VECTOR('',#3592,1.);
#363=VECTOR('',#3595,1.);
#364=VECTOR('',#3596,1.);
#365=VECTOR('',#3597,1.);
#366=VECTOR('',#3600,1.);
#367=VECTOR('',#3601,1.);
#368=VECTOR('',#3604,1.);
#369=VECTOR('',#3605,1.);
#370=VECTOR('',#3622,1.);
#371=VECTOR('',#3631,1.);
#372=VECTOR('',#3634,1.);
#373=VECTOR('',#3635,1.);
#374=VECTOR('',#3638,1.);
#375=VECTOR('',#3639,1.);
#376=VECTOR('',#3642,1.);
#377=VECTOR('',#3643,1.);
#378=VECTOR('',#3644,1.);
#379=VECTOR('',#3645,1.);
#380=VECTOR('',#3678,1.);
#381=VECTOR('',#3681,1.);
#382=CONTEXT_DEPENDENT_SHAPE_REPRESENTATION(#414,#4332);
#383=CONTEXT_DEPENDENT_SHAPE_REPRESENTATION(#415,#4334);
#384=CONTEXT_DEPENDENT_SHAPE_REPRESENTATION(#416,#4335);
#385=CONTEXT_DEPENDENT_SHAPE_REPRESENTATION(#417,#4337);
#386=CONTEXT_DEPENDENT_SHAPE_REPRESENTATION(#418,#4339);
#387=CONTEXT_DEPENDENT_SHAPE_REPRESENTATION(#419,#4341);
#388=CONTEXT_DEPENDENT_SHAPE_REPRESENTATION(#420,#4342);
#389=CONTEXT_DEPENDENT_SHAPE_REPRESENTATION(#421,#4344);
#390=CONTEXT_DEPENDENT_SHAPE_REPRESENTATION(#422,#4345);
#391=CONTEXT_DEPENDENT_SHAPE_REPRESENTATION(#423,#4346);
#392=CONTEXT_DEPENDENT_SHAPE_REPRESENTATION(#424,#4347);
#393=CONTEXT_DEPENDENT_SHAPE_REPRESENTATION(#425,#4348);
#394=CONTEXT_DEPENDENT_SHAPE_REPRESENTATION(#426,#4350);
#395=CONTEXT_DEPENDENT_SHAPE_REPRESENTATION(#427,#4351);
#396=CONTEXT_DEPENDENT_SHAPE_REPRESENTATION(#428,#4353);
#397=CONTEXT_DEPENDENT_SHAPE_REPRESENTATION(#429,#4355);
#398=NEXT_ASSEMBLY_USAGE_OCCURRENCE('NAUO1','Part 1','Part 1',#4356,#4357,
'');
#399=NEXT_ASSEMBLY_USAGE_OCCURRENCE('NAUO2','Part 1','Part 1',#4356,#4358,
'');
#400=NEXT_ASSEMBLY_USAGE_OCCURRENCE('NAUO3','Part 1','Part 1',#4356,#4357,
'');
#401=NEXT_ASSEMBLY_USAGE_OCCURRENCE('NAUO4','Part 4','Part 4',#4356,#4359,
'');
#402=NEXT_ASSEMBLY_USAGE_OCCURRENCE('NAUO5','Part 3','Part 3',#4356,#4360,
'');
#403=NEXT_ASSEMBLY_USAGE_OCCURRENCE('NAUO6','Motor_25GA370-15.4x',
'Motor_25GA370-15.4x',#4356,#4361,'');
#404=NEXT_ASSEMBLY_USAGE_OCCURRENCE('NAUO7','Motor_25GA370-15.4x',
'Motor_25GA370-15.4x',#4356,#4361,'');
#405=NEXT_ASSEMBLY_USAGE_OCCURRENCE('NAUO8','Part 2','Part 2',#4356,#4362,
'');
#406=NEXT_ASSEMBLY_USAGE_OCCURRENCE('NAUO9','Motor_25GA370-15.4x',
'Motor_25GA370-15.4x',#4356,#4361,'');
#407=NEXT_ASSEMBLY_USAGE_OCCURRENCE('NAUO10','Motor_25GA370-15.4x',
'Motor_25GA370-15.4x',#4356,#4361,'');
#408=NEXT_ASSEMBLY_USAGE_OCCURRENCE('NAUO11','Part 1','Part 1',#4356,#4357,
'');
#409=NEXT_ASSEMBLY_USAGE_OCCURRENCE('NAUO12','Part 1','Part 1',#4356,#4358,
'');
#410=NEXT_ASSEMBLY_USAGE_OCCURRENCE('NAUO13','Part 5','Part 5',#4356,#4363,
'');
#411=NEXT_ASSEMBLY_USAGE_OCCURRENCE('NAUO14','Part 1','Part 1',#4356,#4357,
'');
#412=NEXT_ASSEMBLY_USAGE_OCCURRENCE('NAUO15','Part 1','Part 1',#4356,#4364,
'');
#413=NEXT_ASSEMBLY_USAGE_OCCURRENCE('NAUO16','Part 1','Part 1',#4356,#4365,
'');
#414=(
REPRESENTATION_RELATIONSHIP(' ',' ',#2720,#2719)
REPRESENTATION_RELATIONSHIP_WITH_TRANSFORMATION(#430)
SHAPE_REPRESENTATION_RELATIONSHIP()
);
#415=(
REPRESENTATION_RELATIONSHIP(' ',' ',#2721,#2719)
REPRESENTATION_RELATIONSHIP_WITH_TRANSFORMATION(#431)
SHAPE_REPRESENTATION_RELATIONSHIP()
);
#416=(
REPRESENTATION_RELATIONSHIP(' ',' ',#2720,#2719)
REPRESENTATION_RELATIONSHIP_WITH_TRANSFORMATION(#432)
SHAPE_REPRESENTATION_RELATIONSHIP()
);
#417=(
REPRESENTATION_RELATIONSHIP(' ',' ',#2722,#2719)
REPRESENTATION_RELATIONSHIP_WITH_TRANSFORMATION(#433)
SHAPE_REPRESENTATION_RELATIONSHIP()
);
#418=(
REPRESENTATION_RELATIONSHIP(' ',' ',#2723,#2719)
REPRESENTATION_RELATIONSHIP_WITH_TRANSFORMATION(#434)
SHAPE_REPRESENTATION_RELATIONSHIP()
);
#419=(
REPRESENTATION_RELATIONSHIP(' ',' ',#2724,#2719)
REPRESENTATION_RELATIONSHIP_WITH_TRANSFORMATION(#435)
SHAPE_REPRESENTATION_RELATIONSHIP()
);
#420=(
REPRESENTATION_RELATIONSHIP(' ',' ',#2724,#2719)
REPRESENTATION_RELATIONSHIP_WITH_TRANSFORMATION(#436)
SHAPE_REPRESENTATION_RELATIONSHIP()
);
#421=(
REPRESENTATION_RELATIONSHIP(' ',' ',#2725,#2719)
REPRESENTATION_RELATIONSHIP_WITH_TRANSFORMATION(#437)
SHAPE_REPRESENTATION_RELATIONSHIP()
);
#422=(
REPRESENTATION_RELATIONSHIP(' ',' ',#2724,#2719)
REPRESENTATION_RELATIONSHIP_WITH_TRANSFORMATION(#438)
SHAPE_REPRESENTATION_RELATIONSHIP()
);
#423=(
REPRESENTATION_RELATIONSHIP(' ',' ',#2724,#2719)
REPRESENTATION_RELATIONSHIP_WITH_TRANSFORMATION(#439)
SHAPE_REPRESENTATION_RELATIONSHIP()
);
#424=(
REPRESENTATION_RELATIONSHIP(' ',' ',#2720,#2719)
REPRESENTATION_RELATIONSHIP_WITH_TRANSFORMATION(#440)
SHAPE_REPRESENTATION_RELATIONSHIP()
);
#425=(
REPRESENTATION_RELATIONSHIP(' ',' ',#2721,#2719)
REPRESENTATION_RELATIONSHIP_WITH_TRANSFORMATION(#441)
SHAPE_REPRESENTATION_RELATIONSHIP()
);
#426=(
REPRESENTATION_RELATIONSHIP(' ',' ',#2726,#2719)
REPRESENTATION_RELATIONSHIP_WITH_TRANSFORMATION(#442)
SHAPE_REPRESENTATION_RELATIONSHIP()
);
#427=(
REPRESENTATION_RELATIONSHIP(' ',' ',#2720,#2719)
REPRESENTATION_RELATIONSHIP_WITH_TRANSFORMATION(#443)
SHAPE_REPRESENTATION_RELATIONSHIP()
);
#428=(
REPRESENTATION_RELATIONSHIP(' ',' ',#2727,#2719)
REPRESENTATION_RELATIONSHIP_WITH_TRANSFORMATION(#444)
SHAPE_REPRESENTATION_RELATIONSHIP()
);
#429=(
REPRESENTATION_RELATIONSHIP(' ',' ',#2728,#2719)
REPRESENTATION_RELATIONSHIP_WITH_TRANSFORMATION(#445)
SHAPE_REPRESENTATION_RELATIONSHIP()
);
#430=ITEM_DEFINED_TRANSFORMATION(' ',' ',#2729,#2738);
#431=ITEM_DEFINED_TRANSFORMATION(' ',' ',#2729,#2771);
#432=ITEM_DEFINED_TRANSFORMATION(' ',' ',#2729,#2772);
#433=ITEM_DEFINED_TRANSFORMATION(' ',' ',#2729,#2773);
#434=ITEM_DEFINED_TRANSFORMATION(' ',' ',#2729,#2774);
#435=ITEM_DEFINED_TRANSFORMATION(' ',' ',#2729,#2937);
#436=ITEM_DEFINED_TRANSFORMATION(' ',' ',#2729,#2938);
#437=ITEM_DEFINED_TRANSFORMATION(' ',' ',#2729,#2939);
#438=ITEM_DEFINED_TRANSFORMATION(' ',' ',#2729,#2940);
#439=ITEM_DEFINED_TRANSFORMATION(' ',' ',#2729,#2941);
#440=ITEM_DEFINED_TRANSFORMATION(' ',' ',#2729,#2942);
#441=ITEM_DEFINED_TRANSFORMATION(' ',' ',#2729,#2943);
#442=ITEM_DEFINED_TRANSFORMATION(' ',' ',#2729,#2944);
#443=ITEM_DEFINED_TRANSFORMATION(' ',' ',#2729,#2945);
#444=ITEM_DEFINED_TRANSFORMATION(' ',' ',#2729,#2946);
#445=ITEM_DEFINED_TRANSFORMATION(' ',' ',#2729,#3001);
#446=SHAPE_REPRESENTATION_RELATIONSHIP('','',#2720,#455);
#447=SHAPE_REPRESENTATION_RELATIONSHIP('','',#2721,#456);
#448=SHAPE_REPRESENTATION_RELATIONSHIP('','',#2722,#86);
#449=SHAPE_REPRESENTATION_RELATIONSHIP('','',#2723,#87);
#450=SHAPE_REPRESENTATION_RELATIONSHIP('','',#2724,#457);
#451=SHAPE_REPRESENTATION_RELATIONSHIP('','',#2725,#88);
#452=SHAPE_REPRESENTATION_RELATIONSHIP('','',#2726,#89);
#453=SHAPE_REPRESENTATION_RELATIONSHIP('','',#2727,#90);
#454=SHAPE_REPRESENTATION_RELATIONSHIP('','',#2728,#458);
#455=ADVANCED_BREP_SHAPE_REPRESENTATION('',(#2705),#4308);
#456=ADVANCED_BREP_SHAPE_REPRESENTATION('',(#2706),#4309);
#457=ADVANCED_BREP_SHAPE_REPRESENTATION('',(#2707),#4312);
#458=ADVANCED_BREP_SHAPE_REPRESENTATION('',(#2708),#4316);
#459=PLANE('',#2733);
#460=PLANE('',#2735);
#461=PLANE('',#2739);
#462=PLANE('',#2744);
#463=PLANE('',#2745);
#464=PLANE('',#2746);
#465=PLANE('',#2747);
#466=PLANE('',#2748);
#467=PLANE('',#2749);
#468=PLANE('',#2750);
#469=PLANE('',#2752);
#470=PLANE('',#2755);
#471=PLANE('',#2758);
#472=PLANE('',#2761);
#473=PLANE('',#2764);
#474=PLANE('',#2765);
#475=PLANE('',#2766);
#476=PLANE('',#2767);
#477=PLANE('',#2770);
#478=PLANE('',#2775);
#479=PLANE('',#2776);
#480=PLANE('',#2777);
#481=PLANE('',#2778);
#482=PLANE('',#2779);
#483=PLANE('',#2780);
#484=PLANE('',#2782);
#485=PLANE('',#2783);
#486=PLANE('',#2785);
#487=PLANE('',#2786);
#488=PLANE('',#2787);
#489=PLANE('',#2788);
#490=PLANE('',#2790);
#491=PLANE('',#2791);
#492=PLANE('',#2793);
#493=PLANE('',#2795);
#494=PLANE('',#2797);
#495=PLANE('',#2799);
#496=PLANE('',#2801);
#497=PLANE('',#2803);
#498=PLANE('',#2805);
#499=PLANE('',#2816);
#500=PLANE('',#2827);
#501=PLANE('',#2830);
#502=PLANE('',#2832);
#503=PLANE('',#2847);
#504=PLANE('',#2850);
#505=PLANE('',#2853);
#506=PLANE('',#2854);
#507=PLANE('',#2856);
#508=PLANE('',#2859);
#509=PLANE('',#2861);
#510=PLANE('',#2864);
#511=PLANE('',#2867);
#512=PLANE('',#2874);
#513=PLANE('',#2875);
#514=PLANE('',#2878);
#515=PLANE('',#2879);
#516=PLANE('',#2882);
#517=PLANE('',#2884);
#518=PLANE('',#2947);
#519=PLANE('',#2962);
#520=PLANE('',#2963);
#521=PLANE('',#2964);
#522=PLANE('',#2965);
#523=PLANE('',#2966);
#524=PLANE('',#2967);
#525=PLANE('',#2968);
#526=PLANE('',#2970);
#527=PLANE('',#2975);
#528=PLANE('',#2979);
#529=PLANE('',#2980);
#530=PLANE('',#2981);
#531=PLANE('',#2982);
#532=PLANE('',#2985);
#533=PLANE('',#2986);
#534=PLANE('',#2989);
#535=PLANE('',#2992);
#536=PLANE('',#2995);
#537=PLANE('',#2998);
#538=PLANE('',#2999);
#539=PLANE('',#3000);
#540=ORIENTED_EDGE('',*,*,#1044,.F.);
#541=ORIENTED_EDGE('',*,*,#1045,.T.);
#542=ORIENTED_EDGE('',*,*,#1046,.F.);
#543=ORIENTED_EDGE('',*,*,#1044,.T.);
#544=ORIENTED_EDGE('',*,*,#1047,.T.);
#545=ORIENTED_EDGE('',*,*,#1045,.F.);
#546=ORIENTED_EDGE('',*,*,#1046,.T.);
#547=ORIENTED_EDGE('',*,*,#1047,.F.);
#548=ORIENTED_EDGE('',*,*,#1048,.T.);
#549=ORIENTED_EDGE('',*,*,#1049,.F.);
#550=ORIENTED_EDGE('',*,*,#1050,.T.);
#551=ORIENTED_EDGE('',*,*,#1051,.T.);
#552=ORIENTED_EDGE('',*,*,#1052,.F.);
#553=ORIENTED_EDGE('',*,*,#1053,.F.);
#554=ORIENTED_EDGE('',*,*,#1054,.T.);
#555=ORIENTED_EDGE('',*,*,#1055,.F.);
#556=ORIENTED_EDGE('',*,*,#1056,.F.);
#557=ORIENTED_EDGE('',*,*,#1057,.T.);
#558=ORIENTED_EDGE('',*,*,#1058,.F.);
#559=ORIENTED_EDGE('',*,*,#1059,.T.);
#560=ORIENTED_EDGE('',*,*,#1060,.F.);
#561=ORIENTED_EDGE('',*,*,#1061,.F.);
#562=ORIENTED_EDGE('',*,*,#1052,.T.);
#563=ORIENTED_EDGE('',*,*,#1062,.T.);
#564=ORIENTED_EDGE('',*,*,#1063,.F.);
#565=ORIENTED_EDGE('',*,*,#1064,.T.);
#566=ORIENTED_EDGE('',*,*,#1065,.F.);
#567=ORIENTED_EDGE('',*,*,#1066,.T.);
#568=ORIENTED_EDGE('',*,*,#1060,.T.);
#569=ORIENTED_EDGE('',*,*,#1067,.T.);
#570=ORIENTED_EDGE('',*,*,#1058,.T.);
#571=ORIENTED_EDGE('',*,*,#1068,.T.);
#572=ORIENTED_EDGE('',*,*,#1069,.F.);
#573=ORIENTED_EDGE('',*,*,#1070,.T.);
#574=ORIENTED_EDGE('',*,*,#1071,.F.);
#575=ORIENTED_EDGE('',*,*,#1072,.T.);
#576=ORIENTED_EDGE('',*,*,#1056,.T.);
#577=ORIENTED_EDGE('',*,*,#1073,.F.);
#578=ORIENTED_EDGE('',*,*,#1055,.T.);
#579=ORIENTED_EDGE('',*,*,#1074,.F.);
#580=ORIENTED_EDGE('',*,*,#1075,.F.);
#581=ORIENTED_EDGE('',*,*,#1073,.T.);
#582=ORIENTED_EDGE('',*,*,#1054,.F.);
#583=ORIENTED_EDGE('',*,*,#1076,.F.);
#584=ORIENTED_EDGE('',*,*,#1077,.T.);
#585=ORIENTED_EDGE('',*,*,#1074,.T.);
#586=ORIENTED_EDGE('',*,*,#1078,.F.);
#587=ORIENTED_EDGE('',*,*,#1053,.T.);
#588=ORIENTED_EDGE('',*,*,#1064,.F.);
#589=ORIENTED_EDGE('',*,*,#1079,.F.);
#590=ORIENTED_EDGE('',*,*,#1076,.T.);
#591=ORIENTED_EDGE('',*,*,#1063,.T.);
#592=ORIENTED_EDGE('',*,*,#1080,.T.);
#593=ORIENTED_EDGE('',*,*,#1065,.T.);
#594=ORIENTED_EDGE('',*,*,#1081,.T.);
#595=ORIENTED_EDGE('',*,*,#1069,.T.);
#596=ORIENTED_EDGE('',*,*,#1082,.T.);
#597=ORIENTED_EDGE('',*,*,#1071,.T.);
#598=ORIENTED_EDGE('',*,*,#1075,.T.);
#599=ORIENTED_EDGE('',*,*,#1077,.F.);
#600=ORIENTED_EDGE('',*,*,#1079,.T.);
#601=ORIENTED_EDGE('',*,*,#1083,.T.);
#602=ORIENTED_EDGE('',*,*,#1050,.F.);
#603=ORIENTED_EDGE('',*,*,#1083,.F.);
#604=ORIENTED_EDGE('',*,*,#1084,.F.);
#605=ORIENTED_EDGE('',*,*,#1049,.T.);
#606=ORIENTED_EDGE('',*,*,#1084,.T.);
#607=ORIENTED_EDGE('',*,*,#1085,.F.);
#608=ORIENTED_EDGE('',*,*,#1061,.T.);
#609=ORIENTED_EDGE('',*,*,#1085,.T.);
#610=ORIENTED_EDGE('',*,*,#1086,.T.);
#611=ORIENTED_EDGE('',*,*,#1048,.F.);
#612=ORIENTED_EDGE('',*,*,#1086,.F.);
#613=ORIENTED_EDGE('',*,*,#1080,.F.);
#614=ORIENTED_EDGE('',*,*,#1062,.F.);
#615=ORIENTED_EDGE('',*,*,#1051,.F.);
#616=ORIENTED_EDGE('',*,*,#1066,.F.);
#617=ORIENTED_EDGE('',*,*,#1082,.F.);
#618=ORIENTED_EDGE('',*,*,#1068,.F.);
#619=ORIENTED_EDGE('',*,*,#1057,.F.);
#620=ORIENTED_EDGE('',*,*,#1072,.F.);
#621=ORIENTED_EDGE('',*,*,#1081,.F.);
#622=ORIENTED_EDGE('',*,*,#1067,.F.);
#623=ORIENTED_EDGE('',*,*,#1059,.F.);
#624=ORIENTED_EDGE('',*,*,#1070,.F.);
#625=ORIENTED_EDGE('',*,*,#1087,.F.);
#626=ORIENTED_EDGE('',*,*,#1078,.T.);
#627=ORIENTED_EDGE('',*,*,#1087,.T.);
#628=ORIENTED_EDGE('',*,*,#1088,.F.);
#629=ORIENTED_EDGE('',*,*,#1089,.F.);
#630=ORIENTED_EDGE('',*,*,#1090,.F.);
#631=ORIENTED_EDGE('',*,*,#1091,.F.);
#632=ORIENTED_EDGE('',*,*,#1092,.F.);
#633=ORIENTED_EDGE('',*,*,#1093,.F.);
#634=ORIENTED_EDGE('',*,*,#1094,.F.);
#635=ORIENTED_EDGE('',*,*,#1095,.F.);
#636=ORIENTED_EDGE('',*,*,#1096,.F.);
#637=ORIENTED_EDGE('',*,*,#1097,.F.);
#638=ORIENTED_EDGE('',*,*,#1098,.F.);
#639=ORIENTED_EDGE('',*,*,#1099,.F.);
#640=ORIENTED_EDGE('',*,*,#1100,.F.);
#641=ORIENTED_EDGE('',*,*,#1101,.F.);
#642=ORIENTED_EDGE('',*,*,#1102,.F.);
#643=ORIENTED_EDGE('',*,*,#1103,.F.);
#644=ORIENTED_EDGE('',*,*,#1104,.T.);
#645=ORIENTED_EDGE('',*,*,#1103,.T.);
#646=ORIENTED_EDGE('',*,*,#1105,.T.);
#647=ORIENTED_EDGE('',*,*,#1099,.T.);
#648=ORIENTED_EDGE('',*,*,#1105,.F.);
#649=ORIENTED_EDGE('',*,*,#1102,.T.);
#650=ORIENTED_EDGE('',*,*,#1106,.T.);
#651=ORIENTED_EDGE('',*,*,#1107,.T.);
#652=ORIENTED_EDGE('',*,*,#1108,.F.);
#653=ORIENTED_EDGE('',*,*,#1096,.T.);
#654=ORIENTED_EDGE('',*,*,#1109,.T.);
#655=ORIENTED_EDGE('',*,*,#1106,.F.);
#656=ORIENTED_EDGE('',*,*,#1101,.T.);
#657=ORIENTED_EDGE('',*,*,#1110,.T.);
#658=ORIENTED_EDGE('',*,*,#1111,.T.);
#659=ORIENTED_EDGE('',*,*,#1110,.F.);
#660=ORIENTED_EDGE('',*,*,#1100,.T.);
#661=ORIENTED_EDGE('',*,*,#1104,.F.);
#662=ORIENTED_EDGE('',*,*,#1098,.T.);
#663=ORIENTED_EDGE('',*,*,#1112,.T.);
#664=ORIENTED_EDGE('',*,*,#1113,.T.);
#665=ORIENTED_EDGE('',*,*,#1114,.F.);
#666=ORIENTED_EDGE('',*,*,#1112,.F.);
#667=ORIENTED_EDGE('',*,*,#1097,.T.);
#668=ORIENTED_EDGE('',*,*,#1108,.T.);
#669=ORIENTED_EDGE('',*,*,#1115,.T.);
#670=ORIENTED_EDGE('',*,*,#1116,.T.);
#671=ORIENTED_EDGE('',*,*,#1095,.T.);
#672=ORIENTED_EDGE('',*,*,#1117,.T.);
#673=ORIENTED_EDGE('',*,*,#1091,.T.);
#674=ORIENTED_EDGE('',*,*,#1118,.F.);
#675=ORIENTED_EDGE('',*,*,#1089,.T.);
#676=ORIENTED_EDGE('',*,*,#1119,.T.);
#677=ORIENTED_EDGE('',*,*,#1120,.T.);
#678=ORIENTED_EDGE('',*,*,#1117,.F.);
#679=ORIENTED_EDGE('',*,*,#1094,.T.);
#680=ORIENTED_EDGE('',*,*,#1121,.T.);
#681=ORIENTED_EDGE('',*,*,#1122,.T.);
#682=ORIENTED_EDGE('',*,*,#1119,.F.);
#683=ORIENTED_EDGE('',*,*,#1088,.T.);
#684=ORIENTED_EDGE('',*,*,#1123,.T.);
#685=ORIENTED_EDGE('',*,*,#1121,.F.);
#686=ORIENTED_EDGE('',*,*,#1093,.T.);
#687=ORIENTED_EDGE('',*,*,#1124,.T.);
#688=ORIENTED_EDGE('',*,*,#1125,.T.);
#689=ORIENTED_EDGE('',*,*,#1124,.F.);
#690=ORIENTED_EDGE('',*,*,#1092,.T.);
#691=ORIENTED_EDGE('',*,*,#1116,.F.);
#692=ORIENTED_EDGE('',*,*,#1090,.T.);
#693=ORIENTED_EDGE('',*,*,#1118,.T.);
#694=ORIENTED_EDGE('',*,*,#1126,.T.);
#695=ORIENTED_EDGE('',*,*,#1127,.T.);
#696=ORIENTED_EDGE('',*,*,#1128,.F.);
#697=ORIENTED_EDGE('',*,*,#1129,.T.);
#698=ORIENTED_EDGE('',*,*,#1130,.F.);
#699=ORIENTED_EDGE('',*,*,#1131,.T.);
#700=ORIENTED_EDGE('',*,*,#1132,.T.);
#701=ORIENTED_EDGE('',*,*,#1133,.F.);
#702=ORIENTED_EDGE('',*,*,#1134,.F.);
#703=ORIENTED_EDGE('',*,*,#1135,.F.);
#704=ORIENTED_EDGE('',*,*,#1136,.F.);
#705=ORIENTED_EDGE('',*,*,#1137,.T.);
#706=ORIENTED_EDGE('',*,*,#1138,.F.);
#707=ORIENTED_EDGE('',*,*,#1135,.T.);
#708=ORIENTED_EDGE('',*,*,#1139,.T.);
#709=ORIENTED_EDGE('',*,*,#1140,.T.);
#710=ORIENTED_EDGE('',*,*,#1141,.T.);
#711=ORIENTED_EDGE('',*,*,#1142,.F.);
#712=ORIENTED_EDGE('',*,*,#1137,.F.);
#713=ORIENTED_EDGE('',*,*,#1143,.T.);
#714=ORIENTED_EDGE('',*,*,#1139,.F.);
#715=ORIENTED_EDGE('',*,*,#1134,.T.);
#716=ORIENTED_EDGE('',*,*,#1142,.T.);
#717=ORIENTED_EDGE('',*,*,#1144,.T.);
#718=ORIENTED_EDGE('',*,*,#1145,.T.);
#719=ORIENTED_EDGE('',*,*,#1146,.T.);
#720=ORIENTED_EDGE('',*,*,#1147,.F.);
#721=ORIENTED_EDGE('',*,*,#1148,.T.);
#722=ORIENTED_EDGE('',*,*,#1149,.T.);
#723=ORIENTED_EDGE('',*,*,#1150,.F.);
#724=ORIENTED_EDGE('',*,*,#1146,.F.);
#725=ORIENTED_EDGE('',*,*,#1151,.T.);
#726=ORIENTED_EDGE('',*,*,#1152,.F.);
#727=ORIENTED_EDGE('',*,*,#1147,.T.);
#728=ORIENTED_EDGE('',*,*,#1150,.T.);
#729=ORIENTED_EDGE('',*,*,#1153,.T.);
#730=ORIENTED_EDGE('',*,*,#1154,.T.);
#731=ORIENTED_EDGE('',*,*,#1151,.F.);
#732=ORIENTED_EDGE('',*,*,#1145,.F.);
#733=ORIENTED_EDGE('',*,*,#1155,.T.);
#734=ORIENTED_EDGE('',*,*,#1156,.T.);
#735=ORIENTED_EDGE('',*,*,#1157,.T.);
#736=ORIENTED_EDGE('',*,*,#1158,.T.);
#737=ORIENTED_EDGE('',*,*,#1159,.T.);
#738=ORIENTED_EDGE('',*,*,#1160,.F.);
#739=ORIENTED_EDGE('',*,*,#1161,.F.);
#740=ORIENTED_EDGE('',*,*,#1162,.F.);
#741=ORIENTED_EDGE('',*,*,#1163,.F.);
#742=ORIENTED_EDGE('',*,*,#1153,.F.);
#743=ORIENTED_EDGE('',*,*,#1149,.F.);
#744=ORIENTED_EDGE('',*,*,#1154,.F.);
#745=ORIENTED_EDGE('',*,*,#1164,.F.);
#746=ORIENTED_EDGE('',*,*,#1165,.F.);
#747=ORIENTED_EDGE('',*,*,#1166,.F.);
#748=ORIENTED_EDGE('',*,*,#1167,.F.);
#749=ORIENTED_EDGE('',*,*,#1168,.F.);
#750=ORIENTED_EDGE('',*,*,#1140,.F.);
#751=ORIENTED_EDGE('',*,*,#1144,.F.);
#752=ORIENTED_EDGE('',*,*,#1141,.F.);
#753=ORIENTED_EDGE('',*,*,#1169,.F.);
#754=ORIENTED_EDGE('',*,*,#1170,.F.);
#755=ORIENTED_EDGE('',*,*,#1171,.T.);
#756=ORIENTED_EDGE('',*,*,#1172,.F.);
#757=ORIENTED_EDGE('',*,*,#1173,.F.);
#758=ORIENTED_EDGE('',*,*,#1174,.F.);
#759=ORIENTED_EDGE('',*,*,#1175,.F.);
#760=ORIENTED_EDGE('',*,*,#1176,.F.);
#761=ORIENTED_EDGE('',*,*,#1177,.T.);
#762=ORIENTED_EDGE('',*,*,#1178,.F.);
#763=ORIENTED_EDGE('',*,*,#1179,.T.);
#764=ORIENTED_EDGE('',*,*,#1180,.F.);
#765=ORIENTED_EDGE('',*,*,#1181,.T.);
#766=ORIENTED_EDGE('',*,*,#1182,.T.);
#767=ORIENTED_EDGE('',*,*,#1183,.F.);
#768=ORIENTED_EDGE('',*,*,#1184,.F.);
#769=ORIENTED_EDGE('',*,*,#1185,.T.);
#770=ORIENTED_EDGE('',*,*,#1186,.T.);
#771=ORIENTED_EDGE('',*,*,#1187,.T.);
#772=ORIENTED_EDGE('',*,*,#1184,.T.);
#773=ORIENTED_EDGE('',*,*,#1188,.F.);
#774=ORIENTED_EDGE('',*,*,#1189,.T.);
#775=ORIENTED_EDGE('',*,*,#1181,.F.);
#776=ORIENTED_EDGE('',*,*,#1190,.T.);
#777=ORIENTED_EDGE('',*,*,#1191,.F.);
#778=ORIENTED_EDGE('',*,*,#1192,.F.);
#779=ORIENTED_EDGE('',*,*,#1193,.T.);
#780=ORIENTED_EDGE('',*,*,#1194,.F.);
#781=ORIENTED_EDGE('',*,*,#1195,.T.);
#782=ORIENTED_EDGE('',*,*,#1196,.F.);
#783=ORIENTED_EDGE('',*,*,#1197,.F.);
#784=ORIENTED_EDGE('',*,*,#1198,.F.);
#785=ORIENTED_EDGE('',*,*,#1199,.F.);
#786=ORIENTED_EDGE('',*,*,#1200,.F.);
#787=ORIENTED_EDGE('',*,*,#1201,.T.);
#788=ORIENTED_EDGE('',*,*,#1202,.F.);
#789=ORIENTED_EDGE('',*,*,#1203,.F.);
#790=ORIENTED_EDGE('',*,*,#1162,.T.);
#791=ORIENTED_EDGE('',*,*,#1204,.T.);
#792=ORIENTED_EDGE('',*,*,#1205,.T.);
#793=ORIENTED_EDGE('',*,*,#1206,.F.);
#794=ORIENTED_EDGE('',*,*,#1160,.T.);
#795=ORIENTED_EDGE('',*,*,#1203,.T.);
#796=ORIENTED_EDGE('',*,*,#1207,.F.);
#797=ORIENTED_EDGE('',*,*,#1204,.F.);
#798=ORIENTED_EDGE('',*,*,#1163,.T.);
#799=ORIENTED_EDGE('',*,*,#1208,.T.);
#800=ORIENTED_EDGE('',*,*,#1209,.F.);
#801=ORIENTED_EDGE('',*,*,#1210,.F.);
#802=ORIENTED_EDGE('',*,*,#1167,.T.);
#803=ORIENTED_EDGE('',*,*,#1211,.T.);
#804=ORIENTED_EDGE('',*,*,#1212,.T.);
#805=ORIENTED_EDGE('',*,*,#1213,.F.);
#806=ORIENTED_EDGE('',*,*,#1165,.T.);
#807=ORIENTED_EDGE('',*,*,#1210,.T.);
#808=ORIENTED_EDGE('',*,*,#1214,.T.);
#809=ORIENTED_EDGE('',*,*,#1211,.F.);
#810=ORIENTED_EDGE('',*,*,#1168,.T.);
#811=ORIENTED_EDGE('',*,*,#1125,.F.);
#812=ORIENTED_EDGE('',*,*,#1126,.F.);
#813=ORIENTED_EDGE('',*,*,#1120,.F.);
#814=ORIENTED_EDGE('',*,*,#1122,.F.);
#815=ORIENTED_EDGE('',*,*,#1202,.T.);
#816=ORIENTED_EDGE('',*,*,#1215,.T.);
#817=ORIENTED_EDGE('',*,*,#1205,.F.);
#818=ORIENTED_EDGE('',*,*,#1207,.T.);
#819=ORIENTED_EDGE('',*,*,#1113,.F.);
#820=ORIENTED_EDGE('',*,*,#1115,.F.);
#821=ORIENTED_EDGE('',*,*,#1107,.F.);
#822=ORIENTED_EDGE('',*,*,#1111,.F.);
#823=ORIENTED_EDGE('',*,*,#1216,.F.);
#824=ORIENTED_EDGE('',*,*,#1212,.F.);
#825=ORIENTED_EDGE('',*,*,#1214,.F.);
#826=ORIENTED_EDGE('',*,*,#1209,.T.);
#827=ORIENTED_EDGE('',*,*,#1128,.T.);
#828=ORIENTED_EDGE('',*,*,#1175,.T.);
#829=ORIENTED_EDGE('',*,*,#1166,.T.);
#830=ORIENTED_EDGE('',*,*,#1213,.T.);
#831=ORIENTED_EDGE('',*,*,#1216,.T.);
#832=ORIENTED_EDGE('',*,*,#1208,.F.);
#833=ORIENTED_EDGE('',*,*,#1129,.F.);
#834=ORIENTED_EDGE('',*,*,#1176,.T.);
#835=ORIENTED_EDGE('',*,*,#1130,.T.);
#836=ORIENTED_EDGE('',*,*,#1174,.T.);
#837=ORIENTED_EDGE('',*,*,#1131,.F.);
#838=ORIENTED_EDGE('',*,*,#1173,.T.);
#839=ORIENTED_EDGE('',*,*,#1161,.T.);
#840=ORIENTED_EDGE('',*,*,#1206,.T.);
#841=ORIENTED_EDGE('',*,*,#1215,.F.);
#842=ORIENTED_EDGE('',*,*,#1201,.F.);
#843=ORIENTED_EDGE('',*,*,#1195,.F.);
#844=ORIENTED_EDGE('',*,*,#1217,.T.);
#845=ORIENTED_EDGE('',*,*,#1217,.F.);
#846=ORIENTED_EDGE('',*,*,#1218,.T.);
#847=ORIENTED_EDGE('',*,*,#1219,.T.);
#848=ORIENTED_EDGE('',*,*,#1218,.F.);
#849=ORIENTED_EDGE('',*,*,#1219,.F.);
#850=ORIENTED_EDGE('',*,*,#1220,.T.);
#851=ORIENTED_EDGE('',*,*,#1220,.F.);
#852=ORIENTED_EDGE('',*,*,#1221,.T.);
#853=ORIENTED_EDGE('',*,*,#1222,.T.);
#854=ORIENTED_EDGE('',*,*,#1221,.F.);
#855=ORIENTED_EDGE('',*,*,#1222,.F.);
#856=ORIENTED_EDGE('',*,*,#1194,.T.);
#857=ORIENTED_EDGE('',*,*,#1193,.F.);
#858=ORIENTED_EDGE('',*,*,#1191,.T.);
#859=ORIENTED_EDGE('',*,*,#1223,.T.);
#860=ORIENTED_EDGE('',*,*,#1185,.F.);
#861=ORIENTED_EDGE('',*,*,#1187,.F.);
#862=ORIENTED_EDGE('',*,*,#1183,.T.);
#863=ORIENTED_EDGE('',*,*,#1188,.T.);
#864=ORIENTED_EDGE('',*,*,#1224,.T.);
#865=ORIENTED_EDGE('',*,*,#1196,.T.);
#866=ORIENTED_EDGE('',*,*,#1225,.T.);
#867=ORIENTED_EDGE('',*,*,#1197,.T.);
#868=ORIENTED_EDGE('',*,*,#1225,.F.);
#869=ORIENTED_EDGE('',*,*,#1226,.T.);
#870=ORIENTED_EDGE('',*,*,#1198,.T.);
#871=ORIENTED_EDGE('',*,*,#1226,.F.);
#872=ORIENTED_EDGE('',*,*,#1227,.T.);
#873=ORIENTED_EDGE('',*,*,#1180,.T.);
#874=ORIENTED_EDGE('',*,*,#1227,.F.);
#875=ORIENTED_EDGE('',*,*,#1199,.T.);
#876=ORIENTED_EDGE('',*,*,#1179,.F.);
#877=ORIENTED_EDGE('',*,*,#1228,.T.);
#878=ORIENTED_EDGE('',*,*,#1178,.T.);
#879=ORIENTED_EDGE('',*,*,#1228,.F.);
#880=ORIENTED_EDGE('',*,*,#1200,.T.);
#881=ORIENTED_EDGE('',*,*,#1177,.F.);
#882=ORIENTED_EDGE('',*,*,#1190,.F.);
#883=ORIENTED_EDGE('',*,*,#1186,.F.);
#884=ORIENTED_EDGE('',*,*,#1223,.F.);
#885=ORIENTED_EDGE('',*,*,#1182,.F.);
#886=ORIENTED_EDGE('',*,*,#1192,.T.);
#887=ORIENTED_EDGE('',*,*,#1159,.F.);
#888=ORIENTED_EDGE('',*,*,#1156,.F.);
#889=ORIENTED_EDGE('',*,*,#1172,.T.);
#890=ORIENTED_EDGE('',*,*,#1229,.F.);
#891=ORIENTED_EDGE('',*,*,#1158,.F.);
#892=ORIENTED_EDGE('',*,*,#1157,.F.);
#893=ORIENTED_EDGE('',*,*,#1229,.T.);
#894=ORIENTED_EDGE('',*,*,#1148,.F.);
#895=ORIENTED_EDGE('',*,*,#1152,.T.);
#896=ORIENTED_EDGE('',*,*,#1164,.T.);
#897=ORIENTED_EDGE('',*,*,#1155,.F.);
#898=ORIENTED_EDGE('',*,*,#1136,.T.);
#899=ORIENTED_EDGE('',*,*,#1138,.T.);
#900=ORIENTED_EDGE('',*,*,#1169,.T.);
#901=ORIENTED_EDGE('',*,*,#1143,.F.);
#902=ORIENTED_EDGE('',*,*,#1171,.F.);
#903=ORIENTED_EDGE('',*,*,#1133,.T.);
#904=ORIENTED_EDGE('',*,*,#1170,.T.);
#905=ORIENTED_EDGE('',*,*,#1132,.F.);
#906=ORIENTED_EDGE('',*,*,#1224,.F.);
#907=ORIENTED_EDGE('',*,*,#1189,.F.);
#908=ORIENTED_EDGE('',*,*,#1114,.T.);
#909=ORIENTED_EDGE('',*,*,#1109,.F.);
#910=ORIENTED_EDGE('',*,*,#1123,.F.);
#911=ORIENTED_EDGE('',*,*,#1127,.F.);
#912=ORIENTED_EDGE('',*,*,#1230,.F.);
#913=ORIENTED_EDGE('',*,*,#1231,.F.);
#914=ORIENTED_EDGE('',*,*,#1232,.F.);
#915=ORIENTED_EDGE('',*,*,#1233,.T.);
#916=ORIENTED_EDGE('',*,*,#1234,.T.);
#917=ORIENTED_EDGE('',*,*,#1235,.T.);
#918=ORIENTED_EDGE('',*,*,#1236,.F.);
#919=ORIENTED_EDGE('',*,*,#1237,.F.);
#920=ORIENTED_EDGE('',*,*,#1238,.T.);
#921=ORIENTED_EDGE('',*,*,#1239,.T.);
#922=ORIENTED_EDGE('',*,*,#1240,.T.);
#923=ORIENTED_EDGE('',*,*,#1241,.F.);
#924=ORIENTED_EDGE('',*,*,#1242,.T.);
#925=ORIENTED_EDGE('',*,*,#1243,.F.);
#926=ORIENTED_EDGE('',*,*,#1244,.F.);
#927=ORIENTED_EDGE('',*,*,#1245,.F.);
#928=ORIENTED_EDGE('',*,*,#1246,.F.);
#929=ORIENTED_EDGE('',*,*,#1247,.F.);
#930=ORIENTED_EDGE('',*,*,#1235,.F.);
#931=ORIENTED_EDGE('',*,*,#1248,.F.);
#932=ORIENTED_EDGE('',*,*,#1249,.T.);
#933=ORIENTED_EDGE('',*,*,#1250,.T.);
#934=ORIENTED_EDGE('',*,*,#1251,.T.);
#935=ORIENTED_EDGE('',*,*,#1252,.T.);
#936=ORIENTED_EDGE('',*,*,#1253,.F.);
#937=ORIENTED_EDGE('',*,*,#1254,.T.);
#938=ORIENTED_EDGE('',*,*,#1255,.F.);
#939=ORIENTED_EDGE('',*,*,#1256,.T.);
#940=ORIENTED_EDGE('',*,*,#1257,.T.);
#941=ORIENTED_EDGE('',*,*,#1239,.F.);
#942=ORIENTED_EDGE('',*,*,#1258,.F.);
#943=ORIENTED_EDGE('',*,*,#1259,.T.);
#944=ORIENTED_EDGE('',*,*,#1256,.F.);
#945=ORIENTED_EDGE('',*,*,#1260,.F.);
#946=ORIENTED_EDGE('',*,*,#1261,.T.);
#947=ORIENTED_EDGE('',*,*,#1262,.T.);
#948=ORIENTED_EDGE('',*,*,#1246,.T.);
#949=ORIENTED_EDGE('',*,*,#1244,.T.);
#950=ORIENTED_EDGE('',*,*,#1255,.T.);
#951=ORIENTED_EDGE('',*,*,#1263,.T.);
#952=ORIENTED_EDGE('',*,*,#1264,.F.);
#953=ORIENTED_EDGE('',*,*,#1260,.T.);
#954=ORIENTED_EDGE('',*,*,#1253,.T.);
#955=ORIENTED_EDGE('',*,*,#1265,.T.);
#956=ORIENTED_EDGE('',*,*,#1266,.F.);
#957=ORIENTED_EDGE('',*,*,#1267,.T.);
#958=ORIENTED_EDGE('',*,*,#1242,.F.);
#959=ORIENTED_EDGE('',*,*,#1240,.F.);
#960=ORIENTED_EDGE('',*,*,#1268,.T.);
#961=ORIENTED_EDGE('',*,*,#1269,.T.);
#962=ORIENTED_EDGE('',*,*,#1251,.F.);
#963=ORIENTED_EDGE('',*,*,#1262,.F.);
#964=ORIENTED_EDGE('',*,*,#1266,.T.);
#965=ORIENTED_EDGE('',*,*,#1270,.T.);
#966=ORIENTED_EDGE('',*,*,#1268,.F.);
#967=ORIENTED_EDGE('',*,*,#1261,.F.);
#968=ORIENTED_EDGE('',*,*,#1264,.T.);
#969=ORIENTED_EDGE('',*,*,#1271,.T.);
#970=ORIENTED_EDGE('',*,*,#1272,.F.);
#971=ORIENTED_EDGE('',*,*,#1270,.F.);
#972=ORIENTED_EDGE('',*,*,#1265,.F.);
#973=ORIENTED_EDGE('',*,*,#1252,.F.);
#974=ORIENTED_EDGE('',*,*,#1269,.F.);
#975=ORIENTED_EDGE('',*,*,#1273,.F.);
#976=ORIENTED_EDGE('',*,*,#1271,.F.);
#977=ORIENTED_EDGE('',*,*,#1263,.F.);
#978=ORIENTED_EDGE('',*,*,#1254,.F.);
#979=ORIENTED_EDGE('',*,*,#1267,.F.);
#980=ORIENTED_EDGE('',*,*,#1274,.F.);
#981=ORIENTED_EDGE('',*,*,#1275,.T.);
#982=ORIENTED_EDGE('',*,*,#1273,.T.);
#983=ORIENTED_EDGE('',*,*,#1276,.F.);
#984=ORIENTED_EDGE('',*,*,#1274,.T.);
#985=ORIENTED_EDGE('',*,*,#1277,.F.);
#986=ORIENTED_EDGE('',*,*,#1278,.T.);
#987=ORIENTED_EDGE('',*,*,#1272,.T.);
#988=ORIENTED_EDGE('',*,*,#1279,.F.);
#989=ORIENTED_EDGE('',*,*,#1277,.T.);
#990=ORIENTED_EDGE('',*,*,#1258,.T.);
#991=ORIENTED_EDGE('',*,*,#1238,.F.);
#992=ORIENTED_EDGE('',*,*,#1280,.F.);
#993=ORIENTED_EDGE('',*,*,#1281,.T.);
#994=ORIENTED_EDGE('',*,*,#1279,.T.);
#995=ORIENTED_EDGE('',*,*,#1278,.F.);
#996=ORIENTED_EDGE('',*,*,#1276,.T.);
#997=ORIENTED_EDGE('',*,*,#1275,.F.);
#998=ORIENTED_EDGE('',*,*,#1250,.F.);
#999=ORIENTED_EDGE('',*,*,#1282,.F.);
#1000=ORIENTED_EDGE('',*,*,#1283,.T.);
#1001=ORIENTED_EDGE('',*,*,#1236,.T.);
#1002=ORIENTED_EDGE('',*,*,#1284,.F.);
#1003=ORIENTED_EDGE('',*,*,#1285,.F.);
#1004=ORIENTED_EDGE('',*,*,#1286,.T.);
#1005=ORIENTED_EDGE('',*,*,#1259,.F.);
#1006=ORIENTED_EDGE('',*,*,#1281,.F.);
#1007=ORIENTED_EDGE('',*,*,#1287,.T.);
#1008=ORIENTED_EDGE('',*,*,#1282,.T.);
#1009=ORIENTED_EDGE('',*,*,#1249,.F.);
#1010=ORIENTED_EDGE('',*,*,#1288,.F.);
#1011=ORIENTED_EDGE('',*,*,#1289,.F.);
#1012=ORIENTED_EDGE('',*,*,#1283,.F.);
#1013=ORIENTED_EDGE('',*,*,#1287,.F.);
#1014=ORIENTED_EDGE('',*,*,#1280,.T.);
#1015=ORIENTED_EDGE('',*,*,#1237,.T.);
#1016=ORIENTED_EDGE('',*,*,#1290,.T.);
#1017=ORIENTED_EDGE('',*,*,#1247,.T.);
#1018=ORIENTED_EDGE('',*,*,#1290,.F.);
#1019=ORIENTED_EDGE('',*,*,#1231,.T.);
#1020=ORIENTED_EDGE('',*,*,#1291,.T.);
#1021=ORIENTED_EDGE('',*,*,#1245,.T.);
#1022=ORIENTED_EDGE('',*,*,#1291,.F.);
#1023=ORIENTED_EDGE('',*,*,#1230,.T.);
#1024=ORIENTED_EDGE('',*,*,#1292,.T.);
#1025=ORIENTED_EDGE('',*,*,#1243,.T.);
#1026=ORIENTED_EDGE('',*,*,#1292,.F.);
#1027=ORIENTED_EDGE('',*,*,#1288,.T.);
#1028=ORIENTED_EDGE('',*,*,#1293,.T.);
#1029=ORIENTED_EDGE('',*,*,#1241,.T.);
#1030=ORIENTED_EDGE('',*,*,#1293,.F.);
#1031=ORIENTED_EDGE('',*,*,#1289,.T.);
#1032=ORIENTED_EDGE('',*,*,#1257,.F.);
#1033=ORIENTED_EDGE('',*,*,#1286,.F.);
#1034=ORIENTED_EDGE('',*,*,#1294,.T.);
#1035=ORIENTED_EDGE('',*,*,#1232,.T.);
#1036=ORIENTED_EDGE('',*,*,#1248,.T.);
#1037=ORIENTED_EDGE('',*,*,#1234,.F.);
#1038=ORIENTED_EDGE('',*,*,#1295,.F.);
#1039=ORIENTED_EDGE('',*,*,#1284,.T.);
#1040=ORIENTED_EDGE('',*,*,#1285,.T.);
#1041=ORIENTED_EDGE('',*,*,#1295,.T.);
#1042=ORIENTED_EDGE('',*,*,#1233,.F.);
#1043=ORIENTED_EDGE('',*,*,#1294,.F.);
#1044=EDGE_CURVE('',#1296,#1296,#1495,.T.);
#1045=EDGE_CURVE('',#1297,#1297,#1496,.T.);
#1046=EDGE_CURVE('',#1298,#1298,#1497,.T.);
#1047=EDGE_CURVE('',#1299,#1299,#1498,.T.);
#1048=EDGE_CURVE('',#1300,#1300,#1499,.T.);
#1049=EDGE_CURVE('',#1301,#1301,#1500,.T.);
#1050=EDGE_CURVE('',#1302,#1302,#1501,.T.);
#1051=EDGE_CURVE('',#1303,#1304,#106,.F.);
#1052=EDGE_CURVE('',#1305,#1304,#107,.T.);
#1053=EDGE_CURVE('',#1306,#1305,#108,.T.);
#1054=EDGE_CURVE('',#1306,#1307,#109,.T.);
#1055=EDGE_CURVE('',#1308,#1307,#110,.T.);
#1056=EDGE_CURVE('',#1309,#1308,#111,.T.);
#1057=EDGE_CURVE('',#1309,#1310,#112,.F.);
#1058=EDGE_CURVE('',#1311,#1310,#113,.T.);
#1059=EDGE_CURVE('',#1311,#1312,#114,.F.);
#1060=EDGE_CURVE('',#1303,#1312,#115,.T.);
#1061=EDGE_CURVE('',#1313,#1313,#1502,.T.);
#1062=EDGE_CURVE('',#1304,#1314,#116,.F.);
#1063=EDGE_CURVE('',#1315,#1314,#117,.T.);
#1064=EDGE_CURVE('',#1315,#1305,#118,.T.);
#1065=EDGE_CURVE('',#1316,#1317,#119,.T.);
#1066=EDGE_CURVE('',#1316,#1303,#120,.T.);
#1067=EDGE_CURVE('',#1312,#1317,#121,.T.);
#1068=EDGE_CURVE('',#1310,#1318,#122,.T.);
#1069=EDGE_CURVE('',#1319,#1318,#123,.T.);
#1070=EDGE_CURVE('',#1319,#1311,#124,.T.);
#1071=EDGE_CURVE('',#1320,#1321,#125,.T.);
#1072=EDGE_CURVE('',#1320,#1309,#126,.T.);
#1073=EDGE_CURVE('',#1321,#1308,#127,.T.);
#1074=EDGE_CURVE('',#1322,#1307,#128,.T.);
#1075=EDGE_CURVE('',#1321,#1322,#129,.T.);
#1076=EDGE_CURVE('',#1323,#1306,#130,.T.);
#1077=EDGE_CURVE('',#1323,#1322,#131,.T.);
#1078=EDGE_CURVE('',#1324,#1324,#1503,.T.);
#1079=EDGE_CURVE('',#1323,#1315,#132,.T.);
#1080=EDGE_CURVE('',#1314,#1316,#133,.F.);
#1081=EDGE_CURVE('',#1317,#1319,#134,.F.);
#1082=EDGE_CURVE('',#1318,#1320,#135,.F.);
#1083=EDGE_CURVE('',#1325,#1325,#1504,.T.);
#1084=EDGE_CURVE('',#1326,#1326,#1505,.T.);
#1085=EDGE_CURVE('',#1327,#1327,#1506,.T.);
#1086=EDGE_CURVE('',#1328,#1328,#1507,.T.);
#1087=EDGE_CURVE('',#1329,#1329,#1508,.T.);
#1088=EDGE_CURVE('',#1330,#1331,#136,.T.);
#1089=EDGE_CURVE('',#1332,#1330,#137,.T.);
#1090=EDGE_CURVE('',#1333,#1332,#138,.T.);
#1091=EDGE_CURVE('',#1331,#1333,#139,.T.);
#1092=EDGE_CURVE('',#1334,#1335,#140,.T.);
#1093=EDGE_CURVE('',#1336,#1334,#141,.T.);
#1094=EDGE_CURVE('',#1337,#1336,#142,.T.);
#1095=EDGE_CURVE('',#1335,#1337,#143,.T.);
#1096=EDGE_CURVE('',#1338,#1339,#144,.T.);
#1097=EDGE_CURVE('',#1340,#1338,#145,.T.);
#1098=EDGE_CURVE('',#1341,#1340,#146,.T.);
#1099=EDGE_CURVE('',#1339,#1341,#147,.T.);
#1100=EDGE_CURVE('',#1342,#1343,#148,.T.);
#1101=EDGE_CURVE('',#1344,#1342,#149,.T.);
#1102=EDGE_CURVE('',#1345,#1344,#150,.T.);
#1103=EDGE_CURVE('',#1343,#1345,#151,.T.);
#1104=EDGE_CURVE('',#1341,#1343,#152,.T.);
#1105=EDGE_CURVE('',#1345,#1339,#153,.T.);
#1106=EDGE_CURVE('',#1344,#1346,#154,.T.);
#1107=EDGE_CURVE('',#1346,#1347,#155,.T.);
#1108=EDGE_CURVE('',#1338,#1347,#156,.T.);
#1109=EDGE_CURVE('',#1348,#1348,#1509,.T.);
#1110=EDGE_CURVE('',#1342,#1349,#157,.T.);
#1111=EDGE_CURVE('',#1349,#1346,#158,.T.);
#1112=EDGE_CURVE('',#1340,#1350,#159,.T.);
#1113=EDGE_CURVE('',#1350,#1349,#160,.T.);
#1114=EDGE_CURVE('',#1351,#1351,#1510,.T.);
#1115=EDGE_CURVE('',#1347,#1350,#161,.T.);
#1116=EDGE_CURVE('',#1333,#1335,#162,.T.);
#1117=EDGE_CURVE('',#1337,#1331,#163,.T.);
#1118=EDGE_CURVE('',#1332,#1352,#164,.T.);
#1119=EDGE_CURVE('',#1330,#1353,#165,.T.);
#1120=EDGE_CURVE('',#1353,#1352,#166,.T.);
#1121=EDGE_CURVE('',#1336,#1354,#167,.T.);
#1122=EDGE_CURVE('',#1354,#1353,#168,.T.);
#1123=EDGE_CURVE('',#1355,#1355,#1511,.T.);
#1124=EDGE_CURVE('',#1334,#1356,#169,.T.);
#1125=EDGE_CURVE('',#1356,#1354,#170,.T.);
#1126=EDGE_CURVE('',#1352,#1356,#171,.T.);
#1127=EDGE_CURVE('',#1357,#1357,#1512,.T.);
#1128=EDGE_CURVE('',#1358,#1358,#1513,.T.);
#1129=EDGE_CURVE('',#1359,#1359,#1514,.T.);
#1130=EDGE_CURVE('',#1360,#1360,#1515,.T.);
#1131=EDGE_CURVE('',#1361,#1361,#1516,.T.);
#1132=EDGE_CURVE('',#1362,#1362,#1517,.T.);
#1133=EDGE_CURVE('',#1363,#1363,#1518,.T.);
#1134=EDGE_CURVE('',#1364,#1365,#1519,.T.);
#1135=EDGE_CURVE('',#1366,#1364,#1520,.T.);
#1136=EDGE_CURVE('',#1367,#1366,#1521,.T.);
#1137=EDGE_CURVE('',#1367,#1365,#1522,.T.);
#1138=EDGE_CURVE('',#1366,#1368,#172,.T.);
#1139=EDGE_CURVE('',#1364,#1369,#173,.T.);
#1140=EDGE_CURVE('',#1369,#1368,#1523,.T.);
#1141=EDGE_CURVE('',#1370,#1371,#1524,.T.);
#1142=EDGE_CURVE('',#1365,#1371,#174,.T.);
#1143=EDGE_CURVE('',#1367,#1370,#175,.T.);
#1144=EDGE_CURVE('',#1371,#1369,#1525,.T.);
#1145=EDGE_CURVE('',#1372,#1373,#1526,.T.);
#1146=EDGE_CURVE('',#1373,#1374,#1527,.T.);
#1147=EDGE_CURVE('',#1375,#1374,#1528,.T.);
#1148=EDGE_CURVE('',#1375,#1372,#1529,.T.);
#1149=EDGE_CURVE('',#1376,#1377,#1530,.T.);
#1150=EDGE_CURVE('',#1374,#1377,#176,.T.);
#1151=EDGE_CURVE('',#1373,#1376,#177,.T.);
#1152=EDGE_CURVE('',#1375,#1378,#178,.T.);
#1153=EDGE_CURVE('',#1377,#1378,#1531,.T.);
#1154=EDGE_CURVE('',#1379,#1376,#1532,.T.);
#1155=EDGE_CURVE('',#1372,#1379,#179,.T.);
#1156=EDGE_CURVE('',#1380,#1380,#1533,.T.);
#1157=EDGE_CURVE('',#1381,#1381,#1534,.T.);
#1158=EDGE_CURVE('',#1382,#1382,#1535,.T.);
#1159=EDGE_CURVE('',#1383,#1383,#1536,.T.);
#1160=EDGE_CURVE('',#1384,#1385,#180,.T.);
#1161=EDGE_CURVE('',#1386,#1384,#1537,.T.);
#1162=EDGE_CURVE('',#1387,#1386,#181,.T.);
#1163=EDGE_CURVE('',#1385,#1387,#1538,.T.);
#1164=EDGE_CURVE('',#1378,#1379,#1539,.T.);
#1165=EDGE_CURVE('',#1388,#1389,#182,.T.);
#1166=EDGE_CURVE('',#1390,#1388,#1540,.T.);
#1167=EDGE_CURVE('',#1391,#1390,#183,.T.);
#1168=EDGE_CURVE('',#1389,#1391,#1541,.T.);
#1169=EDGE_CURVE('',#1368,#1370,#1542,.T.);
#1170=EDGE_CURVE('',#1392,#1392,#1543,.T.);
#1171=EDGE_CURVE('',#1393,#1393,#1544,.T.);
#1172=EDGE_CURVE('',#1394,#1394,#1545,.T.);
#1173=EDGE_CURVE('',#1395,#1395,#1546,.T.);
#1174=EDGE_CURVE('',#1396,#1396,#1547,.T.);
#1175=EDGE_CURVE('',#1397,#1397,#1548,.T.);
#1176=EDGE_CURVE('',#1398,#1398,#1549,.T.);
#1177=EDGE_CURVE('',#1399,#1399,#1550,.T.);
#1178=EDGE_CURVE('',#1400,#1400,#1551,.T.);
#1179=EDGE_CURVE('',#1401,#1401,#1552,.T.);
#1180=EDGE_CURVE('',#1402,#1402,#1553,.T.);
#1181=EDGE_CURVE('',#1403,#1404,#184,.T.);
#1182=EDGE_CURVE('',#1404,#1405,#27,.T.);
#1183=EDGE_CURVE('',#1406,#1405,#185,.T.);
#1184=EDGE_CURVE('',#1407,#1406,#186,.T.);
#1185=EDGE_CURVE('',#1407,#1408,#187,.T.);
#1186=EDGE_CURVE('',#1408,#1403,#28,.T.);
#1187=EDGE_CURVE('',#1406,#1407,#1554,.T.);
#1188=EDGE_CURVE('',#1409,#1409,#1555,.T.);
#1189=EDGE_CURVE('',#1410,#1410,#1556,.T.);
#1190=EDGE_CURVE('',#1403,#1404,#1557,.T.);
#1191=EDGE_CURVE('',#1411,#1411,#1558,.T.);
#1192=EDGE_CURVE('',#1412,#1412,#1559,.T.);
#1193=EDGE_CURVE('',#1413,#1413,#1560,.T.);
#1194=EDGE_CURVE('',#1414,#1414,#1561,.T.);
#1195=EDGE_CURVE('',#1415,#1415,#1562,.T.);
#1196=EDGE_CURVE('',#1416,#1416,#1563,.T.);
#1197=EDGE_CURVE('',#1417,#1417,#1564,.T.);
#1198=EDGE_CURVE('',#1418,#1418,#1565,.T.);
#1199=EDGE_CURVE('',#1419,#1419,#1566,.T.);
#1200=EDGE_CURVE('',#1420,#1420,#1567,.T.);
#1201=EDGE_CURVE('',#1386,#1421,#188,.T.);
#1202=EDGE_CURVE('',#1422,#1421,#189,.T.);
#1203=EDGE_CURVE('',#1387,#1422,#190,.T.);
#1204=EDGE_CURVE('',#1385,#1423,#191,.T.);
#1205=EDGE_CURVE('',#1423,#1424,#192,.T.);
#1206=EDGE_CURVE('',#1384,#1424,#193,.T.);
#1207=EDGE_CURVE('',#1423,#1422,#1568,.T.);
#1208=EDGE_CURVE('',#1390,#1425,#194,.T.);
#1209=EDGE_CURVE('',#1426,#1425,#195,.T.);
#1210=EDGE_CURVE('',#1391,#1426,#196,.T.);
#1211=EDGE_CURVE('',#1389,#1427,#197,.T.);
#1212=EDGE_CURVE('',#1427,#1428,#198,.T.);
#1213=EDGE_CURVE('',#1388,#1428,#199,.T.);
#1214=EDGE_CURVE('',#1426,#1427,#1569,.T.);
#1215=EDGE_CURVE('',#1421,#1424,#1570,.T.);
#1216=EDGE_CURVE('',#1428,#1425,#1571,.T.);
#1217=EDGE_CURVE('',#1429,#1429,#1572,.T.);
#1218=EDGE_CURVE('',#1430,#1430,#1573,.T.);
#1219=EDGE_CURVE('',#1431,#1431,#1574,.T.);
#1220=EDGE_CURVE('',#1432,#1432,#1575,.T.);
#1221=EDGE_CURVE('',#1433,#1433,#1576,.T.);
#1222=EDGE_CURVE('',#1434,#1434,#1577,.T.);
#1223=EDGE_CURVE('',#1405,#1408,#1578,.T.);
#1224=EDGE_CURVE('',#1435,#1435,#1579,.T.);
#1225=EDGE_CURVE('',#1436,#1436,#1580,.T.);
#1226=EDGE_CURVE('',#1438,#1438,#1581,.T.);
#1227=EDGE_CURVE('',#1440,#1440,#1582,.T.);
#1228=EDGE_CURVE('',#1442,#1442,#1583,.T.);
#1229=EDGE_CURVE('',#1444,#1444,#1584,.T.);
#1230=EDGE_CURVE('',#1445,#1445,#1585,.T.);
#1231=EDGE_CURVE('',#1446,#1446,#1586,.T.);
#1232=EDGE_CURVE('',#1447,#1448,#200,.T.);
#1233=EDGE_CURVE('',#1447,#1449,#201,.T.);
#1234=EDGE_CURVE('',#1449,#1450,#202,.T.);
#1235=EDGE_CURVE('',#1450,#1451,#203,.T.);
#1236=EDGE_CURVE('',#1452,#1451,#204,.T.);
#1237=EDGE_CURVE('',#1453,#1452,#205,.T.);
#1238=EDGE_CURVE('',#1453,#1454,#206,.T.);
#1239=EDGE_CURVE('',#1454,#1448,#207,.T.);
#1240=EDGE_CURVE('',#1455,#1455,#1587,.T.);
#1241=EDGE_CURVE('',#1456,#1456,#1588,.F.);
#1242=EDGE_CURVE('',#1457,#1457,#1589,.T.);
#1243=EDGE_CURVE('',#1458,#1458,#1590,.F.);
#1244=EDGE_CURVE('',#1459,#1459,#1591,.T.);
#1245=EDGE_CURVE('',#1460,#1460,#1592,.F.);
#1246=EDGE_CURVE('',#1461,#1461,#1593,.T.);
#1247=EDGE_CURVE('',#1462,#1462,#1594,.F.);
#1248=EDGE_CURVE('',#1463,#1450,#208,.T.);
#1249=EDGE_CURVE('',#1463,#1464,#209,.T.);
#1250=EDGE_CURVE('',#1464,#1451,#210,.T.);
#1251=EDGE_CURVE('',#1465,#1466,#211,.T.);
#1252=EDGE_CURVE('',#1466,#1467,#212,.T.);
#1253=EDGE_CURVE('',#1468,#1467,#213,.T.);
#1254=EDGE_CURVE('',#1468,#1469,#214,.F.);
#1255=EDGE_CURVE('',#1470,#1469,#215,.T.);
#1256=EDGE_CURVE('',#1470,#1465,#216,.T.);
#1257=EDGE_CURVE('',#1471,#1448,#217,.T.);
#1258=EDGE_CURVE('',#1472,#1454,#218,.T.);
#1259=EDGE_CURVE('',#1472,#1471,#219,.T.);
#1260=EDGE_CURVE('',#1473,#1470,#220,.T.);
#1261=EDGE_CURVE('',#1473,#1474,#221,.T.);
#1262=EDGE_CURVE('',#1474,#1465,#222,.T.);
#1263=EDGE_CURVE('',#1469,#1475,#223,.T.);
#1264=EDGE_CURVE('',#1473,#1475,#224,.T.);
#1265=EDGE_CURVE('',#1467,#1476,#225,.T.);
#1266=EDGE_CURVE('',#1477,#1476,#226,.T.);
#1267=EDGE_CURVE('',#1477,#1468,#227,.T.);
#1268=EDGE_CURVE('',#1474,#1478,#228,.T.);
#1269=EDGE_CURVE('',#1478,#1466,#229,.T.);
#1270=EDGE_CURVE('',#1476,#1478,#230,.T.);
#1271=EDGE_CURVE('',#1475,#1477,#231,.F.);
#1272=EDGE_CURVE('',#1479,#1479,#1595,.T.);
#1273=EDGE_CURVE('',#1480,#1480,#1596,.T.);
#1274=EDGE_CURVE('',#1481,#1482,#1597,.T.);
#1275=EDGE_CURVE('',#1481,#1482,#10,.F.);
#1276=EDGE_CURVE('',#1481,#1482,#232,.T.);
#1277=EDGE_CURVE('',#1483,#1484,#1598,.T.);
#1278=EDGE_CURVE('',#1483,#1484,#11,.F.);
#1279=EDGE_CURVE('',#1483,#1484,#233,.T.);
#1280=EDGE_CURVE('',#1485,#1453,#234,.T.);
#1281=EDGE_CURVE('',#1485,#1472,#235,.T.);
#1282=EDGE_CURVE('',#1486,#1464,#236,.T.);
#1283=EDGE_CURVE('',#1486,#1452,#237,.T.);
#1284=EDGE_CURVE('',#1487,#1463,#238,.T.);
#1285=EDGE_CURVE('',#1488,#1487,#239,.T.);
#1286=EDGE_CURVE('',#1488,#1471,#240,.T.);
#1287=EDGE_CURVE('',#1485,#1486,#241,.T.);
#1288=EDGE_CURVE('',#1489,#1489,#1599,.T.);
#1289=EDGE_CURVE('',#1490,#1490,#1600,.T.);
#1290=EDGE_CURVE('',#1491,#1491,#1601,.T.);
#1291=EDGE_CURVE('',#1492,#1492,#1602,.T.);
#1292=EDGE_CURVE('',#1493,#1493,#1603,.T.);
#1293=EDGE_CURVE('',#1494,#1494,#1604,.T.);
#1294=EDGE_CURVE('',#1488,#1447,#242,.T.);
#1295=EDGE_CURVE('',#1487,#1449,#243,.T.);
#1296=VERTEX_POINT('',#3689);
#1297=VERTEX_POINT('',#3691);
#1298=VERTEX_POINT('',#3694);
#1299=VERTEX_POINT('',#3697);
#1300=VERTEX_POINT('',#3702);
#1301=VERTEX_POINT('',#3704);
#1302=VERTEX_POINT('',#3706);
#1303=VERTEX_POINT('',#3708);
#1304=VERTEX_POINT('',#3709);
#1305=VERTEX_POINT('',#3711);
#1306=VERTEX_POINT('',#3713);
#1307=VERTEX_POINT('',#3715);
#1308=VERTEX_POINT('',#3717);
#1309=VERTEX_POINT('',#3719);
#1310=VERTEX_POINT('',#3721);
#1311=VERTEX_POINT('',#3723);
#1312=VERTEX_POINT('',#3725);
#1313=VERTEX_POINT('',#3728);
#1314=VERTEX_POINT('',#3731);
#1315=VERTEX_POINT('',#3733);
#1316=VERTEX_POINT('',#3737);
#1317=VERTEX_POINT('',#3738);
#1318=VERTEX_POINT('',#3743);
#1319=VERTEX_POINT('',#3745);
#1320=VERTEX_POINT('',#3749);
#1321=VERTEX_POINT('',#3750);
#1322=VERTEX_POINT('',#3755);
#1323=VERTEX_POINT('',#3759);
#1324=VERTEX_POINT('',#3763);
#1325=VERTEX_POINT('',#3771);
#1326=VERTEX_POINT('',#3775);
#1327=VERTEX_POINT('',#3779);
#1328=VERTEX_POINT('',#3783);
#1329=VERTEX_POINT('',#3790);
#1330=VERTEX_POINT('',#3798);
#1331=VERTEX_POINT('',#3799);
#1332=VERTEX_POINT('',#3801);
#1333=VERTEX_POINT('',#3803);
#1334=VERTEX_POINT('',#3807);
#1335=VERTEX_POINT('',#3808);
#1336=VERTEX_POINT('',#3810);
#1337=VERTEX_POINT('',#3812);
#1338=VERTEX_POINT('',#3816);
#1339=VERTEX_POINT('',#3817);
#1340=VERTEX_POINT('',#3819);
#1341=VERTEX_POINT('',#3821);
#1342=VERTEX_POINT('',#3825);
#1343=VERTEX_POINT('',#3826);
#1344=VERTEX_POINT('',#3828);
#1345=VERTEX_POINT('',#3830);
#1346=VERTEX_POINT('',#3837);
#1347=VERTEX_POINT('',#3839);
#1348=VERTEX_POINT('',#3842);
#1349=VERTEX_POINT('',#3845);
#1350=VERTEX_POINT('',#3849);
#1351=VERTEX_POINT('',#3852);
#1352=VERTEX_POINT('',#3860);
#1353=VERTEX_POINT('',#3862);
#1354=VERTEX_POINT('',#3866);
#1355=VERTEX_POINT('',#3869);
#1356=VERTEX_POINT('',#3872);
#1357=VERTEX_POINT('',#3877);
#1358=VERTEX_POINT('',#3880);
#1359=VERTEX_POINT('',#3883);
#1360=VERTEX_POINT('',#3886);
#1361=VERTEX_POINT('',#3889);
#1362=VERTEX_POINT('',#3892);
#1363=VERTEX_POINT('',#3895);
#1364=VERTEX_POINT('',#3898);
#1365=VERTEX_POINT('',#3899);
#1366=VERTEX_POINT('',#3901);
#1367=VERTEX_POINT('',#3903);
#1368=VERTEX_POINT('',#3907);
#1369=VERTEX_POINT('',#3909);
#1370=VERTEX_POINT('',#3913);
#1371=VERTEX_POINT('',#3914);
#1372=VERTEX_POINT('',#3921);
#1373=VERTEX_POINT('',#3922);
#1374=VERTEX_POINT('',#3924);
#1375=VERTEX_POINT('',#3926);
#1376=VERTEX_POINT('',#3930);
#1377=VERTEX_POINT('',#3931);
#1378=VERTEX_POINT('',#3936);
#1379=VERTEX_POINT('',#3940);
#1380=VERTEX_POINT('',#3944);
#1381=VERTEX_POINT('',#3946);
#1382=VERTEX_POINT('',#3949);
#1383=VERTEX_POINT('',#3952);
#1384=VERTEX_POINT('',#3954);
#1385=VERTEX_POINT('',#3955);
#1386=VERTEX_POINT('',#3957);
#1387=VERTEX_POINT('',#3959);
#1388=VERTEX_POINT('',#3963);
#1389=VERTEX_POINT('',#3964);
#1390=VERTEX_POINT('',#3966);
#1391=VERTEX_POINT('',#3968);
#1392=VERTEX_POINT('',#3972);
#1393=VERTEX_POINT('',#3974);
#1394=VERTEX_POINT('',#3976);
#1395=VERTEX_POINT('',#3978);
#1396=VERTEX_POINT('',#3980);
#1397=VERTEX_POINT('',#3982);
#1398=VERTEX_POINT('',#3984);
#1399=VERTEX_POINT('',#3987);
#1400=VERTEX_POINT('',#3989);
#1401=VERTEX_POINT('',#3992);
#1402=VERTEX_POINT('',#3994);
#1403=VERTEX_POINT('',#3997);
#1404=VERTEX_POINT('',#3998);
#1405=VERTEX_POINT('',#4004);
#1406=VERTEX_POINT('',#4006);
#1407=VERTEX_POINT('',#4008);
#1408=VERTEX_POINT('',#4010);
#1409=VERTEX_POINT('',#4020);
#1410=VERTEX_POINT('',#4022);
#1411=VERTEX_POINT('',#4027);
#1412=VERTEX_POINT('',#4029);
#1413=VERTEX_POINT('',#4032);
#1414=VERTEX_POINT('',#4034);
#1415=VERTEX_POINT('',#4037);
#1416=VERTEX_POINT('',#4039);
#1417=VERTEX_POINT('',#4041);
#1418=VERTEX_POINT('',#4043);
#1419=VERTEX_POINT('',#4045);
#1420=VERTEX_POINT('',#4047);
#1421=VERTEX_POINT('',#4050);
#1422=VERTEX_POINT('',#4052);
#1423=VERTEX_POINT('',#4056);
#1424=VERTEX_POINT('',#4058);
#1425=VERTEX_POINT('',#4064);
#1426=VERTEX_POINT('',#4066);
#1427=VERTEX_POINT('',#4070);
#1428=VERTEX_POINT('',#4072);
#1429=VERTEX_POINT('',#4088);
#1430=VERTEX_POINT('',#4091);
#1431=VERTEX_POINT('',#4094);
#1432=VERTEX_POINT('',#4097);
#1433=VERTEX_POINT('',#4100);
#1434=VERTEX_POINT('',#4103);
#1435=VERTEX_POINT('',#4110);
#1436=VERTEX_POINT('',#4113);
#1437=VERTEX_POINT('',#4114);
#1438=VERTEX_POINT('',#4118);
#1439=VERTEX_POINT('',#4119);
#1440=VERTEX_POINT('',#4123);
#1441=VERTEX_POINT('',#4124);
#1442=VERTEX_POINT('',#4129);
#1443=VERTEX_POINT('',#4130);
#1444=VERTEX_POINT('',#4138);
#1445=VERTEX_POINT('',#4159);
#1446=VERTEX_POINT('',#4161);
#1447=VERTEX_POINT('',#4163);
#1448=VERTEX_POINT('',#4164);
#1449=VERTEX_POINT('',#4166);
#1450=VERTEX_POINT('',#4168);
#1451=VERTEX_POINT('',#4170);
#1452=VERTEX_POINT('',#4172);
#1453=VERTEX_POINT('',#4174);
#1454=VERTEX_POINT('',#4176);
#1455=VERTEX_POINT('',#4180);
#1456=VERTEX_POINT('',#4182);
#1457=VERTEX_POINT('',#4185);
#1458=VERTEX_POINT('',#4187);
#1459=VERTEX_POINT('',#4190);
#1460=VERTEX_POINT('',#4192);
#1461=VERTEX_POINT('',#4195);
#1462=VERTEX_POINT('',#4197);
#1463=VERTEX_POINT('',#4200);
#1464=VERTEX_POINT('',#4202);
#1465=VERTEX_POINT('',#4205);
#1466=VERTEX_POINT('',#4206);
#1467=VERTEX_POINT('',#4208);
#1468=VERTEX_POINT('',#4210);
#1469=VERTEX_POINT('',#4212);
#1470=VERTEX_POINT('',#4214);
#1471=VERTEX_POINT('',#4217);
#1472=VERTEX_POINT('',#4219);
#1473=VERTEX_POINT('',#4223);
#1474=VERTEX_POINT('',#4225);
#1475=VERTEX_POINT('',#4229);
#1476=VERTEX_POINT('',#4233);
#1477=VERTEX_POINT('',#4235);
#1478=VERTEX_POINT('',#4239);
#1479=VERTEX_POINT('',#4246);
#1480=VERTEX_POINT('',#4249);
#1481=VERTEX_POINT('',#4252);
#1482=VERTEX_POINT('',#4253);
#1483=VERTEX_POINT('',#4259);
#1484=VERTEX_POINT('',#4260);
#1485=VERTEX_POINT('',#4266);
#1486=VERTEX_POINT('',#4270);
#1487=VERTEX_POINT('',#4274);
#1488=VERTEX_POINT('',#4276);
#1489=VERTEX_POINT('',#4280);
#1490=VERTEX_POINT('',#4282);
#1491=VERTEX_POINT('',#4286);
#1492=VERTEX_POINT('',#4290);
#1493=VERTEX_POINT('',#4294);
#1494=VERTEX_POINT('',#4298);
#1495=CIRCLE('',#2731,0.0325);
#1496=CIRCLE('',#2732,0.0325);
#1497=CIRCLE('',#2734,0.004);
#1498=CIRCLE('',#2736,0.004);
#1499=CIRCLE('',#2740,0.00175);
#1500=CIRCLE('',#2741,0.00175);
#1501=CIRCLE('',#2742,0.00175);
#1502=CIRCLE('',#2743,0.00175);
#1503=CIRCLE('',#2751,0.00889);
#1504=CIRCLE('',#2754,0.00175);
#1505=CIRCLE('',#2757,0.00175);
#1506=CIRCLE('',#2760,0.00175);
#1507=CIRCLE('',#2763,0.00175);
#1508=CIRCLE('',#2769,0.00889);
#1509=CIRCLE('',#2781,0.0005);
#1510=CIRCLE('',#2784,0.0005);
#1511=CIRCLE('',#2789,0.0005);
#1512=CIRCLE('',#2792,0.0005);
#1513=CIRCLE('',#2794,0.00135);
#1514=CIRCLE('',#2796,0.00135);
#1515=CIRCLE('',#2798,0.00135);
#1516=CIRCLE('',#2800,0.00135);
#1517=CIRCLE('',#2802,0.0005);
#1518=CIRCLE('',#2804,0.0005);
#1519=CIRCLE('',#2806,0.0005);
#1520=CIRCLE('',#2807,0.00475);
#1521=CIRCLE('',#2808,0.0005);
#1522=CIRCLE('',#2809,0.00375);
#1523=CIRCLE('',#2811,0.00475);
#1524=CIRCLE('',#2813,0.00375);
#1525=CIRCLE('',#2815,0.0005);
#1526=CIRCLE('',#2817,0.00475);
#1527=CIRCLE('',#2818,0.0005);
#1528=CIRCLE('',#2819,0.00375);
#1529=CIRCLE('',#2820,0.0005);
#1530=CIRCLE('',#2822,0.0005);
#1531=CIRCLE('',#2824,0.00375);
#1532=CIRCLE('',#2826,0.00475);
#1533=CIRCLE('',#2828,0.003225);
#1534=CIRCLE('',#2829,0.0032);
#1535=CIRCLE('',#2831,0.0029);
#1536=CIRCLE('',#2833,0.01165);
#1537=CIRCLE('',#2834,0.00145000000000038);
#1538=CIRCLE('',#2835,0.00145000000000038);
#1539=CIRCLE('',#2836,0.0005);
#1540=CIRCLE('',#2837,0.00145000000000038);
#1541=CIRCLE('',#2838,0.00145000000000038);
#1542=CIRCLE('',#2839,0.0005);
#1543=CIRCLE('',#2840,0.0005);
#1544=CIRCLE('',#2841,0.0005);
#1545=CIRCLE('',#2842,0.003225);
#1546=CIRCLE('',#2843,0.00135);
#1547=CIRCLE('',#2844,0.00135);
#1548=CIRCLE('',#2845,0.00135);
#1549=CIRCLE('',#2846,0.00135);
#1550=CIRCLE('',#2848,0.00275);
#1551=CIRCLE('',#2849,0.00135);
#1552=CIRCLE('',#2851,0.00275);
#1553=CIRCLE('',#2852,0.00135);
#1554=CIRCLE('',#2855,0.002);
#1555=CIRCLE('',#2857,0.002);
#1556=CIRCLE('',#2858,0.00315);
#1557=CIRCLE('',#2860,0.0017);
#1558=CIRCLE('',#2862,0.0121);
#1559=CIRCLE('',#2863,0.01165);
#1560=CIRCLE('',#2865,0.0121);
#1561=CIRCLE('',#2866,0.0125);
#1562=CIRCLE('',#2868,0.0125);
#1563=CIRCLE('',#2869,0.0035);
#1564=CIRCLE('',#2870,0.00125);
#1565=CIRCLE('',#2871,0.00125);
#1566=CIRCLE('',#2872,0.00275);
#1567=CIRCLE('',#2873,0.00275);
#1568=CIRCLE('',#2877,0.00145000000000038);
#1569=CIRCLE('',#2881,0.00145000000000038);
#1570=CIRCLE('',#2883,0.00145000000000038);
#1571=CIRCLE('',#2885,0.00145000000000038);
#1572=CIRCLE('',#2893,0.0125);
#1573=CIRCLE('',#2895,0.01235);
#1574=CIRCLE('',#2897,0.0125);
#1575=CIRCLE('',#2899,0.0125);
#1576=CIRCLE('',#2901,0.01235);
#1577=CIRCLE('',#2903,0.0125);
#1578=CIRCLE('',#2907,0.002);
#1579=CIRCLE('',#2909,0.0035);
#1580=CIRCLE('',#2911,0.00125);
#1581=CIRCLE('',#2914,0.00125);
#1582=CIRCLE('',#2917,0.00135);
#1583=CIRCLE('',#2921,0.00135);
#1584=CIRCLE('',#2928,0.0032);
#1585=CIRCLE('',#2948,0.01524);
#1586=CIRCLE('',#2949,0.01524);
#1587=CIRCLE('',#2951,0.004);
#1588=CIRCLE('',#2952,0.004);
#1589=CIRCLE('',#2954,0.004);
#1590=CIRCLE('',#2955,0.004);
#1591=CIRCLE('',#2957,0.004);
#1592=CIRCLE('',#2958,0.004);
#1593=CIRCLE('',#2960,0.004);
#1594=CIRCLE('',#2961,0.004);
#1595=CIRCLE('',#2969,0.01016);
#1596=CIRCLE('',#2971,0.01016);
#1597=CIRCLE('',#2973,0.01016);
#1598=CIRCLE('',#2977,0.01016);
#1599=CIRCLE('',#2983,0.01524);
#1600=CIRCLE('',#2984,0.01524);
#1601=CIRCLE('',#2987,0.01524);
#1602=CIRCLE('',#2990,0.01524);
#1603=CIRCLE('',#2993,0.01524);
#1604=CIRCLE('',#2996,0.01524);
#1605=EDGE_LOOP('',(#540));
#1606=EDGE_LOOP('',(#541));
#1607=EDGE_LOOP('',(#542));
#1608=EDGE_LOOP('',(#543));
#1609=EDGE_LOOP('',(#544));
#1610=EDGE_LOOP('',(#545));
#1611=EDGE_LOOP('',(#546));
#1612=EDGE_LOOP('',(#547));
#1613=EDGE_LOOP('',(#548));
#1614=EDGE_LOOP('',(#549));
#1615=EDGE_LOOP('',(#550));
#1616=EDGE_LOOP('',(#551,#552,#553,#554,#555,#556,#557,#558,#559,#560));
#1617=EDGE_LOOP('',(#561));
#1618=EDGE_LOOP('',(#562,#563,#564,#565));
#1619=EDGE_LOOP('',(#566,#567,#568,#569));
#1620=EDGE_LOOP('',(#570,#571,#572,#573));
#1621=EDGE_LOOP('',(#574,#575,#576,#577));
#1622=EDGE_LOOP('',(#578,#579,#580,#581));
#1623=EDGE_LOOP('',(#582,#583,#584,#585));
#1624=EDGE_LOOP('',(#586));
#1625=EDGE_LOOP('',(#587,#588,#589,#590));
#1626=EDGE_LOOP('',(#591,#592,#593,#594,#595,#596,#597,#598,#599,#600));
#1627=EDGE_LOOP('',(#601));
#1628=EDGE_LOOP('',(#602));
#1629=EDGE_LOOP('',(#603));
#1630=EDGE_LOOP('',(#604));
#1631=EDGE_LOOP('',(#605));
#1632=EDGE_LOOP('',(#606));
#1633=EDGE_LOOP('',(#607));
#1634=EDGE_LOOP('',(#608));
#1635=EDGE_LOOP('',(#609));
#1636=EDGE_LOOP('',(#610));
#1637=EDGE_LOOP('',(#611));
#1638=EDGE_LOOP('',(#612));
#1639=EDGE_LOOP('',(#613,#614,#615,#616));
#1640=EDGE_LOOP('',(#617,#618,#619,#620));
#1641=EDGE_LOOP('',(#621,#622,#623,#624));
#1642=EDGE_LOOP('',(#625));
#1643=EDGE_LOOP('',(#626));
#1644=EDGE_LOOP('',(#627));
#1645=EDGE_LOOP('',(#628,#629,#630,#631));
#1646=EDGE_LOOP('',(#632,#633,#634,#635));
#1647=EDGE_LOOP('',(#636,#637,#638,#639));
#1648=EDGE_LOOP('',(#640,#641,#642,#643));
#1649=EDGE_LOOP('',(#644,#645,#646,#647));
#1650=EDGE_LOOP('',(#648,#649,#650,#651,#652,#653));
#1651=EDGE_LOOP('',(#654));
#1652=EDGE_LOOP('',(#655,#656,#657,#658));
#1653=EDGE_LOOP('',(#659,#660,#661,#662,#663,#664));
#1654=EDGE_LOOP('',(#665));
#1655=EDGE_LOOP('',(#666,#667,#668,#669));
#1656=EDGE_LOOP('',(#670,#671,#672,#673));
#1657=EDGE_LOOP('',(#674,#675,#676,#677));
#1658=EDGE_LOOP('',(#678,#679,#680,#681,#682,#683));
#1659=EDGE_LOOP('',(#684));
#1660=EDGE_LOOP('',(#685,#686,#687,#688));
#1661=EDGE_LOOP('',(#689,#690,#691,#692,#693,#694));
#1662=EDGE_LOOP('',(#695));
#1663=EDGE_LOOP('',(#696));
#1664=EDGE_LOOP('',(#697));
#1665=EDGE_LOOP('',(#698));
#1666=EDGE_LOOP('',(#699));
#1667=EDGE_LOOP('',(#700));
#1668=EDGE_LOOP('',(#701));
#1669=EDGE_LOOP('',(#702,#703,#704,#705));
#1670=EDGE_LOOP('',(#706,#707,#708,#709));
#1671=EDGE_LOOP('',(#710,#711,#712,#713));
#1672=EDGE_LOOP('',(#714,#715,#716,#717));
#1673=EDGE_LOOP('',(#718,#719,#720,#721));
#1674=EDGE_LOOP('',(#722,#723,#724,#725));
#1675=EDGE_LOOP('',(#726,#727,#728,#729));
#1676=EDGE_LOOP('',(#730,#731,#732,#733));
#1677=EDGE_LOOP('',(#734));
#1678=EDGE_LOOP('',(#735));
#1679=EDGE_LOOP('',(#736));
#1680=EDGE_LOOP('',(#737));
#1681=EDGE_LOOP('',(#738,#739,#740,#741));
#1682=EDGE_LOOP('',(#742,#743,#744,#745));
#1683=EDGE_LOOP('',(#746,#747,#748,#749));
#1684=EDGE_LOOP('',(#750,#751,#752,#753));
#1685=EDGE_LOOP('',(#754));
#1686=EDGE_LOOP('',(#755));
#1687=EDGE_LOOP('',(#756));
#1688=EDGE_LOOP('',(#757));
#1689=EDGE_LOOP('',(#758));
#1690=EDGE_LOOP('',(#759));
#1691=EDGE_LOOP('',(#760));
#1692=EDGE_LOOP('',(#761));
#1693=EDGE_LOOP('',(#762));
#1694=EDGE_LOOP('',(#763));
#1695=EDGE_LOOP('',(#764));
#1696=EDGE_LOOP('',(#765,#766,#767,#768,#769,#770));
#1697=EDGE_LOOP('',(#771,#772));
#1698=EDGE_LOOP('',(#773));
#1699=EDGE_LOOP('',(#774));
#1700=EDGE_LOOP('',(#775,#776));
#1701=EDGE_LOOP('',(#777));
#1702=EDGE_LOOP('',(#778));
#1703=EDGE_LOOP('',(#779));
#1704=EDGE_LOOP('',(#780));
#1705=EDGE_LOOP('',(#781));
#1706=EDGE_LOOP('',(#782));
#1707=EDGE_LOOP('',(#783));
#1708=EDGE_LOOP('',(#784));
#1709=EDGE_LOOP('',(#785));
#1710=EDGE_LOOP('',(#786));
#1711=EDGE_LOOP('',(#787,#788,#789,#790));
#1712=EDGE_LOOP('',(#791,#792,#793,#794));
#1713=EDGE_LOOP('',(#795,#796,#797,#798));
#1714=EDGE_LOOP('',(#799,#800,#801,#802));
#1715=EDGE_LOOP('',(#803,#804,#805,#806));
#1716=EDGE_LOOP('',(#807,#808,#809,#810));
#1717=EDGE_LOOP('',(#811,#812,#813,#814));
#1718=EDGE_LOOP('',(#815,#816,#817,#818));
#1719=EDGE_LOOP('',(#819,#820,#821,#822));
#1720=EDGE_LOOP('',(#823,#824,#825,#826));
#1721=EDGE_LOOP('',(#827));
#1722=EDGE_LOOP('',(#828));
#1723=EDGE_LOOP('',(#829,#830,#831,#832));
#1724=EDGE_LOOP('',(#833));
#1725=EDGE_LOOP('',(#834));
#1726=EDGE_LOOP('',(#835));
#1727=EDGE_LOOP('',(#836));
#1728=EDGE_LOOP('',(#837));
#1729=EDGE_LOOP('',(#838));
#1730=EDGE_LOOP('',(#839,#840,#841,#842));
#1731=EDGE_LOOP('',(#843));
#1732=EDGE_LOOP('',(#844));
#1733=EDGE_LOOP('',(#845));
#1734=EDGE_LOOP('',(#846));
#1735=EDGE_LOOP('',(#847));
#1736=EDGE_LOOP('',(#848));
#1737=EDGE_LOOP('',(#849));
#1738=EDGE_LOOP('',(#850));
#1739=EDGE_LOOP('',(#851));
#1740=EDGE_LOOP('',(#852));
#1741=EDGE_LOOP('',(#853));
#1742=EDGE_LOOP('',(#854));
#1743=EDGE_LOOP('',(#855));
#1744=EDGE_LOOP('',(#856));
#1745=EDGE_LOOP('',(#857));
#1746=EDGE_LOOP('',(#858));
#1747=EDGE_LOOP('',(#859,#860,#861,#862));
#1748=EDGE_LOOP('',(#863));
#1749=EDGE_LOOP('',(#864));
#1750=EDGE_LOOP('',(#865));
#1751=EDGE_LOOP('',(#866));
#1752=EDGE_LOOP('',(#867));
#1753=EDGE_LOOP('',(#868));
#1754=EDGE_LOOP('',(#869));
#1755=EDGE_LOOP('',(#870));
#1756=EDGE_LOOP('',(#871));
#1757=EDGE_LOOP('',(#872));
#1758=EDGE_LOOP('',(#873));
#1759=EDGE_LOOP('',(#874));
#1760=EDGE_LOOP('',(#875));
#1761=EDGE_LOOP('',(#876));
#1762=EDGE_LOOP('',(#877));
#1763=EDGE_LOOP('',(#878));
#1764=EDGE_LOOP('',(#879));
#1765=EDGE_LOOP('',(#880));
#1766=EDGE_LOOP('',(#881));
#1767=EDGE_LOOP('',(#882,#883,#884,#885));
#1768=EDGE_LOOP('',(#886));
#1769=EDGE_LOOP('',(#887));
#1770=EDGE_LOOP('',(#888));
#1771=EDGE_LOOP('',(#889));
#1772=EDGE_LOOP('',(#890));
#1773=EDGE_LOOP('',(#891));
#1774=EDGE_LOOP('',(#892));
#1775=EDGE_LOOP('',(#893));
#1776=EDGE_LOOP('',(#894,#895,#896,#897));
#1777=EDGE_LOOP('',(#898,#899,#900,#901));
#1778=EDGE_LOOP('',(#902));
#1779=EDGE_LOOP('',(#903));
#1780=EDGE_LOOP('',(#904));
#1781=EDGE_LOOP('',(#905));
#1782=EDGE_LOOP('',(#906));
#1783=EDGE_LOOP('',(#907));
#1784=EDGE_LOOP('',(#908));
#1785=EDGE_LOOP('',(#909));
#1786=EDGE_LOOP('',(#910));
#1787=EDGE_LOOP('',(#911));
#1788=EDGE_LOOP('',(#912));
#1789=EDGE_LOOP('',(#913));
#1790=EDGE_LOOP('',(#914,#915,#916,#917,#918,#919,#920,#921));
#1791=EDGE_LOOP('',(#922));
#1792=EDGE_LOOP('',(#923));
#1793=EDGE_LOOP('',(#924));
#1794=EDGE_LOOP('',(#925));
#1795=EDGE_LOOP('',(#926));
#1796=EDGE_LOOP('',(#927));
#1797=EDGE_LOOP('',(#928));
#1798=EDGE_LOOP('',(#929));
#1799=EDGE_LOOP('',(#930,#931,#932,#933));
#1800=EDGE_LOOP('',(#934,#935,#936,#937,#938,#939));
#1801=EDGE_LOOP('',(#940,#941,#942,#943));
#1802=EDGE_LOOP('',(#944,#945,#946,#947));
#1803=EDGE_LOOP('',(#948));
#1804=EDGE_LOOP('',(#949));
#1805=EDGE_LOOP('',(#950,#951,#952,#953));
#1806=EDGE_LOOP('',(#954,#955,#956,#957));
#1807=EDGE_LOOP('',(#958));
#1808=EDGE_LOOP('',(#959));
#1809=EDGE_LOOP('',(#960,#961,#962,#963));
#1810=EDGE_LOOP('',(#964,#965,#966,#967,#968,#969));
#1811=EDGE_LOOP('',(#970));
#1812=EDGE_LOOP('',(#971,#972,#973,#974));
#1813=EDGE_LOOP('',(#975));
#1814=EDGE_LOOP('',(#976,#977,#978,#979));
#1815=EDGE_LOOP('',(#980,#981));
#1816=EDGE_LOOP('',(#982));
#1817=EDGE_LOOP('',(#983,#984));
#1818=EDGE_LOOP('',(#985,#986));
#1819=EDGE_LOOP('',(#987));
#1820=EDGE_LOOP('',(#988,#989));
#1821=EDGE_LOOP('',(#990,#991,#992,#993));
#1822=EDGE_LOOP('',(#994,#995));
#1823=EDGE_LOOP('',(#996,#997));
#1824=EDGE_LOOP('',(#998,#999,#1000,#1001));
#1825=EDGE_LOOP('',(#1002,#1003,#1004,#1005,#1006,#1007,#1008,#1009));
#1826=EDGE_LOOP('',(#1010));
#1827=EDGE_LOOP('',(#1011));
#1828=EDGE_LOOP('',(#1012,#1013,#1014,#1015));
#1829=EDGE_LOOP('',(#1016));
#1830=EDGE_LOOP('',(#1017));
#1831=EDGE_LOOP('',(#1018));
#1832=EDGE_LOOP('',(#1019));
#1833=EDGE_LOOP('',(#1020));
#1834=EDGE_LOOP('',(#1021));
#1835=EDGE_LOOP('',(#1022));
#1836=EDGE_LOOP('',(#1023));
#1837=EDGE_LOOP('',(#1024));
#1838=EDGE_LOOP('',(#1025));
#1839=EDGE_LOOP('',(#1026));
#1840=EDGE_LOOP('',(#1027));
#1841=EDGE_LOOP('',(#1028));
#1842=EDGE_LOOP('',(#1029));
#1843=EDGE_LOOP('',(#1030));
#1844=EDGE_LOOP('',(#1031));
#1845=EDGE_LOOP('',(#1032,#1033,#1034,#1035));
#1846=EDGE_LOOP('',(#1036,#1037,#1038,#1039));
#1847=EDGE_LOOP('',(#1040,#1041,#1042,#1043));
#1848=FACE_BOUND('',#1605,.T.);
#1849=FACE_BOUND('',#1606,.T.);
#1850=FACE_BOUND('',#1607,.T.);
#1851=FACE_BOUND('',#1608,.T.);
#1852=FACE_BOUND('',#1609,.T.);
#1853=FACE_BOUND('',#1610,.T.);
#1854=FACE_BOUND('',#1611,.T.);
#1855=FACE_BOUND('',#1612,.T.);
#1856=FACE_BOUND('',#1613,.T.);
#1857=FACE_BOUND('',#1614,.T.);
#1858=FACE_BOUND('',#1615,.T.);
#1859=FACE_BOUND('',#1616,.T.);
#1860=FACE_BOUND('',#1617,.T.);
#1861=FACE_BOUND('',#1618,.T.);
#1862=FACE_BOUND('',#1619,.T.);
#1863=FACE_BOUND('',#1620,.T.);
#1864=FACE_BOUND('',#1621,.T.);
#1865=FACE_BOUND('',#1622,.T.);
#1866=FACE_BOUND('',#1623,.T.);
#1867=FACE_BOUND('',#1624,.T.);
#1868=FACE_BOUND('',#1625,.T.);
#1869=FACE_BOUND('',#1626,.T.);
#1870=FACE_BOUND('',#1627,.T.);
#1871=FACE_BOUND('',#1628,.T.);
#1872=FACE_BOUND('',#1629,.T.);
#1873=FACE_BOUND('',#1630,.T.);
#1874=FACE_BOUND('',#1631,.T.);
#1875=FACE_BOUND('',#1632,.T.);
#1876=FACE_BOUND('',#1633,.T.);
#1877=FACE_BOUND('',#1634,.T.);
#1878=FACE_BOUND('',#1635,.T.);
#1879=FACE_BOUND('',#1636,.T.);
#1880=FACE_BOUND('',#1637,.T.);
#1881=FACE_BOUND('',#1638,.T.);
#1882=FACE_BOUND('',#1639,.T.);
#1883=FACE_BOUND('',#1640,.T.);
#1884=FACE_BOUND('',#1641,.T.);
#1885=FACE_BOUND('',#1642,.T.);
#1886=FACE_BOUND('',#1643,.T.);
#1887=FACE_BOUND('',#1644,.T.);
#1888=FACE_BOUND('',#1645,.T.);
#1889=FACE_BOUND('',#1646,.T.);
#1890=FACE_BOUND('',#1647,.T.);
#1891=FACE_BOUND('',#1648,.T.);
#1892=FACE_BOUND('',#1649,.T.);
#1893=FACE_BOUND('',#1650,.T.);
#1894=FACE_BOUND('',#1651,.T.);
#1895=FACE_BOUND('',#1652,.T.);
#1896=FACE_BOUND('',#1653,.T.);
#1897=FACE_BOUND('',#1654,.T.);
#1898=FACE_BOUND('',#1655,.T.);
#1899=FACE_BOUND('',#1656,.T.);
#1900=FACE_BOUND('',#1657,.T.);
#1901=FACE_BOUND('',#1658,.T.);
#1902=FACE_BOUND('',#1659,.T.);
#1903=FACE_BOUND('',#1660,.T.);
#1904=FACE_BOUND('',#1661,.T.);
#1905=FACE_BOUND('',#1662,.T.);
#1906=FACE_BOUND('',#1663,.T.);
#1907=FACE_BOUND('',#1664,.T.);
#1908=FACE_BOUND('',#1665,.T.);
#1909=FACE_BOUND('',#1666,.T.);
#1910=FACE_BOUND('',#1667,.T.);
#1911=FACE_BOUND('',#1668,.T.);
#1912=FACE_BOUND('',#1669,.T.);
#1913=FACE_BOUND('',#1670,.T.);
#1914=FACE_BOUND('',#1671,.T.);
#1915=FACE_BOUND('',#1672,.T.);
#1916=FACE_BOUND('',#1673,.T.);
#1917=FACE_BOUND('',#1674,.T.);
#1918=FACE_BOUND('',#1675,.T.);
#1919=FACE_BOUND('',#1676,.T.);
#1920=FACE_BOUND('',#1677,.T.);
#1921=FACE_BOUND('',#1678,.T.);
#1922=FACE_BOUND('',#1679,.T.);
#1923=FACE_BOUND('',#1680,.T.);
#1924=FACE_BOUND('',#1681,.T.);
#1925=FACE_BOUND('',#1682,.T.);
#1926=FACE_BOUND('',#1683,.T.);
#1927=FACE_BOUND('',#1684,.T.);
#1928=FACE_BOUND('',#1685,.T.);
#1929=FACE_BOUND('',#1686,.T.);
#1930=FACE_BOUND('',#1687,.T.);
#1931=FACE_BOUND('',#1688,.T.);
#1932=FACE_BOUND('',#1689,.T.);
#1933=FACE_BOUND('',#1690,.T.);
#1934=FACE_BOUND('',#1691,.T.);
#1935=FACE_BOUND('',#1692,.T.);
#1936=FACE_BOUND('',#1693,.T.);
#1937=FACE_BOUND('',#1694,.T.);
#1938=FACE_BOUND('',#1695,.T.);
#1939=FACE_BOUND('',#1696,.T.);
#1940=FACE_BOUND('',#1697,.T.);
#1941=FACE_BOUND('',#1698,.T.);
#1942=FACE_BOUND('',#1699,.T.);
#1943=FACE_BOUND('',#1700,.T.);
#1944=FACE_BOUND('',#1701,.T.);
#1945=FACE_BOUND('',#1702,.T.);
#1946=FACE_BOUND('',#1703,.T.);
#1947=FACE_BOUND('',#1704,.T.);
#1948=FACE_BOUND('',#1705,.T.);
#1949=FACE_BOUND('',#1706,.T.);
#1950=FACE_BOUND('',#1707,.T.);
#1951=FACE_BOUND('',#1708,.T.);
#1952=FACE_BOUND('',#1709,.T.);
#1953=FACE_BOUND('',#1710,.T.);
#1954=FACE_BOUND('',#1711,.T.);
#1955=FACE_BOUND('',#1712,.T.);
#1956=FACE_BOUND('',#1713,.T.);
#1957=FACE_BOUND('',#1714,.T.);
#1958=FACE_BOUND('',#1715,.T.);
#1959=FACE_BOUND('',#1716,.T.);
#1960=FACE_BOUND('',#1717,.T.);
#1961=FACE_BOUND('',#1718,.T.);
#1962=FACE_BOUND('',#1719,.T.);
#1963=FACE_BOUND('',#1720,.T.);
#1964=FACE_BOUND('',#1721,.T.);
#1965=FACE_BOUND('',#1722,.T.);
#1966=FACE_BOUND('',#1723,.T.);
#1967=FACE_BOUND('',#1724,.T.);
#1968=FACE_BOUND('',#1725,.T.);
#1969=FACE_BOUND('',#1726,.T.);
#1970=FACE_BOUND('',#1727,.T.);
#1971=FACE_BOUND('',#1728,.T.);
#1972=FACE_BOUND('',#1729,.T.);
#1973=FACE_BOUND('',#1730,.T.);
#1974=FACE_BOUND('',#1731,.T.);
#1975=FACE_BOUND('',#1732,.T.);
#1976=FACE_BOUND('',#1733,.T.);
#1977=FACE_BOUND('',#1734,.T.);
#1978=FACE_BOUND('',#1735,.T.);
#1979=FACE_BOUND('',#1736,.T.);
#1980=FACE_BOUND('',#1737,.T.);
#1981=FACE_BOUND('',#1738,.T.);
#1982=FACE_BOUND('',#1739,.T.);
#1983=FACE_BOUND('',#1740,.T.);
#1984=FACE_BOUND('',#1741,.T.);
#1985=FACE_BOUND('',#1742,.T.);
#1986=FACE_BOUND('',#1743,.T.);
#1987=FACE_BOUND('',#1744,.T.);
#1988=FACE_BOUND('',#1745,.T.);
#1989=FACE_BOUND('',#1746,.T.);
#1990=FACE_BOUND('',#1747,.T.);
#1991=FACE_BOUND('',#1748,.T.);
#1992=FACE_BOUND('',#1749,.T.);
#1993=FACE_BOUND('',#1750,.T.);
#1994=FACE_BOUND('',#1751,.T.);
#1995=FACE_BOUND('',#14,.T.);
#1996=FACE_BOUND('',#1752,.T.);
#1997=FACE_BOUND('',#1753,.T.);
#1998=FACE_BOUND('',#1754,.T.);
#1999=FACE_BOUND('',#15,.T.);
#2000=FACE_BOUND('',#1755,.T.);
#2001=FACE_BOUND('',#1756,.T.);
#2002=FACE_BOUND('',#1757,.T.);
#2003=FACE_BOUND('',#16,.T.);
#2004=FACE_BOUND('',#1758,.T.);
#2005=FACE_BOUND('',#1759,.T.);
#2006=FACE_BOUND('',#1760,.T.);
#2007=FACE_BOUND('',#1761,.T.);
#2008=FACE_BOUND('',#1762,.T.);
#2009=FACE_BOUND('',#17,.T.);
#2010=FACE_BOUND('',#1763,.T.);
#2011=FACE_BOUND('',#1764,.T.);
#2012=FACE_BOUND('',#1765,.T.);
#2013=FACE_BOUND('',#1766,.T.);
#2014=FACE_BOUND('',#1767,.T.);
#2015=FACE_BOUND('',#1768,.T.);
#2016=FACE_BOUND('',#1769,.T.);
#2017=FACE_BOUND('',#1770,.T.);
#2018=FACE_BOUND('',#1771,.T.);
#2019=FACE_BOUND('',#1772,.T.);
#2020=FACE_BOUND('',#1773,.T.);
#2021=FACE_BOUND('',#1774,.T.);
#2022=FACE_BOUND('',#1775,.T.);
#2023=FACE_BOUND('',#1776,.T.);
#2024=FACE_BOUND('',#1777,.T.);
#2025=FACE_BOUND('',#1778,.T.);
#2026=FACE_BOUND('',#1779,.T.);
#2027=FACE_BOUND('',#1780,.T.);
#2028=FACE_BOUND('',#1781,.T.);
#2029=FACE_BOUND('',#1782,.T.);
#2030=FACE_BOUND('',#1783,.T.);
#2031=FACE_BOUND('',#1784,.T.);
#2032=FACE_BOUND('',#1785,.T.);
#2033=FACE_BOUND('',#1786,.T.);
#2034=FACE_BOUND('',#1787,.T.);
#2035=FACE_BOUND('',#1788,.T.);
#2036=FACE_BOUND('',#1789,.T.);
#2037=FACE_BOUND('',#1790,.T.);
#2038=FACE_BOUND('',#1791,.T.);
#2039=FACE_BOUND('',#1792,.T.);
#2040=FACE_BOUND('',#1793,.T.);
#2041=FACE_BOUND('',#1794,.T.);
#2042=FACE_BOUND('',#1795,.T.);
#2043=FACE_BOUND('',#1796,.T.);
#2044=FACE_BOUND('',#1797,.T.);
#2045=FACE_BOUND('',#1798,.T.);
#2046=FACE_BOUND('',#1799,.T.);
#2047=FACE_BOUND('',#1800,.T.);
#2048=FACE_BOUND('',#1801,.T.);
#2049=FACE_BOUND('',#1802,.T.);
#2050=FACE_BOUND('',#1803,.T.);
#2051=FACE_BOUND('',#1804,.T.);
#2052=FACE_BOUND('',#1805,.T.);
#2053=FACE_BOUND('',#1806,.T.);
#2054=FACE_BOUND('',#1807,.T.);
#2055=FACE_BOUND('',#1808,.T.);
#2056=FACE_BOUND('',#1809,.T.);
#2057=FACE_BOUND('',#1810,.T.);
#2058=FACE_BOUND('',#1811,.T.);
#2059=FACE_BOUND('',#1812,.T.);
#2060=FACE_BOUND('',#1813,.T.);
#2061=FACE_BOUND('',#1814,.T.);
#2062=FACE_BOUND('',#1815,.T.);
#2063=FACE_BOUND('',#1816,.T.);
#2064=FACE_BOUND('',#1817,.T.);
#2065=FACE_BOUND('',#1818,.T.);
#2066=FACE_BOUND('',#1819,.T.);
#2067=FACE_BOUND('',#1820,.T.);
#2068=FACE_BOUND('',#1821,.T.);
#2069=FACE_BOUND('',#1822,.T.);
#2070=FACE_BOUND('',#1823,.T.);
#2071=FACE_BOUND('',#1824,.T.);
#2072=FACE_BOUND('',#1825,.T.);
#2073=FACE_BOUND('',#1826,.T.);
#2074=FACE_BOUND('',#1827,.T.);
#2075=FACE_BOUND('',#1828,.T.);
#2076=FACE_BOUND('',#1829,.T.);
#2077=FACE_BOUND('',#1830,.T.);
#2078=FACE_BOUND('',#1831,.T.);
#2079=FACE_BOUND('',#1832,.T.);
#2080=FACE_BOUND('',#1833,.T.);
#2081=FACE_BOUND('',#1834,.T.);
#2082=FACE_BOUND('',#1835,.T.);
#2083=FACE_BOUND('',#1836,.T.);
#2084=FACE_BOUND('',#1837,.T.);
#2085=FACE_BOUND('',#1838,.T.);
#2086=FACE_BOUND('',#1839,.T.);
#2087=FACE_BOUND('',#1840,.T.);
#2088=FACE_BOUND('',#1841,.T.);
#2089=FACE_BOUND('',#1842,.T.);
#2090=FACE_BOUND('',#1843,.T.);
#2091=FACE_BOUND('',#1844,.T.);
#2092=FACE_BOUND('',#1845,.T.);
#2093=FACE_BOUND('',#1846,.T.);
#2094=FACE_BOUND('',#1847,.T.);
#2095=CYLINDRICAL_SURFACE('',#2730,0.0325);
#2096=CYLINDRICAL_SURFACE('',#2737,0.004);
#2097=CYLINDRICAL_SURFACE('',#2753,0.00175);
#2098=CYLINDRICAL_SURFACE('',#2756,0.00175);
#2099=CYLINDRICAL_SURFACE('',#2759,0.00175);
#2100=CYLINDRICAL_SURFACE('',#2762,0.00175);
#2101=CYLINDRICAL_SURFACE('',#2768,0.00889);
#2102=CYLINDRICAL_SURFACE('',#2810,0.00475);
#2103=CYLINDRICAL_SURFACE('',#2812,0.00375);
#2104=CYLINDRICAL_SURFACE('',#2814,0.0005);
#2105=CYLINDRICAL_SURFACE('',#2821,0.0005);
#2106=CYLINDRICAL_SURFACE('',#2823,0.00375);
#2107=CYLINDRICAL_SURFACE('',#2825,0.00475);
#2108=CYLINDRICAL_SURFACE('',#2876,0.00145000000000038);
#2109=CYLINDRICAL_SURFACE('',#2880,0.00145000000000038);
#2110=CYLINDRICAL_SURFACE('',#2886,0.00135);
#2111=CYLINDRICAL_SURFACE('',#2887,0.00145000000000038);
#2112=CYLINDRICAL_SURFACE('',#2888,0.00135);
#2113=CYLINDRICAL_SURFACE('',#2889,0.00135);
#2114=CYLINDRICAL_SURFACE('',#2890,0.00135);
#2115=CYLINDRICAL_SURFACE('',#2891,0.00145000000000038);
#2116=CYLINDRICAL_SURFACE('',#2892,0.0125);
#2117=CYLINDRICAL_SURFACE('',#2898,0.0125);
#2118=CYLINDRICAL_SURFACE('',#2904,0.0125);
#2119=CYLINDRICAL_SURFACE('',#2905,0.0121);
#2120=CYLINDRICAL_SURFACE('',#2906,0.002);
#2121=CYLINDRICAL_SURFACE('',#2908,0.0035);
#2122=CYLINDRICAL_SURFACE('',#2912,0.00125);
#2123=CYLINDRICAL_SURFACE('',#2915,0.00125);
#2124=CYLINDRICAL_SURFACE('',#2918,0.00135);
#2125=CYLINDRICAL_SURFACE('',#2919,0.00275);
#2126=CYLINDRICAL_SURFACE('',#2922,0.00135);
#2127=CYLINDRICAL_SURFACE('',#2923,0.00275);
#2128=CYLINDRICAL_SURFACE('',#2925,0.01165);
#2129=CYLINDRICAL_SURFACE('',#2926,0.003225);
#2130=CYLINDRICAL_SURFACE('',#2929,0.0032);
#2131=CYLINDRICAL_SURFACE('',#2930,0.0005);
#2132=CYLINDRICAL_SURFACE('',#2931,0.0005);
#2133=CYLINDRICAL_SURFACE('',#2932,0.0005);
#2134=CYLINDRICAL_SURFACE('',#2933,0.0005);
#2135=CYLINDRICAL_SURFACE('',#2935,0.0005);
#2136=CYLINDRICAL_SURFACE('',#2936,0.0005);
#2137=CYLINDRICAL_SURFACE('',#2950,0.004);
#2138=CYLINDRICAL_SURFACE('',#2953,0.004);
#2139=CYLINDRICAL_SURFACE('',#2956,0.004);
#2140=CYLINDRICAL_SURFACE('',#2959,0.004);
#2141=CYLINDRICAL_SURFACE('',#2972,0.01016);
#2142=CYLINDRICAL_SURFACE('',#2976,0.01016);
#2143=CYLINDRICAL_SURFACE('',#2988,0.01524);
#2144=CYLINDRICAL_SURFACE('',#2991,0.01524);
#2145=CYLINDRICAL_SURFACE('',#2994,0.01524);
#2146=CYLINDRICAL_SURFACE('',#2997,0.01524);
#2147=ADVANCED_FACE('',(#1848,#1849),#2095,.T.);
#2148=ADVANCED_FACE('',(#1850,#1851),#459,.T.);
#2149=ADVANCED_FACE('',(#1852,#1853),#460,.F.);
#2150=ADVANCED_FACE('',(#1854,#1855),#2096,.F.);
#2151=ADVANCED_FACE('',(#1856,#1857,#1858,#1859,#1860),#461,.F.);
#2152=ADVANCED_FACE('',(#1861),#462,.F.);
#2153=ADVANCED_FACE('',(#1862),#463,.F.);
#2154=ADVANCED_FACE('',(#1863),#464,.F.);
#2155=ADVANCED_FACE('',(#1864),#465,.F.);
#2156=ADVANCED_FACE('',(#1865),#466,.F.);
#2157=ADVANCED_FACE('',(#1866),#467,.T.);
#2158=ADVANCED_FACE('',(#1867,#1868),#468,.F.);
#2159=ADVANCED_FACE('',(#1869),#469,.T.);
#2160=ADVANCED_FACE('',(#1870,#1871),#2097,.F.);
#2161=ADVANCED_FACE('',(#1872),#470,.T.);
#2162=ADVANCED_FACE('',(#1873,#1874),#2098,.F.);
#2163=ADVANCED_FACE('',(#1875),#471,.T.);
#2164=ADVANCED_FACE('',(#1876,#1877),#2099,.F.);
#2165=ADVANCED_FACE('',(#1878),#472,.T.);
#2166=ADVANCED_FACE('',(#1879,#1880),#2100,.F.);
#2167=ADVANCED_FACE('',(#1881),#473,.T.);
#2168=ADVANCED_FACE('',(#1882),#474,.F.);
#2169=ADVANCED_FACE('',(#1883),#475,.F.);
#2170=ADVANCED_FACE('',(#1884),#476,.F.);
#2171=ADVANCED_FACE('',(#1885,#1886),#2101,.T.);
#2172=ADVANCED_FACE('',(#1887),#477,.T.);
#2173=ADVANCED_FACE('',(#1888),#478,.T.);
#2174=ADVANCED_FACE('',(#1889),#479,.T.);
#2175=ADVANCED_FACE('',(#1890),#480,.F.);
#2176=ADVANCED_FACE('',(#1891),#481,.F.);
#2177=ADVANCED_FACE('',(#1892),#482,.F.);
#2178=ADVANCED_FACE('',(#1893,#1894),#483,.F.);
#2179=ADVANCED_FACE('',(#1895),#484,.F.);
#2180=ADVANCED_FACE('',(#1896,#1897),#485,.F.);
#2181=ADVANCED_FACE('',(#1898),#486,.F.);
#2182=ADVANCED_FACE('',(#1899),#487,.F.);
#2183=ADVANCED_FACE('',(#1900),#488,.F.);
#2184=ADVANCED_FACE('',(#1901,#1902),#489,.F.);
#2185=ADVANCED_FACE('',(#1903),#490,.F.);
#2186=ADVANCED_FACE('',(#1904,#1905),#491,.F.);
#2187=ADVANCED_FACE('',(#1906),#492,.T.);
#2188=ADVANCED_FACE('',(#1907),#493,.T.);
#2189=ADVANCED_FACE('',(#1908),#494,.T.);
#2190=ADVANCED_FACE('',(#1909),#495,.T.);
#2191=ADVANCED_FACE('',(#1910),#496,.T.);
#2192=ADVANCED_FACE('',(#1911),#497,.T.);
#2193=ADVANCED_FACE('',(#1912),#498,.T.);
#2194=ADVANCED_FACE('',(#1913),#2102,.F.);
#2195=ADVANCED_FACE('',(#1914),#2103,.T.);
#2196=ADVANCED_FACE('',(#1915),#2104,.F.);
#2197=ADVANCED_FACE('',(#1916),#499,.T.);
#2198=ADVANCED_FACE('',(#1917),#2105,.F.);
#2199=ADVANCED_FACE('',(#1918),#2106,.T.);
#2200=ADVANCED_FACE('',(#1919),#2107,.F.);
#2201=ADVANCED_FACE('',(#1920,#1921),#500,.F.);
#2202=ADVANCED_FACE('',(#1922),#501,.F.);
#2203=ADVANCED_FACE('',(#1923,#1924,#1925,#1926,#1927,#1928,#1929,#1930,
#1931,#1932,#1933,#1934),#502,.T.);
#2204=ADVANCED_FACE('',(#1935,#1936),#503,.F.);
#2205=ADVANCED_FACE('',(#1937,#1938),#504,.F.);
#2206=ADVANCED_FACE('',(#1939),#505,.F.);
#2207=ADVANCED_FACE('',(#1940),#506,.T.);
#2208=ADVANCED_FACE('',(#1941,#1942),#507,.F.);
#2209=ADVANCED_FACE('',(#1943),#508,.F.);
#2210=ADVANCED_FACE('',(#1944,#1945),#509,.F.);
#2211=ADVANCED_FACE('',(#1946,#1947),#510,.F.);
#2212=ADVANCED_FACE('',(#1948,#1949,#1950,#1951,#1952,#1953),#511,.F.);
#2213=ADVANCED_FACE('',(#1954),#512,.T.);
#2214=ADVANCED_FACE('',(#1955),#513,.T.);
#2215=ADVANCED_FACE('',(#1956),#2108,.T.);
#2216=ADVANCED_FACE('',(#1957),#514,.T.);
#2217=ADVANCED_FACE('',(#1958),#515,.T.);
#2218=ADVANCED_FACE('',(#1959),#2109,.T.);
#2219=ADVANCED_FACE('',(#1960,#1961),#516,.T.);
#2220=ADVANCED_FACE('',(#1962,#1963),#517,.T.);
#2221=ADVANCED_FACE('',(#1964,#1965),#2110,.T.);
#2222=ADVANCED_FACE('',(#1966),#2111,.T.);
#2223=ADVANCED_FACE('',(#1967,#1968),#2112,.T.);
#2224=ADVANCED_FACE('',(#1969,#1970),#2113,.T.);
#2225=ADVANCED_FACE('',(#1971,#1972),#2114,.T.);
#2226=ADVANCED_FACE('',(#1973),#2115,.T.);
#2227=ADVANCED_FACE('',(#1974,#1975),#2116,.T.);
#2228=ADVANCED_FACE('',(#1976,#1977),#18,.T.);
#2229=ADVANCED_FACE('',(#1978,#1979),#19,.T.);
#2230=ADVANCED_FACE('',(#1980,#1981),#2117,.T.);
#2231=ADVANCED_FACE('',(#1982,#1983),#20,.T.);
#2232=ADVANCED_FACE('',(#1984,#1985),#21,.T.);
#2233=ADVANCED_FACE('',(#1986,#1987),#2118,.T.);
#2234=ADVANCED_FACE('',(#1988,#1989),#2119,.T.);
#2235=ADVANCED_FACE('',(#1990,#1991),#2120,.T.);
#2236=ADVANCED_FACE('',(#1992,#1993),#2121,.T.);
#2237=ADVANCED_FACE('',(#1994,#1995),#22,.F.);
#2238=ADVANCED_FACE('',(#1996,#1997),#2122,.F.);
#2239=ADVANCED_FACE('',(#1998,#1999),#23,.F.);
#2240=ADVANCED_FACE('',(#2000,#2001),#2123,.F.);
#2241=ADVANCED_FACE('',(#2002,#2003),#24,.F.);
#2242=ADVANCED_FACE('',(#2004,#2005),#2124,.F.);
#2243=ADVANCED_FACE('',(#2006,#2007),#2125,.F.);
#2244=ADVANCED_FACE('',(#2008,#2009),#25,.F.);
#2245=ADVANCED_FACE('',(#2010,#2011),#2126,.F.);
#2246=ADVANCED_FACE('',(#2012,#2013),#2127,.F.);
#2247=ADVANCED_FACE('',(#2014),#12,.T.);
#2248=ADVANCED_FACE('',(#2015,#2016),#2128,.F.);
#2249=ADVANCED_FACE('',(#2017,#2018),#2129,.T.);
#2250=ADVANCED_FACE('',(#2019,#2020),#13,.T.);
#2251=ADVANCED_FACE('',(#2021,#2022),#2130,.T.);
#2252=ADVANCED_FACE('',(#2023),#2131,.F.);
#2253=ADVANCED_FACE('',(#2024),#2132,.F.);
#2254=ADVANCED_FACE('',(#2025,#2026),#2133,.F.);
#2255=ADVANCED_FACE('',(#2027,#2028),#2134,.F.);
#2256=ADVANCED_FACE('',(#2029,#2030),#26,.T.);
#2257=ADVANCED_FACE('',(#2031,#2032),#2135,.F.);
#2258=ADVANCED_FACE('',(#2033,#2034),#2136,.F.);
#2259=ADVANCED_FACE('',(#2035,#2036,#2037),#518,.F.);
#2260=ADVANCED_FACE('',(#2038,#2039),#2137,.F.);
#2261=ADVANCED_FACE('',(#2040,#2041),#2138,.F.);
#2262=ADVANCED_FACE('',(#2042,#2043),#2139,.F.);
#2263=ADVANCED_FACE('',(#2044,#2045),#2140,.F.);
#2264=ADVANCED_FACE('',(#2046,#2047,#2048),#519,.F.);
#2265=ADVANCED_FACE('',(#2049),#520,.T.);
#2266=ADVANCED_FACE('',(#2050,#2051,#2052),#521,.F.);
#2267=ADVANCED_FACE('',(#2053),#522,.F.);
#2268=ADVANCED_FACE('',(#2054,#2055,#2056),#523,.T.);
#2269=ADVANCED_FACE('',(#2057),#524,.T.);
#2270=ADVANCED_FACE('',(#2058,#2059),#525,.T.);
#2271=ADVANCED_FACE('',(#2060,#2061),#526,.F.);
#2272=ADVANCED_FACE('',(#2062,#2063),#2141,.F.);
#2273=ADVANCED_FACE('',(#2064),#527,.T.);
#2274=ADVANCED_FACE('',(#2065,#2066),#2142,.F.);
#2275=ADVANCED_FACE('',(#2067),#528,.T.);
#2276=ADVANCED_FACE('',(#2068,#2069,#2070),#529,.F.);
#2277=ADVANCED_FACE('',(#2071),#530,.T.);
#2278=ADVANCED_FACE('',(#2072,#2073,#2074),#531,.T.);
#2279=ADVANCED_FACE('',(#2075),#532,.T.);
#2280=ADVANCED_FACE('',(#2076,#2077),#533,.T.);
#2281=ADVANCED_FACE('',(#2078,#2079),#2143,.F.);
#2282=ADVANCED_FACE('',(#2080,#2081),#534,.T.);
#2283=ADVANCED_FACE('',(#2082,#2083),#2144,.F.);
#2284=ADVANCED_FACE('',(#2084,#2085),#535,.T.);
#2285=ADVANCED_FACE('',(#2086,#2087),#2145,.F.);
#2286=ADVANCED_FACE('',(#2088,#2089),#536,.T.);
#2287=ADVANCED_FACE('',(#2090,#2091),#2146,.F.);
#2288=ADVANCED_FACE('',(#2092),#537,.T.);
#2289=ADVANCED_FACE('',(#2093),#538,.F.);
#2290=ADVANCED_FACE('',(#2094),#539,.F.);
#2291=CLOSED_SHELL('',(#2147,#2148,#2149,#2150));
#2292=CLOSED_SHELL('',(#2151,#2152,#2153,#2154,#2155,#2156,#2157,#2158,
#2159,#2160,#2161,#2162,#2163,#2164,#2165,#2166,#2167,#2168,#2169,#2170,
#2171,#2172));
#2293=CLOSED_SHELL('',(#2173,#2174,#2175,#2176,#2177,#2178,#2179,#2180,
#2181,#2182,#2183,#2184,#2185,#2186,#2187,#2188,#2189,#2190,#2191,#2192,
#2193,#2194,#2195,#2196,#2197,#2198,#2199,#2200,#2201,#2202,#2203,#2204,
#2205,#2206,#2207,#2208,#2209,#2210,#2211,#2212,#2213,#2214,#2215,#2216,
#2217,#2218,#2219,#2220,#2221,#2222,#2223,#2224,#2225,#2226,#2227,#2228,
#2229,#2230,#2231,#2232,#2233,#2234,#2235,#2236,#2237,#2238,#2239,#2240,
#2241,#2242,#2243,#2244,#2245,#2246,#2247,#2248,#2249,#2250,#2251,#2252,
#2253,#2254,#2255,#2256,#2257,#2258));
#2294=CLOSED_SHELL('',(#2259,#2260,#2261,#2262,#2263,#2264,#2265,#2266,
#2267,#2268,#2269,#2270,#2271,#2272,#2273,#2274,#2275,#2276,#2277,#2278,
#2279,#2280,#2281,#2282,#2283,#2284,#2285,#2286,#2287,#2288,#2289,#2290));
#2295=STYLED_ITEM('',(#2304),#2705);
#2296=STYLED_ITEM('',(#2305),#2706);
#2297=STYLED_ITEM('',(#2306),#101);
#2298=STYLED_ITEM('',(#2307),#102);
#2299=STYLED_ITEM('',(#2308),#2707);
#2300=STYLED_ITEM('',(#2365),#103);
#2301=STYLED_ITEM('',(#2366),#104);
#2302=STYLED_ITEM('',(#2367),#105);
#2303=STYLED_ITEM('',(#2368),#2708);
#2304=PRESENTATION_STYLE_ASSIGNMENT((#2369));
#2305=PRESENTATION_STYLE_ASSIGNMENT((#2370));
#2306=PRESENTATION_STYLE_ASSIGNMENT((#2371));
#2307=PRESENTATION_STYLE_ASSIGNMENT((#2372));
#2308=PRESENTATION_STYLE_ASSIGNMENT((#2373));
#2309=PRESENTATION_STYLE_ASSIGNMENT((#2374));
#2310=PRESENTATION_STYLE_ASSIGNMENT((#2375));
#2311=PRESENTATION_STYLE_ASSIGNMENT((#2376));
#2312=PRESENTATION_STYLE_ASSIGNMENT((#2377));
#2313=PRESENTATION_STYLE_ASSIGNMENT((#2378));
#2314=PRESENTATION_STYLE_ASSIGNMENT((#2379));
#2315=PRESENTATION_STYLE_ASSIGNMENT((#2380));
#2316=PRESENTATION_STYLE_ASSIGNMENT((#2381));
#2317=PRESENTATION_STYLE_ASSIGNMENT((#2382));
#2318=PRESENTATION_STYLE_ASSIGNMENT((#2383));
#2319=PRESENTATION_STYLE_ASSIGNMENT((#2384));
#2320=PRESENTATION_STYLE_ASSIGNMENT((#2385));
#2321=PRESENTATION_STYLE_ASSIGNMENT((#2386));
#2322=PRESENTATION_STYLE_ASSIGNMENT((#2387));
#2323=PRESENTATION_STYLE_ASSIGNMENT((#2388));
#2324=PRESENTATION_STYLE_ASSIGNMENT((#2389));
#2325=PRESENTATION_STYLE_ASSIGNMENT((#2390));
#2326=PRESENTATION_STYLE_ASSIGNMENT((#2391));
#2327=PRESENTATION_STYLE_ASSIGNMENT((#2392));
#2328=PRESENTATION_STYLE_ASSIGNMENT((#2393));
#2329=PRESENTATION_STYLE_ASSIGNMENT((#2394));
#2330=PRESENTATION_STYLE_ASSIGNMENT((#2395));
#2331=PRESENTATION_STYLE_ASSIGNMENT((#2396));
#2332=PRESENTATION_STYLE_ASSIGNMENT((#2397));
#2333=PRESENTATION_STYLE_ASSIGNMENT((#2398));
#2334=PRESENTATION_STYLE_ASSIGNMENT((#2399));
#2335=PRESENTATION_STYLE_ASSIGNMENT((#2400));
#2336=PRESENTATION_STYLE_ASSIGNMENT((#2401));
#2337=PRESENTATION_STYLE_ASSIGNMENT((#2402));
#2338=PRESENTATION_STYLE_ASSIGNMENT((#2403));
#2339=PRESENTATION_STYLE_ASSIGNMENT((#2404));
#2340=PRESENTATION_STYLE_ASSIGNMENT((#2405));
#2341=PRESENTATION_STYLE_ASSIGNMENT((#2406));
#2342=PRESENTATION_STYLE_ASSIGNMENT((#2407));
#2343=PRESENTATION_STYLE_ASSIGNMENT((#2408));
#2344=PRESENTATION_STYLE_ASSIGNMENT((#2409));
#2345=PRESENTATION_STYLE_ASSIGNMENT((#2410));
#2346=PRESENTATION_STYLE_ASSIGNMENT((#2411));
#2347=PRESENTATION_STYLE_ASSIGNMENT((#2412));
#2348=PRESENTATION_STYLE_ASSIGNMENT((#2413));
#2349=PRESENTATION_STYLE_ASSIGNMENT((#2414));
#2350=PRESENTATION_STYLE_ASSIGNMENT((#2415));
#2351=PRESENTATION_STYLE_ASSIGNMENT((#2416));
#2352=PRESENTATION_STYLE_ASSIGNMENT((#2417));
#2353=PRESENTATION_STYLE_ASSIGNMENT((#2418));
#2354=PRESENTATION_STYLE_ASSIGNMENT((#2419));
#2355=PRESENTATION_STYLE_ASSIGNMENT((#2420));
#2356=PRESENTATION_STYLE_ASSIGNMENT((#2421));
#2357=PRESENTATION_STYLE_ASSIGNMENT((#2422));
#2358=PRESENTATION_STYLE_ASSIGNMENT((#2423));
#2359=PRESENTATION_STYLE_ASSIGNMENT((#2424));
#2360=PRESENTATION_STYLE_ASSIGNMENT((#2425));
#2361=PRESENTATION_STYLE_ASSIGNMENT((#2426));
#2362=PRESENTATION_STYLE_ASSIGNMENT((#2427));
#2363=PRESENTATION_STYLE_ASSIGNMENT((#2428));
#2364=PRESENTATION_STYLE_ASSIGNMENT((#2429));
#2365=PRESENTATION_STYLE_ASSIGNMENT((#2430));
#2366=PRESENTATION_STYLE_ASSIGNMENT((#2431));
#2367=PRESENTATION_STYLE_ASSIGNMENT((#2432));
#2368=PRESENTATION_STYLE_ASSIGNMENT((#2433));
#2369=SURFACE_STYLE_USAGE(.BOTH.,#2434);
#2370=SURFACE_STYLE_USAGE(.BOTH.,#2435);
#2371=SURFACE_STYLE_USAGE(.BOTH.,#2436);
#2372=SURFACE_STYLE_USAGE(.BOTH.,#2437);
#2373=SURFACE_STYLE_USAGE(.BOTH.,#2438);
#2374=SURFACE_STYLE_USAGE(.BOTH.,#2439);
#2375=SURFACE_STYLE_USAGE(.BOTH.,#2440);
#2376=SURFACE_STYLE_USAGE(.BOTH.,#2441);
#2377=SURFACE_STYLE_USAGE(.BOTH.,#2442);
#2378=SURFACE_STYLE_USAGE(.BOTH.,#2443);
#2379=SURFACE_STYLE_USAGE(.BOTH.,#2444);
#2380=SURFACE_STYLE_USAGE(.BOTH.,#2445);
#2381=SURFACE_STYLE_USAGE(.BOTH.,#2446);
#2382=SURFACE_STYLE_USAGE(.BOTH.,#2447);
#2383=SURFACE_STYLE_USAGE(.BOTH.,#2448);
#2384=SURFACE_STYLE_USAGE(.BOTH.,#2449);
#2385=SURFACE_STYLE_USAGE(.BOTH.,#2450);
#2386=SURFACE_STYLE_USAGE(.BOTH.,#2451);
#2387=SURFACE_STYLE_USAGE(.BOTH.,#2452);
#2388=SURFACE_STYLE_USAGE(.BOTH.,#2453);
#2389=SURFACE_STYLE_USAGE(.BOTH.,#2454);
#2390=SURFACE_STYLE_USAGE(.BOTH.,#2455);
#2391=SURFACE_STYLE_USAGE(.BOTH.,#2456);
#2392=SURFACE_STYLE_USAGE(.BOTH.,#2457);
#2393=SURFACE_STYLE_USAGE(.BOTH.,#2458);
#2394=SURFACE_STYLE_USAGE(.BOTH.,#2459);
#2395=SURFACE_STYLE_USAGE(.BOTH.,#2460);
#2396=SURFACE_STYLE_USAGE(.BOTH.,#2461);
#2397=SURFACE_STYLE_USAGE(.BOTH.,#2462);
#2398=SURFACE_STYLE_USAGE(.BOTH.,#2463);
#2399=SURFACE_STYLE_USAGE(.BOTH.,#2464);
#2400=SURFACE_STYLE_USAGE(.BOTH.,#2465);
#2401=SURFACE_STYLE_USAGE(.BOTH.,#2466);
#2402=SURFACE_STYLE_USAGE(.BOTH.,#2467);
#2403=SURFACE_STYLE_USAGE(.BOTH.,#2468);
#2404=SURFACE_STYLE_USAGE(.BOTH.,#2469);
#2405=SURFACE_STYLE_USAGE(.BOTH.,#2470);
#2406=SURFACE_STYLE_USAGE(.BOTH.,#2471);
#2407=SURFACE_STYLE_USAGE(.BOTH.,#2472);
#2408=SURFACE_STYLE_USAGE(.BOTH.,#2473);
#2409=SURFACE_STYLE_USAGE(.BOTH.,#2474);
#2410=SURFACE_STYLE_USAGE(.BOTH.,#2475);
#2411=SURFACE_STYLE_USAGE(.BOTH.,#2476);
#2412=SURFACE_STYLE_USAGE(.BOTH.,#2477);
#2413=SURFACE_STYLE_USAGE(.BOTH.,#2478);
#2414=SURFACE_STYLE_USAGE(.BOTH.,#2479);
#2415=SURFACE_STYLE_USAGE(.BOTH.,#2480);
#2416=SURFACE_STYLE_USAGE(.BOTH.,#2481);
#2417=SURFACE_STYLE_USAGE(.BOTH.,#2482);
#2418=SURFACE_STYLE_USAGE(.BOTH.,#2483);
#2419=SURFACE_STYLE_USAGE(.BOTH.,#2484);
#2420=SURFACE_STYLE_USAGE(.BOTH.,#2485);
#2421=SURFACE_STYLE_USAGE(.BOTH.,#2486);
#2422=SURFACE_STYLE_USAGE(.BOTH.,#2487);
#2423=SURFACE_STYLE_USAGE(.BOTH.,#2488);
#2424=SURFACE_STYLE_USAGE(.BOTH.,#2489);
#2425=SURFACE_STYLE_USAGE(.BOTH.,#2490);
#2426=SURFACE_STYLE_USAGE(.BOTH.,#2491);
#2427=SURFACE_STYLE_USAGE(.BOTH.,#2492);
#2428=SURFACE_STYLE_USAGE(.BOTH.,#2493);
#2429=SURFACE_STYLE_USAGE(.BOTH.,#2494);
#2430=SURFACE_STYLE_USAGE(.BOTH.,#2495);
#2431=SURFACE_STYLE_USAGE(.BOTH.,#2496);
#2432=SURFACE_STYLE_USAGE(.BOTH.,#2497);
#2433=SURFACE_STYLE_USAGE(.BOTH.,#2498);
#2434=SURFACE_SIDE_STYLE('',(#2499));
#2435=SURFACE_SIDE_STYLE('',(#2500));
#2436=SURFACE_SIDE_STYLE('',(#2501));
#2437=SURFACE_SIDE_STYLE('',(#2502));
#2438=SURFACE_SIDE_STYLE('',(#2503));
#2439=SURFACE_SIDE_STYLE('',(#2504));
#2440=SURFACE_SIDE_STYLE('',(#2505));
#2441=SURFACE_SIDE_STYLE('',(#2506));
#2442=SURFACE_SIDE_STYLE('',(#2507));
#2443=SURFACE_SIDE_STYLE('',(#2508));
#2444=SURFACE_SIDE_STYLE('',(#2509));
#2445=SURFACE_SIDE_STYLE('',(#2510));
#2446=SURFACE_SIDE_STYLE('',(#2511));
#2447=SURFACE_SIDE_STYLE('',(#2512));
#2448=SURFACE_SIDE_STYLE('',(#2513));
#2449=SURFACE_SIDE_STYLE('',(#2514));
#2450=SURFACE_SIDE_STYLE('',(#2515));
#2451=SURFACE_SIDE_STYLE('',(#2516));
#2452=SURFACE_SIDE_STYLE('',(#2517));
#2453=SURFACE_SIDE_STYLE('',(#2518));
#2454=SURFACE_SIDE_STYLE('',(#2519));
#2455=SURFACE_SIDE_STYLE('',(#2520));
#2456=SURFACE_SIDE_STYLE('',(#2521));
#2457=SURFACE_SIDE_STYLE('',(#2522));
#2458=SURFACE_SIDE_STYLE('',(#2523));
#2459=SURFACE_SIDE_STYLE('',(#2524));
#2460=SURFACE_SIDE_STYLE('',(#2525));
#2461=SURFACE_SIDE_STYLE('',(#2526));
#2462=SURFACE_SIDE_STYLE('',(#2527));
#2463=SURFACE_SIDE_STYLE('',(#2528));
#2464=SURFACE_SIDE_STYLE('',(#2529));
#2465=SURFACE_SIDE_STYLE('',(#2530));
#2466=SURFACE_SIDE_STYLE('',(#2531));
#2467=SURFACE_SIDE_STYLE('',(#2532));
#2468=SURFACE_SIDE_STYLE('',(#2533));
#2469=SURFACE_SIDE_STYLE('',(#2534));
#2470=SURFACE_SIDE_STYLE('',(#2535));
#2471=SURFACE_SIDE_STYLE('',(#2536));
#2472=SURFACE_SIDE_STYLE('',(#2537));
#2473=SURFACE_SIDE_STYLE('',(#2538));
#2474=SURFACE_SIDE_STYLE('',(#2539));
#2475=SURFACE_SIDE_STYLE('',(#2540));
#2476=SURFACE_SIDE_STYLE('',(#2541));
#2477=SURFACE_SIDE_STYLE('',(#2542));
#2478=SURFACE_SIDE_STYLE('',(#2543));
#2479=SURFACE_SIDE_STYLE('',(#2544));
#2480=SURFACE_SIDE_STYLE('',(#2545));
#2481=SURFACE_SIDE_STYLE('',(#2546));
#2482=SURFACE_SIDE_STYLE('',(#2547));
#2483=SURFACE_SIDE_STYLE('',(#2548));
#2484=SURFACE_SIDE_STYLE('',(#2549));
#2485=SURFACE_SIDE_STYLE('',(#2550));
#2486=SURFACE_SIDE_STYLE('',(#2551));
#2487=SURFACE_SIDE_STYLE('',(#2552));
#2488=SURFACE_SIDE_STYLE('',(#2553));
#2489=SURFACE_SIDE_STYLE('',(#2554));
#2490=SURFACE_SIDE_STYLE('',(#2555));
#2491=SURFACE_SIDE_STYLE('',(#2556));
#2492=SURFACE_SIDE_STYLE('',(#2557));
#2493=SURFACE_SIDE_STYLE('',(#2558));
#2494=SURFACE_SIDE_STYLE('',(#2559));
#2495=SURFACE_SIDE_STYLE('',(#2560));
#2496=SURFACE_SIDE_STYLE('',(#2561));
#2497=SURFACE_SIDE_STYLE('',(#2562));
#2498=SURFACE_SIDE_STYLE('',(#2563));
#2499=SURFACE_STYLE_FILL_AREA(#2564);
#2500=SURFACE_STYLE_FILL_AREA(#2565);
#2501=SURFACE_STYLE_FILL_AREA(#2566);
#2502=SURFACE_STYLE_FILL_AREA(#2567);
#2503=SURFACE_STYLE_FILL_AREA(#2568);
#2504=SURFACE_STYLE_FILL_AREA(#2569);
#2505=SURFACE_STYLE_FILL_AREA(#2570);
#2506=SURFACE_STYLE_FILL_AREA(#2571);
#2507=SURFACE_STYLE_FILL_AREA(#2572);
#2508=SURFACE_STYLE_FILL_AREA(#2573);
#2509=SURFACE_STYLE_FILL_AREA(#2574);
#2510=SURFACE_STYLE_FILL_AREA(#2575);
#2511=SURFACE_STYLE_FILL_AREA(#2576);
#2512=SURFACE_STYLE_FILL_AREA(#2577);
#2513=SURFACE_STYLE_FILL_AREA(#2578);
#2514=SURFACE_STYLE_FILL_AREA(#2579);
#2515=SURFACE_STYLE_FILL_AREA(#2580);
#2516=SURFACE_STYLE_FILL_AREA(#2581);
#2517=SURFACE_STYLE_FILL_AREA(#2582);
#2518=SURFACE_STYLE_FILL_AREA(#2583);
#2519=SURFACE_STYLE_FILL_AREA(#2584);
#2520=SURFACE_STYLE_FILL_AREA(#2585);
#2521=SURFACE_STYLE_FILL_AREA(#2586);
#2522=SURFACE_STYLE_FILL_AREA(#2587);
#2523=SURFACE_STYLE_FILL_AREA(#2588);
#2524=SURFACE_STYLE_FILL_AREA(#2589);
#2525=SURFACE_STYLE_FILL_AREA(#2590);
#2526=SURFACE_STYLE_FILL_AREA(#2591);
#2527=SURFACE_STYLE_FILL_AREA(#2592);
#2528=SURFACE_STYLE_FILL_AREA(#2593);
#2529=SURFACE_STYLE_FILL_AREA(#2594);
#2530=SURFACE_STYLE_FILL_AREA(#2595);
#2531=SURFACE_STYLE_FILL_AREA(#2596);
#2532=SURFACE_STYLE_FILL_AREA(#2597);
#2533=SURFACE_STYLE_FILL_AREA(#2598);
#2534=SURFACE_STYLE_FILL_AREA(#2599);
#2535=SURFACE_STYLE_FILL_AREA(#2600);
#2536=SURFACE_STYLE_FILL_AREA(#2601);
#2537=SURFACE_STYLE_FILL_AREA(#2602);
#2538=SURFACE_STYLE_FILL_AREA(#2603);
#2539=SURFACE_STYLE_FILL_AREA(#2604);
#2540=SURFACE_STYLE_FILL_AREA(#2605);
#2541=SURFACE_STYLE_FILL_AREA(#2606);
#2542=SURFACE_STYLE_FILL_AREA(#2607);
#2543=SURFACE_STYLE_FILL_AREA(#2608);
#2544=SURFACE_STYLE_FILL_AREA(#2609);
#2545=SURFACE_STYLE_FILL_AREA(#2610);
#2546=SURFACE_STYLE_FILL_AREA(#2611);
#2547=SURFACE_STYLE_FILL_AREA(#2612);
#2548=SURFACE_STYLE_FILL_AREA(#2613);
#2549=SURFACE_STYLE_FILL_AREA(#2614);
#2550=SURFACE_STYLE_FILL_AREA(#2615);
#2551=SURFACE_STYLE_FILL_AREA(#2616);
#2552=SURFACE_STYLE_FILL_AREA(#2617);
#2553=SURFACE_STYLE_FILL_AREA(#2618);
#2554=SURFACE_STYLE_FILL_AREA(#2619);
#2555=SURFACE_STYLE_FILL_AREA(#2620);
#2556=SURFACE_STYLE_FILL_AREA(#2621);
#2557=SURFACE_STYLE_FILL_AREA(#2622);
#2558=SURFACE_STYLE_FILL_AREA(#2623);
#2559=SURFACE_STYLE_FILL_AREA(#2624);
#2560=SURFACE_STYLE_FILL_AREA(#2625);
#2561=SURFACE_STYLE_FILL_AREA(#2626);
#2562=SURFACE_STYLE_FILL_AREA(#2627);
#2563=SURFACE_STYLE_FILL_AREA(#2628);
#2564=FILL_AREA_STYLE('',(#2629));
#2565=FILL_AREA_STYLE('',(#2630));
#2566=FILL_AREA_STYLE('',(#2631));
#2567=FILL_AREA_STYLE('',(#2632));
#2568=FILL_AREA_STYLE('',(#2633));
#2569=FILL_AREA_STYLE('',(#2634));
#2570=FILL_AREA_STYLE('',(#2635));
#2571=FILL_AREA_STYLE('',(#2636));
#2572=FILL_AREA_STYLE('',(#2637));
#2573=FILL_AREA_STYLE('',(#2638));
#2574=FILL_AREA_STYLE('',(#2639));
#2575=FILL_AREA_STYLE('',(#2640));
#2576=FILL_AREA_STYLE('',(#2641));
#2577=FILL_AREA_STYLE('',(#2642));
#2578=FILL_AREA_STYLE('',(#2643));
#2579=FILL_AREA_STYLE('',(#2644));
#2580=FILL_AREA_STYLE('',(#2645));
#2581=FILL_AREA_STYLE('',(#2646));
#2582=FILL_AREA_STYLE('',(#2647));
#2583=FILL_AREA_STYLE('',(#2648));
#2584=FILL_AREA_STYLE('',(#2649));
#2585=FILL_AREA_STYLE('',(#2650));
#2586=FILL_AREA_STYLE('',(#2651));
#2587=FILL_AREA_STYLE('',(#2652));
#2588=FILL_AREA_STYLE('',(#2653));
#2589=FILL_AREA_STYLE('',(#2654));
#2590=FILL_AREA_STYLE('',(#2655));
#2591=FILL_AREA_STYLE('',(#2656));
#2592=FILL_AREA_STYLE('',(#2657));
#2593=FILL_AREA_STYLE('',(#2658));
#2594=FILL_AREA_STYLE('',(#2659));
#2595=FILL_AREA_STYLE('',(#2660));
#2596=FILL_AREA_STYLE('',(#2661));
#2597=FILL_AREA_STYLE('',(#2662));
#2598=FILL_AREA_STYLE('',(#2663));
#2599=FILL_AREA_STYLE('',(#2664));
#2600=FILL_AREA_STYLE('',(#2665));
#2601=FILL_AREA_STYLE('',(#2666));
#2602=FILL_AREA_STYLE('',(#2667));
#2603=FILL_AREA_STYLE('',(#2668));
#2604=FILL_AREA_STYLE('',(#2669));
#2605=FILL_AREA_STYLE('',(#2670));
#2606=FILL_AREA_STYLE('',(#2671));
#2607=FILL_AREA_STYLE('',(#2672));
#2608=FILL_AREA_STYLE('',(#2673));
#2609=FILL_AREA_STYLE('',(#2674));
#2610=FILL_AREA_STYLE('',(#2675));
#2611=FILL_AREA_STYLE('',(#2676));
#2612=FILL_AREA_STYLE('',(#2677));
#2613=FILL_AREA_STYLE('',(#2678));
#2614=FILL_AREA_STYLE('',(#2679));
#2615=FILL_AREA_STYLE('',(#2680));
#2616=FILL_AREA_STYLE('',(#2681));
#2617=FILL_AREA_STYLE('',(#2682));
#2618=FILL_AREA_STYLE('',(#2683));
#2619=FILL_AREA_STYLE('',(#2684));
#2620=FILL_AREA_STYLE('',(#2685));
#2621=FILL_AREA_STYLE('',(#2686));
#2622=FILL_AREA_STYLE('',(#2687));
#2623=FILL_AREA_STYLE('',(#2688));
#2624=FILL_AREA_STYLE('',(#2689));
#2625=FILL_AREA_STYLE('',(#2690));
#2626=FILL_AREA_STYLE('',(#2691));
#2627=FILL_AREA_STYLE('',(#2692));
#2628=FILL_AREA_STYLE('',(#2693));
#2629=FILL_AREA_STYLE_COLOUR('',#2694);
#2630=FILL_AREA_STYLE_COLOUR('',#2694);
#2631=FILL_AREA_STYLE_COLOUR('',#2695);
#2632=FILL_AREA_STYLE_COLOUR('',#2696);
#2633=FILL_AREA_STYLE_COLOUR('',#2697);
#2634=FILL_AREA_STYLE_COLOUR('',#2698);
#2635=FILL_AREA_STYLE_COLOUR('',#2698);
#2636=FILL_AREA_STYLE_COLOUR('',#2698);
#2637=FILL_AREA_STYLE_COLOUR('',#2698);
#2638=FILL_AREA_STYLE_COLOUR('',#2698);
#2639=FILL_AREA_STYLE_COLOUR('',#2698);
#2640=FILL_AREA_STYLE_COLOUR('',#2698);
#2641=FILL_AREA_STYLE_COLOUR('',#2698);
#2642=FILL_AREA_STYLE_COLOUR('',#2698);
#2643=FILL_AREA_STYLE_COLOUR('',#2698);
#2644=FILL_AREA_STYLE_COLOUR('',#2698);
#2645=FILL_AREA_STYLE_COLOUR('',#2698);
#2646=FILL_AREA_STYLE_COLOUR('',#2698);
#2647=FILL_AREA_STYLE_COLOUR('',#2698);
#2648=FILL_AREA_STYLE_COLOUR('',#29);
#2649=FILL_AREA_STYLE_COLOUR('',#2699);
#2650=FILL_AREA_STYLE_COLOUR('',#29);
#2651=FILL_AREA_STYLE_COLOUR('',#29);
#2652=FILL_AREA_STYLE_COLOUR('',#2700);
#2653=FILL_AREA_STYLE_COLOUR('',#2700);
#2654=FILL_AREA_STYLE_COLOUR('',#2700);
#2655=FILL_AREA_STYLE_COLOUR('',#2700);
#2656=FILL_AREA_STYLE_COLOUR('',#2700);
#2657=FILL_AREA_STYLE_COLOUR('',#2700);
#2658=FILL_AREA_STYLE_COLOUR('',#2700);
#2659=FILL_AREA_STYLE_COLOUR('',#2700);
#2660=FILL_AREA_STYLE_COLOUR('',#2700);
#2661=FILL_AREA_STYLE_COLOUR('',#2700);
#2662=FILL_AREA_STYLE_COLOUR('',#2701);
#2663=FILL_AREA_STYLE_COLOUR('',#2701);
#2664=FILL_AREA_STYLE_COLOUR('',#2698);
#2665=FILL_AREA_STYLE_COLOUR('',#2701);
#2666=FILL_AREA_STYLE_COLOUR('',#29);
#2667=FILL_AREA_STYLE_COLOUR('',#29);
#2668=FILL_AREA_STYLE_COLOUR('',#29);
#2669=FILL_AREA_STYLE_COLOUR('',#29);
#2670=FILL_AREA_STYLE_COLOUR('',#29);
#2671=FILL_AREA_STYLE_COLOUR('',#29);
#2672=FILL_AREA_STYLE_COLOUR('',#29);
#2673=FILL_AREA_STYLE_COLOUR('',#29);
#2674=FILL_AREA_STYLE_COLOUR('',#29);
#2675=FILL_AREA_STYLE_COLOUR('',#29);
#2676=FILL_AREA_STYLE_COLOUR('',#29);
#2677=FILL_AREA_STYLE_COLOUR('',#29);
#2678=FILL_AREA_STYLE_COLOUR('',#2701);
#2679=FILL_AREA_STYLE_COLOUR('',#2698);
#2680=FILL_AREA_STYLE_COLOUR('',#2701);
#2681=FILL_AREA_STYLE_COLOUR('',#2701);
#2682=FILL_AREA_STYLE_COLOUR('',#2701);
#2683=FILL_AREA_STYLE_COLOUR('',#2700);
#2684=FILL_AREA_STYLE_COLOUR('',#2700);
#2685=FILL_AREA_STYLE_COLOUR('',#2700);
#2686=FILL_AREA_STYLE_COLOUR('',#2700);
#2687=FILL_AREA_STYLE_COLOUR('',#2698);
#2688=FILL_AREA_STYLE_COLOUR('',#2698);
#2689=FILL_AREA_STYLE_COLOUR('',#2698);
#2690=FILL_AREA_STYLE_COLOUR('',#2702);
#2691=FILL_AREA_STYLE_COLOUR('',#2703);
#2692=FILL_AREA_STYLE_COLOUR('',#2704);
#2693=FILL_AREA_STYLE_COLOUR('',#2694);
#2694=COLOUR_RGB('',0.615686274509804,0.811764705882353,0.929411764705882);
#2695=COLOUR_RGB('',0.498039215686275,0.498039215686275,0.498039215686275);
#2696=COLOUR_RGB('',0.972549019607843,0.529411764705882,0.00392156862745098);
#2697=COLOUR_RGB('',0.647058823529412,0.619607843137255,0.584313725490196);
#2698=COLOUR_RGB('',0.647058823529412,0.513725490196078,0.);
#2699=COLOUR_RGB('',0.694117647058824,0.0941176470588235,0.0941176470588235);
#2700=COLOUR_RGB('',0.250980392156863,0.250980392156863,0.250980392156863);
#2701=COLOUR_RGB('',0.898039215686275,0.917647058823529,0.929411764705882);
#2702=COLOUR_RGB('',0.768627450980392,0.886274509803922,0.952941176470588);
#2703=COLOUR_RGB('',0.980392156862745,0.713725490196078,0.00392156862745098);
#2704=COLOUR_RGB('',0.917647058823529,0.917647058823529,0.917647058823529);
#2705=MANIFOLD_SOLID_BREP('Part 1',#2291);
#2706=MANIFOLD_SOLID_BREP('Part 1',#2292);
#2707=MANIFOLD_SOLID_BREP('Motor_25GA370-15.4x',#2293);
#2708=MANIFOLD_SOLID_BREP('Part 1',#2294);
#2709=SHAPE_DEFINITION_REPRESENTATION(#4330,#2719);
#2710=SHAPE_DEFINITION_REPRESENTATION(#4331,#2720);
#2711=SHAPE_DEFINITION_REPRESENTATION(#4333,#2721);
#2712=SHAPE_DEFINITION_REPRESENTATION(#4336,#2722);
#2713=SHAPE_DEFINITION_REPRESENTATION(#4338,#2723);
#2714=SHAPE_DEFINITION_REPRESENTATION(#4340,#2724);
#2715=SHAPE_DEFINITION_REPRESENTATION(#4343,#2725);
#2716=SHAPE_DEFINITION_REPRESENTATION(#4349,#2726);
#2717=SHAPE_DEFINITION_REPRESENTATION(#4352,#2727);
#2718=SHAPE_DEFINITION_REPRESENTATION(#4354,#2728);
#2719=SHAPE_REPRESENTATION('Assembly 1',(#2729,#2738,#2771,#2772,#2773,
#2774,#2937,#2938,#2939,#2940,#2941,#2942,#2943,#2944,#2945,#2946,#3001),
#4307);
#2720=SHAPE_REPRESENTATION('Part 1',(#2729),#4308);
#2721=SHAPE_REPRESENTATION('Part 1',(#2729),#4309);
#2722=SHAPE_REPRESENTATION('Part 4',(#2729),#4310);
#2723=SHAPE_REPRESENTATION('Part 3',(#2729),#4311);
#2724=SHAPE_REPRESENTATION('Motor_25GA370-15.4x',(#2729),#4312);
#2725=SHAPE_REPRESENTATION('Part 2',(#2729),#4313);
#2726=SHAPE_REPRESENTATION('Part 5',(#2729),#4314);
#2727=SHAPE_REPRESENTATION('Part 1',(#2729),#4315);
#2728=SHAPE_REPRESENTATION('Part 1',(#2729),#4316);
#2729=AXIS2_PLACEMENT_3D('',#3686,#3002,#3003);
#2730=AXIS2_PLACEMENT_3D('',#3687,#3004,#3005);
#2731=AXIS2_PLACEMENT_3D('',#3688,#3006,#3007);
#2732=AXIS2_PLACEMENT_3D('',#3690,#3008,#3009);
#2733=AXIS2_PLACEMENT_3D('',#3692,#3010,#3011);
#2734=AXIS2_PLACEMENT_3D('',#3693,#3012,#3013);
#2735=AXIS2_PLACEMENT_3D('',#3695,#3014,#3015);
#2736=AXIS2_PLACEMENT_3D('',#3696,#3016,#3017);
#2737=AXIS2_PLACEMENT_3D('',#3698,#3018,#3019);
#2738=AXIS2_PLACEMENT_3D('',#3699,#3020,#3021);
#2739=AXIS2_PLACEMENT_3D('',#3700,#3022,#3023);
#2740=AXIS2_PLACEMENT_3D('',#3701,#3024,#3025);
#2741=AXIS2_PLACEMENT_3D('',#3703,#3026,#3027);
#2742=AXIS2_PLACEMENT_3D('',#3705,#3028,#3029);
#2743=AXIS2_PLACEMENT_3D('',#3727,#3040,#3041);
#2744=AXIS2_PLACEMENT_3D('',#3729,#3042,#3043);
#2745=AXIS2_PLACEMENT_3D('',#3735,#3047,#3048);
#2746=AXIS2_PLACEMENT_3D('',#3741,#3052,#3053);
#2747=AXIS2_PLACEMENT_3D('',#3747,#3057,#3058);
#2748=AXIS2_PLACEMENT_3D('',#3753,#3062,#3063);
#2749=AXIS2_PLACEMENT_3D('',#3757,#3066,#3067);
#2750=AXIS2_PLACEMENT_3D('',#3761,#3070,#3071);
#2751=AXIS2_PLACEMENT_3D('',#3762,#3072,#3073);
#2752=AXIS2_PLACEMENT_3D('',#3765,#3075,#3076);
#2753=AXIS2_PLACEMENT_3D('',#3769,#3080,#3081);
#2754=AXIS2_PLACEMENT_3D('',#3770,#3082,#3083);
#2755=AXIS2_PLACEMENT_3D('',#3772,#3084,#3085);
#2756=AXIS2_PLACEMENT_3D('',#3773,#3086,#3087);
#2757=AXIS2_PLACEMENT_3D('',#3774,#3088,#3089);
#2758=AXIS2_PLACEMENT_3D('',#3776,#3090,#3091);
#2759=AXIS2_PLACEMENT_3D('',#3777,#3092,#3093);
#2760=AXIS2_PLACEMENT_3D('',#3778,#3094,#3095);
#2761=AXIS2_PLACEMENT_3D('',#3780,#3096,#3097);
#2762=AXIS2_PLACEMENT_3D('',#3781,#3098,#3099);
#2763=AXIS2_PLACEMENT_3D('',#3782,#3100,#3101);
#2764=AXIS2_PLACEMENT_3D('',#3784,#3102,#3103);
#2765=AXIS2_PLACEMENT_3D('',#3785,#3104,#3105);
#2766=AXIS2_PLACEMENT_3D('',#3786,#3106,#3107);
#2767=AXIS2_PLACEMENT_3D('',#3787,#3108,#3109);
#2768=AXIS2_PLACEMENT_3D('',#3788,#3110,#3111);
#2769=AXIS2_PLACEMENT_3D('',#3789,#3112,#3113);
#2770=AXIS2_PLACEMENT_3D('',#3791,#3114,#3115);
#2771=AXIS2_PLACEMENT_3D('',#3792,#3116,#3117);
#2772=AXIS2_PLACEMENT_3D('',#3793,#3118,#3119);
#2773=AXIS2_PLACEMENT_3D('',#3794,#3120,#3121);
#2774=AXIS2_PLACEMENT_3D('',#3795,#3122,#3123);
#2775=AXIS2_PLACEMENT_3D('',#3796,#3124,#3125);
#2776=AXIS2_PLACEMENT_3D('',#3805,#3130,#3131);
#2777=AXIS2_PLACEMENT_3D('',#3814,#3136,#3137);
#2778=AXIS2_PLACEMENT_3D('',#3823,#3142,#3143);
#2779=AXIS2_PLACEMENT_3D('',#3832,#3148,#3149);
#2780=AXIS2_PLACEMENT_3D('',#3835,#3152,#3153);
#2781=AXIS2_PLACEMENT_3D('',#3841,#3157,#3158);
#2782=AXIS2_PLACEMENT_3D('',#3843,#3159,#3160);
#2783=AXIS2_PLACEMENT_3D('',#3847,#3163,#3164);
#2784=AXIS2_PLACEMENT_3D('',#3851,#3167,#3168);
#2785=AXIS2_PLACEMENT_3D('',#3853,#3169,#3170);
#2786=AXIS2_PLACEMENT_3D('',#3855,#3172,#3173);
#2787=AXIS2_PLACEMENT_3D('',#3858,#3176,#3177);
#2788=AXIS2_PLACEMENT_3D('',#3864,#3181,#3182);
#2789=AXIS2_PLACEMENT_3D('',#3868,#3185,#3186);
#2790=AXIS2_PLACEMENT_3D('',#3870,#3187,#3188);
#2791=AXIS2_PLACEMENT_3D('',#3874,#3191,#3192);
#2792=AXIS2_PLACEMENT_3D('',#3876,#3194,#3195);
#2793=AXIS2_PLACEMENT_3D('',#3878,#3196,#3197);
#2794=AXIS2_PLACEMENT_3D('',#3879,#3198,#3199);
#2795=AXIS2_PLACEMENT_3D('',#3881,#3200,#3201);
#2796=AXIS2_PLACEMENT_3D('',#3882,#3202,#3203);
#2797=AXIS2_PLACEMENT_3D('',#3884,#3204,#3205);
#2798=AXIS2_PLACEMENT_3D('',#3885,#3206,#3207);
#2799=AXIS2_PLACEMENT_3D('',#3887,#3208,#3209);
#2800=AXIS2_PLACEMENT_3D('',#3888,#3210,#3211);
#2801=AXIS2_PLACEMENT_3D('',#3890,#3212,#3213);
#2802=AXIS2_PLACEMENT_3D('',#3891,#3214,#3215);
#2803=AXIS2_PLACEMENT_3D('',#3893,#3216,#3217);
#2804=AXIS2_PLACEMENT_3D('',#3894,#3218,#3219);
#2805=AXIS2_PLACEMENT_3D('',#3896,#3220,#3221);
#2806=AXIS2_PLACEMENT_3D('',#3897,#3222,#3223);
#2807=AXIS2_PLACEMENT_3D('',#3900,#3224,#3225);
#2808=AXIS2_PLACEMENT_3D('',#3902,#3226,#3227);
#2809=AXIS2_PLACEMENT_3D('',#3904,#3228,#3229);
#2810=AXIS2_PLACEMENT_3D('',#3905,#3230,#3231);
#2811=AXIS2_PLACEMENT_3D('',#3910,#3234,#3235);
#2812=AXIS2_PLACEMENT_3D('',#3911,#3236,#3237);
#2813=AXIS2_PLACEMENT_3D('',#3912,#3238,#3239);
#2814=AXIS2_PLACEMENT_3D('',#3917,#3242,#3243);
#2815=AXIS2_PLACEMENT_3D('',#3918,#3244,#3245);
#2816=AXIS2_PLACEMENT_3D('',#3919,#3246,#3247);
#2817=AXIS2_PLACEMENT_3D('',#3920,#3248,#3249);
#2818=AXIS2_PLACEMENT_3D('',#3923,#3250,#3251);
#2819=AXIS2_PLACEMENT_3D('',#3925,#3252,#3253);
#2820=AXIS2_PLACEMENT_3D('',#3927,#3254,#3255);
#2821=AXIS2_PLACEMENT_3D('',#3928,#3256,#3257);
#2822=AXIS2_PLACEMENT_3D('',#3929,#3258,#3259);
#2823=AXIS2_PLACEMENT_3D('',#3934,#3262,#3263);
#2824=AXIS2_PLACEMENT_3D('',#3937,#3265,#3266);
#2825=AXIS2_PLACEMENT_3D('',#3938,#3267,#3268);
#2826=AXIS2_PLACEMENT_3D('',#3939,#3269,#3270);
#2827=AXIS2_PLACEMENT_3D('',#3942,#3272,#3273);
#2828=AXIS2_PLACEMENT_3D('',#3943,#3274,#3275);
#2829=AXIS2_PLACEMENT_3D('',#3945,#3276,#3277);
#2830=AXIS2_PLACEMENT_3D('',#3947,#3278,#3279);
#2831=AXIS2_PLACEMENT_3D('',#3948,#3280,#3281);
#2832=AXIS2_PLACEMENT_3D('',#3950,#3282,#3283);
#2833=AXIS2_PLACEMENT_3D('',#3951,#3284,#3285);
#2834=AXIS2_PLACEMENT_3D('',#3956,#3287,#3288);
#2835=AXIS2_PLACEMENT_3D('',#3960,#3290,#3291);
#2836=AXIS2_PLACEMENT_3D('',#3961,#3292,#3293);
#2837=AXIS2_PLACEMENT_3D('',#3965,#3295,#3296);
#2838=AXIS2_PLACEMENT_3D('',#3969,#3298,#3299);
#2839=AXIS2_PLACEMENT_3D('',#3970,#3300,#3301);
#2840=AXIS2_PLACEMENT_3D('',#3971,#3302,#3303);
#2841=AXIS2_PLACEMENT_3D('',#3973,#3304,#3305);
#2842=AXIS2_PLACEMENT_3D('',#3975,#3306,#3307);
#2843=AXIS2_PLACEMENT_3D('',#3977,#3308,#3309);
#2844=AXIS2_PLACEMENT_3D('',#3979,#3310,#3311);
#2845=AXIS2_PLACEMENT_3D('',#3981,#3312,#3313);
#2846=AXIS2_PLACEMENT_3D('',#3983,#3314,#3315);
#2847=AXIS2_PLACEMENT_3D('',#3985,#3316,#3317);
#2848=AXIS2_PLACEMENT_3D('',#3986,#3318,#3319);
#2849=AXIS2_PLACEMENT_3D('',#3988,#3320,#3321);
#2850=AXIS2_PLACEMENT_3D('',#3990,#3322,#3323);
#2851=AXIS2_PLACEMENT_3D('',#3991,#3324,#3325);
#2852=AXIS2_PLACEMENT_3D('',#3993,#3326,#3327);
#2853=AXIS2_PLACEMENT_3D('',#3995,#3328,#3329);
#2854=AXIS2_PLACEMENT_3D('',#4016,#3334,#3335);
#2855=AXIS2_PLACEMENT_3D('',#4017,#3336,#3337);
#2856=AXIS2_PLACEMENT_3D('',#4018,#3338,#3339);
#2857=AXIS2_PLACEMENT_3D('',#4019,#3340,#3341);
#2858=AXIS2_PLACEMENT_3D('',#4021,#3342,#3343);
#2859=AXIS2_PLACEMENT_3D('',#4023,#3344,#3345);
#2860=AXIS2_PLACEMENT_3D('',#4024,#3346,#3347);
#2861=AXIS2_PLACEMENT_3D('',#4025,#3348,#3349);
#2862=AXIS2_PLACEMENT_3D('',#4026,#3350,#3351);
#2863=AXIS2_PLACEMENT_3D('',#4028,#3352,#3353);
#2864=AXIS2_PLACEMENT_3D('',#4030,#3354,#3355);
#2865=AXIS2_PLACEMENT_3D('',#4031,#3356,#3357);
#2866=AXIS2_PLACEMENT_3D('',#4033,#3358,#3359);
#2867=AXIS2_PLACEMENT_3D('',#4035,#3360,#3361);
#2868=AXIS2_PLACEMENT_3D('',#4036,#3362,#3363);
#2869=AXIS2_PLACEMENT_3D('',#4038,#3364,#3365);
#2870=AXIS2_PLACEMENT_3D('',#4040,#3366,#3367);
#2871=AXIS2_PLACEMENT_3D('',#4042,#3368,#3369);
#2872=AXIS2_PLACEMENT_3D('',#4044,#3370,#3371);
#2873=AXIS2_PLACEMENT_3D('',#4046,#3372,#3373);
#2874=AXIS2_PLACEMENT_3D('',#4048,#3374,#3375);
#2875=AXIS2_PLACEMENT_3D('',#4054,#3379,#3380);
#2876=AXIS2_PLACEMENT_3D('',#4060,#3384,#3385);
#2877=AXIS2_PLACEMENT_3D('',#4061,#3386,#3387);
#2878=AXIS2_PLACEMENT_3D('',#4062,#3388,#3389);
#2879=AXIS2_PLACEMENT_3D('',#4068,#3393,#3394);
#2880=AXIS2_PLACEMENT_3D('',#4074,#3398,#3399);
#2881=AXIS2_PLACEMENT_3D('',#4075,#3400,#3401);
#2882=AXIS2_PLACEMENT_3D('',#4076,#3402,#3403);
#2883=AXIS2_PLACEMENT_3D('',#4077,#3404,#3405);
#2884=AXIS2_PLACEMENT_3D('',#4078,#3406,#3407);
#2885=AXIS2_PLACEMENT_3D('',#4079,#3408,#3409);
#2886=AXIS2_PLACEMENT_3D('',#4080,#3410,#3411);
#2887=AXIS2_PLACEMENT_3D('',#4081,#3412,#3413);
#2888=AXIS2_PLACEMENT_3D('',#4082,#3414,#3415);
#2889=AXIS2_PLACEMENT_3D('',#4083,#3416,#3417);
#2890=AXIS2_PLACEMENT_3D('',#4084,#3418,#3419);
#2891=AXIS2_PLACEMENT_3D('',#4085,#3420,#3421);
#2892=AXIS2_PLACEMENT_3D('',#4086,#3422,#3423);
#2893=AXIS2_PLACEMENT_3D('',#4087,#3424,#3425);
#2894=AXIS2_PLACEMENT_3D('',#4089,#3426,#3427);
#2895=AXIS2_PLACEMENT_3D('',#4090,#3428,#3429);
#2896=AXIS2_PLACEMENT_3D('',#4092,#3430,#3431);
#2897=AXIS2_PLACEMENT_3D('',#4093,#3432,#3433);
#2898=AXIS2_PLACEMENT_3D('',#4095,#3434,#3435);
#2899=AXIS2_PLACEMENT_3D('',#4096,#3436,#3437);
#2900=AXIS2_PLACEMENT_3D('',#4098,#3438,#3439);
#2901=AXIS2_PLACEMENT_3D('',#4099,#3440,#3441);
#2902=AXIS2_PLACEMENT_3D('',#4101,#3442,#3443);
#2903=AXIS2_PLACEMENT_3D('',#4102,#3444,#3445);
#2904=AXIS2_PLACEMENT_3D('',#4104,#3446,#3447);
#2905=AXIS2_PLACEMENT_3D('',#4105,#3448,#3449);
#2906=AXIS2_PLACEMENT_3D('',#4106,#3450,#3451);
#2907=AXIS2_PLACEMENT_3D('',#4107,#3452,#3453);
#2908=AXIS2_PLACEMENT_3D('',#4108,#3454,#3455);
#2909=AXIS2_PLACEMENT_3D('',#4109,#3456,#3457);
#2910=AXIS2_PLACEMENT_3D('',#4111,#3458,#3459);
#2911=AXIS2_PLACEMENT_3D('',#4112,#3460,#3461);
#2912=AXIS2_PLACEMENT_3D('',#4115,#3462,#3463);
#2913=AXIS2_PLACEMENT_3D('',#4116,#3464,#3465);
#2914=AXIS2_PLACEMENT_3D('',#4117,#3466,#3467);
#2915=AXIS2_PLACEMENT_3D('',#4120,#3468,#3469);
#2916=AXIS2_PLACEMENT_3D('',#4121,#3470,#3471);
#2917=AXIS2_PLACEMENT_3D('',#4122,#3472,#3473);
#2918=AXIS2_PLACEMENT_3D('',#4125,#3474,#3475);
#2919=AXIS2_PLACEMENT_3D('',#4126,#3476,#3477);
#2920=AXIS2_PLACEMENT_3D('',#4127,#3478,#3479);
#2921=AXIS2_PLACEMENT_3D('',#4128,#3480,#3481);
#2922=AXIS2_PLACEMENT_3D('',#4131,#3482,#3483);
#2923=AXIS2_PLACEMENT_3D('',#4132,#3484,#3485);
#2924=AXIS2_PLACEMENT_3D('',#4133,#3486,#3487);
#2925=AXIS2_PLACEMENT_3D('',#4134,#3488,#3489);
#2926=AXIS2_PLACEMENT_3D('',#4135,#3490,#3491);
#2927=AXIS2_PLACEMENT_3D('',#4136,#3492,#3493);
#2928=AXIS2_PLACEMENT_3D('',#4137,#3494,#3495);
#2929=AXIS2_PLACEMENT_3D('',#4139,#3496,#3497);
#2930=AXIS2_PLACEMENT_3D('',#4140,#3498,#3499);
#2931=AXIS2_PLACEMENT_3D('',#4141,#3500,#3501);
#2932=AXIS2_PLACEMENT_3D('',#4142,#3502,#3503);
#2933=AXIS2_PLACEMENT_3D('',#4143,#3504,#3505);
#2934=AXIS2_PLACEMENT_3D('',#4144,#3506,#3507);
#2935=AXIS2_PLACEMENT_3D('',#4145,#3508,#3509);
#2936=AXIS2_PLACEMENT_3D('',#4146,#3510,#3511);
#2937=AXIS2_PLACEMENT_3D('',#4147,#3512,#3513);
#2938=AXIS2_PLACEMENT_3D('',#4148,#3514,#3515);
#2939=AXIS2_PLACEMENT_3D('',#4149,#3516,#3517);
#2940=AXIS2_PLACEMENT_3D('',#4150,#3518,#3519);
#2941=AXIS2_PLACEMENT_3D('',#4151,#3520,#3521);
#2942=AXIS2_PLACEMENT_3D('',#4152,#3522,#3523);
#2943=AXIS2_PLACEMENT_3D('',#4153,#3524,#3525);
#2944=AXIS2_PLACEMENT_3D('',#4154,#3526,#3527);
#2945=AXIS2_PLACEMENT_3D('',#4155,#3528,#3529);
#2946=AXIS2_PLACEMENT_3D('',#4156,#3530,#3531);
#2947=AXIS2_PLACEMENT_3D('',#4157,#3532,#3533);
#2948=AXIS2_PLACEMENT_3D('',#4158,#3534,#3535);
#2949=AXIS2_PLACEMENT_3D('',#4160,#3536,#3537);
#2950=AXIS2_PLACEMENT_3D('',#4178,#3546,#3547);
#2951=AXIS2_PLACEMENT_3D('',#4179,#3548,#3549);
#2952=AXIS2_PLACEMENT_3D('',#4181,#3550,#3551);
#2953=AXIS2_PLACEMENT_3D('',#4183,#3552,#3553);
#2954=AXIS2_PLACEMENT_3D('',#4184,#3554,#3555);
#2955=AXIS2_PLACEMENT_3D('',#4186,#3556,#3557);
#2956=AXIS2_PLACEMENT_3D('',#4188,#3558,#3559);
#2957=AXIS2_PLACEMENT_3D('',#4189,#3560,#3561);
#2958=AXIS2_PLACEMENT_3D('',#4191,#3562,#3563);
#2959=AXIS2_PLACEMENT_3D('',#4193,#3564,#3565);
#2960=AXIS2_PLACEMENT_3D('',#4194,#3566,#3567);
#2961=AXIS2_PLACEMENT_3D('',#4196,#3568,#3569);
#2962=AXIS2_PLACEMENT_3D('',#4198,#3570,#3571);
#2963=AXIS2_PLACEMENT_3D('',#4221,#3584,#3585);
#2964=AXIS2_PLACEMENT_3D('',#4227,#3589,#3590);
#2965=AXIS2_PLACEMENT_3D('',#4231,#3593,#3594);
#2966=AXIS2_PLACEMENT_3D('',#4237,#3598,#3599);
#2967=AXIS2_PLACEMENT_3D('',#4241,#3602,#3603);
#2968=AXIS2_PLACEMENT_3D('',#4244,#3606,#3607);
#2969=AXIS2_PLACEMENT_3D('',#4245,#3608,#3609);
#2970=AXIS2_PLACEMENT_3D('',#4247,#3610,#3611);
#2971=AXIS2_PLACEMENT_3D('',#4248,#3612,#3613);
#2972=AXIS2_PLACEMENT_3D('',#4250,#3614,#3615);
#2973=AXIS2_PLACEMENT_3D('',#4251,#3616,#3617);
#2974=AXIS2_PLACEMENT_3D('',#4254,#3618,#3619);
#2975=AXIS2_PLACEMENT_3D('',#4255,#3620,#3621);
#2976=AXIS2_PLACEMENT_3D('',#4257,#3623,#3624);
#2977=AXIS2_PLACEMENT_3D('',#4258,#3625,#3626);
#2978=AXIS2_PLACEMENT_3D('',#4261,#3627,#3628);
#2979=AXIS2_PLACEMENT_3D('',#4262,#3629,#3630);
#2980=AXIS2_PLACEMENT_3D('',#4264,#3632,#3633);
#2981=AXIS2_PLACEMENT_3D('',#4268,#3636,#3637);
#2982=AXIS2_PLACEMENT_3D('',#4272,#3640,#3641);
#2983=AXIS2_PLACEMENT_3D('',#4279,#3646,#3647);
#2984=AXIS2_PLACEMENT_3D('',#4281,#3648,#3649);
#2985=AXIS2_PLACEMENT_3D('',#4283,#3650,#3651);
#2986=AXIS2_PLACEMENT_3D('',#4284,#3652,#3653);
#2987=AXIS2_PLACEMENT_3D('',#4285,#3654,#3655);
#2988=AXIS2_PLACEMENT_3D('',#4287,#3656,#3657);
#2989=AXIS2_PLACEMENT_3D('',#4288,#3658,#3659);
#2990=AXIS2_PLACEMENT_3D('',#4289,#3660,#3661);
#2991=AXIS2_PLACEMENT_3D('',#4291,#3662,#3663);
#2992=AXIS2_PLACEMENT_3D('',#4292,#3664,#3665);
#2993=AXIS2_PLACEMENT_3D('',#4293,#3666,#3667);
#2994=AXIS2_PLACEMENT_3D('',#4295,#3668,#3669);
#2995=AXIS2_PLACEMENT_3D('',#4296,#3670,#3671);
#2996=AXIS2_PLACEMENT_3D('',#4297,#3672,#3673);
#2997=AXIS2_PLACEMENT_3D('',#4299,#3674,#3675);
#2998=AXIS2_PLACEMENT_3D('',#4300,#3676,#3677);
#2999=AXIS2_PLACEMENT_3D('',#4302,#3679,#3680);
#3000=AXIS2_PLACEMENT_3D('',#4304,#3682,#3683);
#3001=AXIS2_PLACEMENT_3D('',#4305,#3684,#3685);
#3002=DIRECTION('',(0.,0.,1.));
#3003=DIRECTION('',(1.,0.,0.));
#3004=DIRECTION('',(-1.,0.,0.));
#3005=DIRECTION('',(0.,0.,1.));
#3006=DIRECTION('',(1.,0.,0.));
#3007=DIRECTION('',(0.,0.,-1.));
#3008=DIRECTION('',(1.,0.,0.));
#3009=DIRECTION('',(0.,0.,-1.));
#3010=DIRECTION('',(1.,0.,0.));
#3011=DIRECTION('',(0.,1.,0.));
#3012=DIRECTION('',(1.,0.,0.));
#3013=DIRECTION('',(0.,0.,-1.));
#3014=DIRECTION('',(1.,0.,0.));
#3015=DIRECTION('',(0.,1.,0.));
#3016=DIRECTION('',(1.,0.,0.));
#3017=DIRECTION('',(0.,0.,-1.));
#3018=DIRECTION('',(1.,0.,0.));
#3019=DIRECTION('',(0.,0.,-1.));
#3020=DIRECTION('',(0.,0.,1.));
#3021=DIRECTION('',(5.55111512312578E-17,-1.,0.));
#3022=DIRECTION('',(0.,0.,1.));
#3023=DIRECTION('',(1.,0.,0.));
#3024=DIRECTION('',(0.,0.,1.));
#3025=DIRECTION('',(-1.,0.,0.));
#3026=DIRECTION('',(0.,0.,-1.));
#3027=DIRECTION('',(-1.,0.,0.));
#3028=DIRECTION('',(0.,0.,1.));
#3029=DIRECTION('',(-1.,0.,0.));
#3030=DIRECTION('',(-0.996194698091746,0.0871557427476592,0.));
#3031=DIRECTION('',(3.02005052613716E-16,-1.,0.));
#3032=DIRECTION('',(-1.,0.,0.));
#3033=DIRECTION('',(3.36227445374064E-16,-1.,0.));
#3034=DIRECTION('',(-0.64278760968654,0.766044443118978,0.));
#3035=DIRECTION('',(0.766044443118978,0.642787609686539,0.));
#3036=DIRECTION('',(0.996194698091745,-0.0871557427476605,0.));
#3037=DIRECTION('',(0.642787609686539,-0.766044443118979,0.));
#3038=DIRECTION('',(-0.0871557427476575,-0.996194698091746,0.));
#3039=DIRECTION('',(-0.766044443118978,-0.64278760968654,0.));
#3040=DIRECTION('',(0.,0.,-1.));
#3041=DIRECTION('',(-1.,0.,0.));
#3042=DIRECTION('',(1.,3.02005052613716E-16,0.));
#3043=DIRECTION('',(-3.02005052613716E-16,1.,0.));
#3044=DIRECTION('',(0.,0.,-1.));
#3045=DIRECTION('',(3.02005052613716E-16,-1.,0.));
#3046=DIRECTION('',(0.,0.,-1.));
#3047=DIRECTION('',(0.64278760968654,-0.766044443118978,0.));
#3048=DIRECTION('',(0.766044443118978,0.64278760968654,0.));
#3049=DIRECTION('',(-0.766044443118978,-0.64278760968654,0.));
#3050=DIRECTION('',(0.,0.,-1.));
#3051=DIRECTION('',(0.,0.,1.));
#3052=DIRECTION('',(0.766044443118979,0.642787609686539,0.));
#3053=DIRECTION('',(-0.642787609686539,0.766044443118979,0.));
#3054=DIRECTION('',(0.,0.,1.));
#3055=DIRECTION('',(0.642787609686539,-0.766044443118979,0.));
#3056=DIRECTION('',(0.,0.,-1.));
#3057=DIRECTION('',(-0.642787609686539,0.766044443118978,0.));
#3058=DIRECTION('',(-0.766044443118978,-0.642787609686539,0.));
#3059=DIRECTION('',(0.766044443118978,0.642787609686539,0.));
#3060=DIRECTION('',(0.,0.,-1.));
#3061=DIRECTION('',(0.,0.,-1.));
#3062=DIRECTION('',(-0.766044443118978,-0.64278760968654,0.));
#3063=DIRECTION('',(0.64278760968654,-0.766044443118978,0.));
#3064=DIRECTION('',(0.,0.,-1.));
#3065=DIRECTION('',(-0.64278760968654,0.766044443118978,0.));
#3066=DIRECTION('',(1.,3.36227445374064E-16,0.));
#3067=DIRECTION('',(-3.36227445374064E-16,1.,0.));
#3068=DIRECTION('',(0.,0.,-1.));
#3069=DIRECTION('',(3.36227445374064E-16,-1.,0.));
#3070=DIRECTION('',(0.,-1.,0.));
#3071=DIRECTION('',(0.,0.,-1.));
#3072=DIRECTION('',(0.,1.,0.));
#3073=DIRECTION('',(0.,0.,1.));
#3074=DIRECTION('',(-1.,0.,0.));
#3075=DIRECTION('',(0.,0.,1.));
#3076=DIRECTION('',(1.,0.,0.));
#3077=DIRECTION('',(0.996194698091746,-0.0871557427476592,0.));
#3078=DIRECTION('',(0.0871557427476575,0.996194698091746,0.));
#3079=DIRECTION('',(-0.996194698091745,0.0871557427476605,0.));
#3080=DIRECTION('',(0.,0.,-1.));
#3081=DIRECTION('',(-1.,0.,0.));
#3082=DIRECTION('',(0.,0.,1.));
#3083=DIRECTION('',(-1.,0.,0.));
#3084=DIRECTION('',(0.,0.,-1.));
#3085=DIRECTION('',(1.,0.,0.));
#3086=DIRECTION('',(0.,0.,-1.));
#3087=DIRECTION('',(-1.,0.,0.));
#3088=DIRECTION('',(0.,0.,-1.));
#3089=DIRECTION('',(-1.,0.,0.));
#3090=DIRECTION('',(0.,0.,-1.));
#3091=DIRECTION('',(1.,0.,0.));
#3092=DIRECTION('',(0.,0.,-1.));
#3093=DIRECTION('',(-1.,0.,0.));
#3094=DIRECTION('',(0.,0.,-1.));
#3095=DIRECTION('',(-1.,0.,0.));
#3096=DIRECTION('',(0.,0.,-1.));
#3097=DIRECTION('',(1.,0.,0.));
#3098=DIRECTION('',(0.,0.,-1.));
#3099=DIRECTION('',(-1.,0.,0.));
#3100=DIRECTION('',(0.,0.,1.));
#3101=DIRECTION('',(-1.,0.,0.));
#3102=DIRECTION('',(0.,0.,-1.));
#3103=DIRECTION('',(1.,0.,0.));
#3104=DIRECTION('',(-0.0871557427476592,-0.996194698091745,0.));
#3105=DIRECTION('',(0.,0.,-1.));
#3106=DIRECTION('',(0.0871557427476605,0.996194698091745,0.));
#3107=DIRECTION('',(0.,0.,-1.));
#3108=DIRECTION('',(0.996194698091746,-0.0871557427476575,0.));
#3109=DIRECTION('',(0.,0.,-1.));
#3110=DIRECTION('',(0.,-1.,0.));
#3111=DIRECTION('',(0.,0.,-1.));
#3112=DIRECTION('',(0.,1.,0.));
#3113=DIRECTION('',(0.,0.,1.));
#3114=DIRECTION('',(0.,1.,0.));
#3115=DIRECTION('',(-1.,0.,0.));
#3116=DIRECTION('',(0.,0.,1.));
#3117=DIRECTION('',(-0.707106781186548,-0.707106781186548,0.));
#3118=DIRECTION('',(0.,0.,1.));
#3119=DIRECTION('',(5.55111512312578E-17,-1.,0.));
#3120=DIRECTION('',(0.,0.,1.));
#3121=DIRECTION('',(2.22044604925032E-16,1.,0.));
#3122=DIRECTION('',(0.,0.,1.));
#3123=DIRECTION('',(2.22044604925032E-16,1.,0.));
#3124=DIRECTION('',(0.707106781186543,0.612372435695797,-0.353553390593279));
#3125=DIRECTION('',(0.,-0.5,-0.866025403784436));
#3126=DIRECTION('',(0.707106781186552,-0.612372435695789,0.353553390593274));
#3127=DIRECTION('',(0.,-0.5,-0.866025403784436));
#3128=DIRECTION('',(-0.707106781186552,0.612372435695775,-0.353553390593299));
#3129=DIRECTION('',(0.,0.5,0.866025403784436));
#3130=DIRECTION('',(0.707106781186545,-0.612372435695796,0.353553390593277));
#3131=DIRECTION('',(0.,0.5,0.866025403784437));
#3132=DIRECTION('',(0.70710678118655,0.612372435695776,-0.3535533905933));
#3133=DIRECTION('',(0.,0.5,0.866025403784437));
#3134=DIRECTION('',(-0.70710678118655,-0.612372435695791,0.353553390593276));
#3135=DIRECTION('',(0.,-0.5,-0.866025403784437));
#3136=DIRECTION('',(-0.707106781186541,0.6123724356958,-0.353553390593278));
#3137=DIRECTION('',(0.,-0.5,-0.866025403784438));
#3138=DIRECTION('',(0.707106781186554,0.612372435695788,-0.353553390593274));
#3139=DIRECTION('',(0.,0.5,0.866025403784438));
#3140=DIRECTION('',(-0.707106781186554,-0.612372435695787,0.353553390593274));
#3141=DIRECTION('',(0.,-0.5,-0.866025403784438));
#3142=DIRECTION('',(-0.707106781186544,-0.612372435695796,0.353553390593279));
#3143=DIRECTION('',(0.,0.5,0.866025403784436));
#3144=DIRECTION('',(0.707106781186551,-0.61237243569579,0.353553390593276));
#3145=DIRECTION('',(0.,-0.5,-0.866025403784436));
#3146=DIRECTION('',(-0.707106781186551,0.61237243569579,-0.353553390593275));
#3147=DIRECTION('',(0.,0.5,0.866025403784436));
#3148=DIRECTION('',(-1.,0.,0.));
#3149=DIRECTION('',(0.,0.,1.));
#3150=DIRECTION('',(0.,0.866025403784436,-0.5));
#3151=DIRECTION('',(0.,-0.866025403784437,0.5));
#3152=DIRECTION('',(0.,-0.5,-0.866025403784437));
#3153=DIRECTION('',(0.,0.866025403784437,-0.5));
#3154=DIRECTION('',(-1.,0.,0.));
#3155=DIRECTION('',(0.,-0.866025403784437,0.5));
#3156=DIRECTION('',(-1.,0.,0.));
#3157=DIRECTION('',(0.,-0.5,-0.866025403784437));
#3158=DIRECTION('',(0.,0.866025403784437,-0.5));
#3159=DIRECTION('',(0.,-0.866025403784436,0.5));
#3160=DIRECTION('',(0.,-0.5,-0.866025403784436));
#3161=DIRECTION('',(-1.,0.,0.));
#3162=DIRECTION('',(0.,0.5,0.866025403784436));
#3163=DIRECTION('',(0.,0.5,0.866025403784436));
#3164=DIRECTION('',(0.,-0.866025403784436,0.5));
#3165=DIRECTION('',(-1.,0.,0.));
#3166=DIRECTION('',(0.,0.866025403784436,-0.5));
#3167=DIRECTION('',(0.,-0.5,-0.866025403784437));
#3168=DIRECTION('',(0.,0.866025403784437,-0.5));
#3169=DIRECTION('',(0.,0.866025403784438,-0.5));
#3170=DIRECTION('',(0.,0.5,0.866025403784438));
#3171=DIRECTION('',(0.,-0.5,-0.866025403784438));
#3172=DIRECTION('',(-1.,0.,0.));
#3173=DIRECTION('',(0.,0.,1.));
#3174=DIRECTION('',(0.,-0.866025403784416,0.500000000000039));
#3175=DIRECTION('',(0.,0.866025403784437,-0.5));
#3176=DIRECTION('',(0.,-0.866025403784436,0.5));
#3177=DIRECTION('',(0.,-0.5,-0.866025403784436));
#3178=DIRECTION('',(-1.,0.,0.));
#3179=DIRECTION('',(-1.,0.,0.));
#3180=DIRECTION('',(0.,0.5,0.866025403784436));
#3181=DIRECTION('',(0.,0.5,0.866025403784437));
#3182=DIRECTION('',(0.,-0.866025403784437,0.5));
#3183=DIRECTION('',(-1.,0.,0.));
#3184=DIRECTION('',(0.,0.866025403784437,-0.5));
#3185=DIRECTION('',(0.,0.5,0.866025403784437));
#3186=DIRECTION('',(0.,-0.866025403784437,0.5));
#3187=DIRECTION('',(0.,0.866025403784437,-0.5));
#3188=DIRECTION('',(0.,0.5,0.866025403784437));
#3189=DIRECTION('',(-1.,0.,0.));
#3190=DIRECTION('',(0.,-0.5,-0.866025403784437));
#3191=DIRECTION('',(0.,-0.500000000000039,-0.866025403784416));
#3192=DIRECTION('',(0.,0.866025403784416,-0.500000000000039));
#3193=DIRECTION('',(0.,-0.866025403784416,0.500000000000039));
#3194=DIRECTION('',(0.,-0.500000000000039,-0.866025403784416));
#3195=DIRECTION('',(0.,0.866025403784416,-0.500000000000039));
#3196=DIRECTION('',(1.,0.,0.));
#3197=DIRECTION('',(0.,0.,-1.));
#3198=DIRECTION('',(-1.,0.,0.));
#3199=DIRECTION('',(0.,0.,-1.));
#3200=DIRECTION('',(1.,0.,0.));
#3201=DIRECTION('',(0.,0.,-1.));
#3202=DIRECTION('',(1.,0.,0.));
#3203=DIRECTION('',(0.,0.,-1.));
#3204=DIRECTION('',(1.,0.,0.));
#3205=DIRECTION('',(0.,0.,-1.));
#3206=DIRECTION('',(-1.,0.,0.));
#3207=DIRECTION('',(0.,0.,-1.));
#3208=DIRECTION('',(1.,0.,0.));
#3209=DIRECTION('',(0.,0.,-1.));
#3210=DIRECTION('',(1.,0.,0.));
#3211=DIRECTION('',(0.,0.,-1.));
#3212=DIRECTION('',(1.,0.,0.));
#3213=DIRECTION('',(0.,0.,-1.));
#3214=DIRECTION('',(1.,0.,0.));
#3215=DIRECTION('',(0.,0.,-1.));
#3216=DIRECTION('',(1.,0.,0.));
#3217=DIRECTION('',(0.,0.,-1.));
#3218=DIRECTION('',(-1.,0.,0.));
#3219=DIRECTION('',(0.,0.,-1.));
#3220=DIRECTION('',(1.,0.,0.));
#3221=DIRECTION('',(0.,0.,-1.));
#3222=DIRECTION('',(-1.,0.,0.));
#3223=DIRECTION('',(0.,0.,-1.));
#3224=DIRECTION('',(-1.,0.,0.));
#3225=DIRECTION('',(0.,0.,-1.));
#3226=DIRECTION('',(-1.,0.,0.));
#3227=DIRECTION('',(0.,0.,-1.));
#3228=DIRECTION('',(-1.,0.,0.));
#3229=DIRECTION('',(0.,0.,-1.));
#3230=DIRECTION('',(1.,0.,0.));
#3231=DIRECTION('',(0.,0.,-1.));
#3232=DIRECTION('',(1.,0.,0.));
#3233=DIRECTION('',(1.,0.,0.));
#3234=DIRECTION('',(1.,0.,0.));
#3235=DIRECTION('',(0.,0.,1.));
#3236=DIRECTION('',(1.,0.,0.));
#3237=DIRECTION('',(0.,0.,-1.));
#3238=DIRECTION('',(-1.,0.,0.));
#3239=DIRECTION('',(0.,0.,1.));
#3240=DIRECTION('',(1.,0.,0.));
#3241=DIRECTION('',(1.,0.,0.));
#3242=DIRECTION('',(1.,0.,0.));
#3243=DIRECTION('',(0.,0.,-1.));
#3244=DIRECTION('',(1.,0.,0.));
#3245=DIRECTION('',(0.,0.,1.));
#3246=DIRECTION('',(1.,0.,0.));
#3247=DIRECTION('',(0.,0.,-1.));
#3248=DIRECTION('',(1.,0.,0.));
#3249=DIRECTION('',(0.,0.,-1.));
#3250=DIRECTION('',(1.,0.,0.));
#3251=DIRECTION('',(0.,0.,-1.));
#3252=DIRECTION('',(1.,0.,0.));
#3253=DIRECTION('',(0.,0.,-1.));
#3254=DIRECTION('',(1.,0.,0.));
#3255=DIRECTION('',(0.,0.,-1.));
#3256=DIRECTION('',(1.,0.,0.));
#3257=DIRECTION('',(0.,0.,-1.));
#3258=DIRECTION('',(1.,0.,0.));
#3259=DIRECTION('',(0.,0.,-1.));
#3260=DIRECTION('',(1.,0.,0.));
#3261=DIRECTION('',(1.,0.,0.));
#3262=DIRECTION('',(1.,0.,0.));
#3263=DIRECTION('',(0.,0.,-1.));
#3264=DIRECTION('',(1.,0.,0.));
#3265=DIRECTION('',(-1.,0.,0.));
#3266=DIRECTION('',(0.,0.,-1.));
#3267=DIRECTION('',(1.,0.,0.));
#3268=DIRECTION('',(0.,0.,-1.));
#3269=DIRECTION('',(1.,0.,0.));
#3270=DIRECTION('',(0.,0.,-1.));
#3271=DIRECTION('',(1.,0.,0.));
#3272=DIRECTION('',(-1.,0.,0.));
#3273=DIRECTION('',(0.,0.,1.));
#3274=DIRECTION('',(1.,0.,0.));
#3275=DIRECTION('',(0.,0.,-1.));
#3276=DIRECTION('',(-1.,0.,0.));
#3277=DIRECTION('',(0.,0.,1.));
#3278=DIRECTION('',(-1.,0.,0.));
#3279=DIRECTION('',(0.,0.,1.));
#3280=DIRECTION('',(1.,0.,0.));
#3281=DIRECTION('',(0.,0.,1.));
#3282=DIRECTION('',(1.,0.,0.));
#3283=DIRECTION('',(0.,0.,-1.));
#3284=DIRECTION('',(1.,0.,0.));
#3285=DIRECTION('',(0.,0.,-1.));
#3286=DIRECTION('',(0.,0.5,0.866025403784436));
#3287=DIRECTION('',(1.,0.,0.));
#3288=DIRECTION('',(0.,0.,-1.));
#3289=DIRECTION('',(0.,-0.5,-0.866025403784436));
#3290=DIRECTION('',(1.,0.,0.));
#3291=DIRECTION('',(0.,0.,-1.));
#3292=DIRECTION('',(1.,0.,0.));
#3293=DIRECTION('',(0.,0.,-1.));
#3294=DIRECTION('',(0.,0.5,0.866025403784437));
#3295=DIRECTION('',(1.,0.,0.));
#3296=DIRECTION('',(0.,0.,1.));
#3297=DIRECTION('',(0.,-0.5,-0.866025403784436));
#3298=DIRECTION('',(1.,0.,0.));
#3299=DIRECTION('',(0.,0.,1.));
#3300=DIRECTION('',(1.,0.,0.));
#3301=DIRECTION('',(0.,0.,1.));
#3302=DIRECTION('',(1.,0.,0.));
#3303=DIRECTION('',(0.,0.,-1.));
#3304=DIRECTION('',(-1.,0.,0.));
#3305=DIRECTION('',(0.,0.,-1.));
#3306=DIRECTION('',(1.,0.,0.));
#3307=DIRECTION('',(0.,0.,-1.));
#3308=DIRECTION('',(1.,0.,0.));
#3309=DIRECTION('',(0.,0.,-1.));
#3310=DIRECTION('',(1.,0.,0.));
#3311=DIRECTION('',(0.,0.,1.));
#3312=DIRECTION('',(1.,0.,0.));
#3313=DIRECTION('',(0.,0.,1.));
#3314=DIRECTION('',(1.,0.,0.));
#3315=DIRECTION('',(0.,0.,-1.));
#3316=DIRECTION('',(1.,0.,0.));
#3317=DIRECTION('',(0.,0.,-1.));
#3318=DIRECTION('',(-1.,0.,0.));
#3319=DIRECTION('',(0.,0.,1.));
#3320=DIRECTION('',(-1.,0.,0.));
#3321=DIRECTION('',(0.,0.,1.));
#3322=DIRECTION('',(1.,0.,0.));
#3323=DIRECTION('',(0.,0.,-1.));
#3324=DIRECTION('',(-1.,0.,0.));
#3325=DIRECTION('',(0.,0.,1.));
#3326=DIRECTION('',(-1.,0.,0.));
#3327=DIRECTION('',(0.,0.,1.));
#3328=DIRECTION('',(0.,-1.,0.));
#3329=DIRECTION('',(0.,0.,-1.));
#3330=DIRECTION('',(0.,0.,1.));
#3331=DIRECTION('',(-1.,0.,0.));
#3332=DIRECTION('',(0.,0.,1.));
#3333=DIRECTION('',(-1.,0.,0.));
#3334=DIRECTION('',(-1.,0.,0.));
#3335=DIRECTION('',(0.,0.,1.));
#3336=DIRECTION('',(-1.,0.,0.));
#3337=DIRECTION('',(0.,0.,1.));
#3338=DIRECTION('',(1.,0.,0.));
#3339=DIRECTION('',(0.,0.,-1.));
#3340=DIRECTION('',(-1.,0.,0.));
#3341=DIRECTION('',(0.,0.,1.));
#3342=DIRECTION('',(-1.,0.,0.));
#3343=DIRECTION('',(0.,0.,-1.));
#3344=DIRECTION('',(1.,0.,0.));
#3345=DIRECTION('',(0.,0.,-1.));
#3346=DIRECTION('',(-1.,0.,0.));
#3347=DIRECTION('',(0.,-8.88178419700125E-16,-1.));
#3348=DIRECTION('',(-1.,0.,0.));
#3349=DIRECTION('',(0.,0.,1.));
#3350=DIRECTION('',(-1.,0.,0.));
#3351=DIRECTION('',(0.,0.,1.));
#3352=DIRECTION('',(1.,0.,0.));
#3353=DIRECTION('',(0.,0.,-1.));
#3354=DIRECTION('',(-1.,0.,0.));
#3355=DIRECTION('',(0.,0.,1.));
#3356=DIRECTION('',(-1.,0.,0.));
#3357=DIRECTION('',(0.,0.,1.));
#3358=DIRECTION('',(-1.,0.,0.));
#3359=DIRECTION('',(0.,0.,1.));
#3360=DIRECTION('',(1.,0.,0.));
#3361=DIRECTION('',(0.,0.,-1.));
#3362=DIRECTION('',(-1.,0.,0.));
#3363=DIRECTION('',(0.,0.,1.));
#3364=DIRECTION('',(-1.,0.,0.));
#3365=DIRECTION('',(0.,0.,1.));
#3366=DIRECTION('',(-1.,0.,0.));
#3367=DIRECTION('',(0.,0.,1.));
#3368=DIRECTION('',(-1.,0.,0.));
#3369=DIRECTION('',(0.,0.,1.));
#3370=DIRECTION('',(-1.,0.,0.));
#3371=DIRECTION('',(0.,0.,1.));
#3372=DIRECTION('',(-1.,0.,0.));
#3373=DIRECTION('',(0.,0.,1.));
#3374=DIRECTION('',(0.,-0.866025403784436,0.5));
#3375=DIRECTION('',(0.,-0.5,-0.866025403784436));
#3376=DIRECTION('',(1.,0.,0.));
#3377=DIRECTION('',(0.,-0.5,-0.866025403784436));
#3378=DIRECTION('',(1.,0.,0.));
#3379=DIRECTION('',(0.,0.866025403784436,-0.5));
#3380=DIRECTION('',(0.,0.5,0.866025403784436));
#3381=DIRECTION('',(1.,0.,0.));
#3382=DIRECTION('',(0.,-0.5,-0.866025403784436));
#3383=DIRECTION('',(1.,0.,0.));
#3384=DIRECTION('',(1.,0.,0.));
#3385=DIRECTION('',(0.,0.,-1.));
#3386=DIRECTION('',(1.,0.,0.));
#3387=DIRECTION('',(0.,0.,-1.));
#3388=DIRECTION('',(0.,-0.866025403784436,0.5));
#3389=DIRECTION('',(0.,-0.5,-0.866025403784436));
#3390=DIRECTION('',(1.,0.,0.));
#3391=DIRECTION('',(0.,-0.5,-0.866025403784436));
#3392=DIRECTION('',(1.,0.,0.));
#3393=DIRECTION('',(0.,0.866025403784437,-0.5));
#3394=DIRECTION('',(0.,0.5,0.866025403784437));
#3395=DIRECTION('',(1.,0.,0.));
#3396=DIRECTION('',(0.,-0.5,-0.866025403784437));
#3397=DIRECTION('',(1.,0.,0.));
#3398=DIRECTION('',(1.,0.,0.));
#3399=DIRECTION('',(0.,0.,-1.));
#3400=DIRECTION('',(-1.,0.,0.));
#3401=DIRECTION('',(0.,0.,-1.));
#3402=DIRECTION('',(1.,0.,0.));
#3403=DIRECTION('',(0.,0.,-1.));
#3404=DIRECTION('',(1.,0.,0.));
#3405=DIRECTION('',(0.,0.,-1.));
#3406=DIRECTION('',(1.,0.,0.));
#3407=DIRECTION('',(0.,0.,-1.));
#3408=DIRECTION('',(-1.,0.,0.));
#3409=DIRECTION('',(0.,0.,-1.));
#3410=DIRECTION('',(1.,0.,0.));
#3411=DIRECTION('',(0.,0.,-1.));
#3412=DIRECTION('',(1.,0.,0.));
#3413=DIRECTION('',(0.,0.,-1.));
#3414=DIRECTION('',(1.,0.,0.));
#3415=DIRECTION('',(0.,0.,-1.));
#3416=DIRECTION('',(1.,0.,0.));
#3417=DIRECTION('',(0.,0.,-1.));
#3418=DIRECTION('',(1.,0.,0.));
#3419=DIRECTION('',(0.,0.,-1.));
#3420=DIRECTION('',(1.,0.,0.));
#3421=DIRECTION('',(0.,0.,-1.));
#3422=DIRECTION('',(-1.,0.,0.));
#3423=DIRECTION('',(0.,0.,1.));
#3424=DIRECTION('',(-1.,0.,0.));
#3425=DIRECTION('',(0.,0.,1.));
#3426=DIRECTION('',(-1.,0.,0.));
#3427=DIRECTION('',(0.,0.,1.));
#3428=DIRECTION('',(-1.,0.,0.));
#3429=DIRECTION('',(0.,0.,1.));
#3430=DIRECTION('',(1.,0.,0.));
#3431=DIRECTION('',(0.,0.,-1.));
#3432=DIRECTION('',(-1.,0.,0.));
#3433=DIRECTION('',(0.,0.,1.));
#3434=DIRECTION('',(-1.,0.,0.));
#3435=DIRECTION('',(0.,0.,1.));
#3436=DIRECTION('',(-1.,0.,0.));
#3437=DIRECTION('',(0.,0.,1.));
#3438=DIRECTION('',(-1.,0.,0.));
#3439=DIRECTION('',(0.,0.,1.));
#3440=DIRECTION('',(-1.,0.,0.));
#3441=DIRECTION('',(0.,0.,1.));
#3442=DIRECTION('',(1.,0.,0.));
#3443=DIRECTION('',(0.,0.,-1.));
#3444=DIRECTION('',(-1.,0.,0.));
#3445=DIRECTION('',(0.,0.,1.));
#3446=DIRECTION('',(-1.,0.,0.));
#3447=DIRECTION('',(0.,0.,1.));
#3448=DIRECTION('',(-1.,0.,0.));
#3449=DIRECTION('',(0.,0.,1.));
#3450=DIRECTION('',(-1.,0.,0.));
#3451=DIRECTION('',(0.,0.,1.));
#3452=DIRECTION('',(1.,0.,0.));
#3453=DIRECTION('',(0.,0.,-1.));
#3454=DIRECTION('',(-1.,0.,0.));
#3455=DIRECTION('',(0.,0.,1.));
#3456=DIRECTION('',(1.,0.,0.));
#3457=DIRECTION('',(0.,0.,-1.));
#3458=DIRECTION('',(-1.,0.,0.));
#3459=DIRECTION('',(0.,0.,1.));
#3460=DIRECTION('',(-1.,0.,0.));
#3461=DIRECTION('',(0.,0.,1.));
#3462=DIRECTION('',(-1.,0.,0.));
#3463=DIRECTION('',(0.,0.,1.));
#3464=DIRECTION('',(-1.,0.,0.));
#3465=DIRECTION('',(0.,0.,1.));
#3466=DIRECTION('',(-1.,0.,0.));
#3467=DIRECTION('',(0.,0.,1.));
#3468=DIRECTION('',(-1.,0.,0.));
#3469=DIRECTION('',(0.,0.,1.));
#3470=DIRECTION('',(-1.,0.,0.));
#3471=DIRECTION('',(0.,0.,1.));
#3472=DIRECTION('',(-1.,0.,0.));
#3473=DIRECTION('',(0.,0.,1.));
#3474=DIRECTION('',(-1.,0.,0.));
#3475=DIRECTION('',(0.,0.,1.));
#3476=DIRECTION('',(-1.,0.,0.));
#3477=DIRECTION('',(0.,0.,1.));
#3478=DIRECTION('',(-1.,0.,0.));
#3479=DIRECTION('',(0.,0.,1.));
#3480=DIRECTION('',(-1.,0.,0.));
#3481=DIRECTION('',(0.,0.,1.));
#3482=DIRECTION('',(-1.,0.,0.));
#3483=DIRECTION('',(0.,0.,1.));
#3484=DIRECTION('',(-1.,0.,0.));
#3485=DIRECTION('',(0.,0.,1.));
#3486=DIRECTION('',(1.,0.,0.));
#3487=DIRECTION('',(0.,0.,-1.));
#3488=DIRECTION('',(1.,0.,0.));
#3489=DIRECTION('',(0.,0.,-1.));
#3490=DIRECTION('',(1.,0.,0.));
#3491=DIRECTION('',(0.,0.,-1.));
#3492=DIRECTION('',(-1.,0.,0.));
#3493=DIRECTION('',(0.,0.,1.));
#3494=DIRECTION('',(-1.,0.,0.));
#3495=DIRECTION('',(0.,0.,1.));
#3496=DIRECTION('',(-1.,0.,0.));
#3497=DIRECTION('',(0.,0.,1.));
#3498=DIRECTION('',(1.,0.,0.));
#3499=DIRECTION('',(0.,0.,-1.));
#3500=DIRECTION('',(1.,0.,0.));
#3501=DIRECTION('',(0.,0.,-1.));
#3502=DIRECTION('',(1.,0.,0.));
#3503=DIRECTION('',(0.,0.,-1.));
#3504=DIRECTION('',(1.,0.,0.));
#3505=DIRECTION('',(0.,0.,-1.));
#3506=DIRECTION('',(1.,0.,0.));
#3507=DIRECTION('',(0.,0.,-1.));
#3508=DIRECTION('',(0.,-0.5,-0.866025403784437));
#3509=DIRECTION('',(0.,0.866025403784438,-0.5));
#3510=DIRECTION('',(0.,-0.5,-0.866025403784437));
#3511=DIRECTION('',(0.,0.866025403784436,-0.5));
#3512=DIRECTION('',(-4.74549138297015E-31,5.55111512312578E-17,-1.));
#3513=DIRECTION('',(-1.11022302462516E-16,-1.,-5.55111512312578E-17));
#3514=DIRECTION('',(0.,0.,1.));
#3515=DIRECTION('',(1.11022302462516E-16,1.,0.));
#3516=DIRECTION('',(0.,0.,1.));
#3517=DIRECTION('',(2.22044604925032E-16,1.,0.));
#3518=DIRECTION('',(-4.74549138297015E-31,5.55111512312578E-17,-1.));
#3519=DIRECTION('',(-1.11022302462516E-16,-1.,-5.55111512312578E-17));
#3520=DIRECTION('',(0.,0.,1.));
#3521=DIRECTION('',(1.11022302462516E-16,1.,0.));
#3522=DIRECTION('',(0.,0.,1.));
#3523=DIRECTION('',(5.55111512312578E-17,-1.,0.));
#3524=DIRECTION('',(5.14344759013266E-16,7.3778415188161E-16,-1.));
#3525=DIRECTION('',(-0.707106781186548,0.707106781186547,1.5799550988141E-16));
#3526=DIRECTION('',(0.,0.,1.));
#3527=DIRECTION('',(2.22044604925032E-16,1.,0.));
#3528=DIRECTION('',(0.,0.,1.));
#3529=DIRECTION('',(5.55111512312578E-17,-1.,0.));
#3530=DIRECTION('',(0.,0.,1.));
#3531=DIRECTION('',(2.22044604925032E-16,1.,0.));
#3532=DIRECTION('',(0.,1.,0.));
#3533=DIRECTION('',(0.,0.,1.));
#3534=DIRECTION('',(0.,-1.,0.));
#3535=DIRECTION('',(0.,0.,-1.));
#3536=DIRECTION('',(0.,-1.,0.));
#3537=DIRECTION('',(0.,0.,-1.));
#3538=DIRECTION('',(0.,0.,-1.));
#3539=DIRECTION('',(1.,0.,0.));
#3540=DIRECTION('',(0.,0.,-1.));
#3541=DIRECTION('',(1.,0.,0.));
#3542=DIRECTION('',(0.,0.,-1.));
#3543=DIRECTION('',(1.,0.,0.));
#3544=DIRECTION('',(0.,0.,-1.));
#3545=DIRECTION('',(1.,0.,0.));
#3546=DIRECTION('',(0.,-1.,0.));
#3547=DIRECTION('',(0.,0.,-1.));
#3548=DIRECTION('',(0.,-1.,0.));
#3549=DIRECTION('',(0.,0.,-1.));
#3550=DIRECTION('',(0.,1.,0.));
#3551=DIRECTION('',(0.,0.,1.));
#3552=DIRECTION('',(0.,-1.,0.));
#3553=DIRECTION('',(0.,0.,-1.));
#3554=DIRECTION('',(0.,-1.,0.));
#3555=DIRECTION('',(0.,0.,-1.));
#3556=DIRECTION('',(0.,1.,0.));
#3557=DIRECTION('',(0.,0.,1.));
#3558=DIRECTION('',(0.,-1.,0.));
#3559=DIRECTION('',(0.,0.,-1.));
#3560=DIRECTION('',(0.,-1.,0.));
#3561=DIRECTION('',(0.,0.,-1.));
#3562=DIRECTION('',(0.,-1.,0.));
#3563=DIRECTION('',(0.,0.,-1.));
#3564=DIRECTION('',(0.,-1.,0.));
#3565=DIRECTION('',(0.,0.,-1.));
#3566=DIRECTION('',(0.,-1.,0.));
#3567=DIRECTION('',(0.,0.,-1.));
#3568=DIRECTION('',(0.,-1.,0.));
#3569=DIRECTION('',(0.,0.,-1.));
#3570=DIRECTION('',(0.,0.,1.));
#3571=DIRECTION('',(1.,0.,0.));
#3572=DIRECTION('',(-3.51237599185405E-16,1.,0.));
#3573=DIRECTION('',(1.,0.,0.));
#3574=DIRECTION('',(0.,1.,0.));
#3575=DIRECTION('',(-1.,0.,0.));
#3576=DIRECTION('',(-0.707106781186548,0.707106781186547,0.));
#3577=DIRECTION('',(-2.73184799366426E-16,-1.,0.));
#3578=DIRECTION('',(-0.707106781186548,-0.707106781186547,0.));
#3579=DIRECTION('',(-1.,0.,0.));
#3580=DIRECTION('',(-2.73184799366426E-16,-1.,0.));
#3581=DIRECTION('',(-3.51237599185405E-16,1.,0.));
#3582=DIRECTION('',(0.,1.,0.));
#3583=DIRECTION('',(1.,0.,0.));
#3584=DIRECTION('',(1.,-2.73184799366426E-16,0.));
#3585=DIRECTION('',(2.73184799366426E-16,1.,0.));
#3586=DIRECTION('',(0.,0.,-1.));
#3587=DIRECTION('',(-2.73184799366426E-16,-1.,0.));
#3588=DIRECTION('',(0.,0.,-1.));
#3589=DIRECTION('',(0.,-1.,0.));
#3590=DIRECTION('',(0.,0.,-1.));
#3591=DIRECTION('',(0.,0.,1.));
#3592=DIRECTION('',(-1.,0.,0.));
#3593=DIRECTION('',(1.,-2.73184799366426E-16,0.));
#3594=DIRECTION('',(2.73184799366426E-16,1.,0.));
#3595=DIRECTION('',(0.,0.,1.));
#3596=DIRECTION('',(-2.73184799366426E-16,-1.,0.));
#3597=DIRECTION('',(0.,0.,-1.));
#3598=DIRECTION('',(0.,-1.,0.));
#3599=DIRECTION('',(0.,0.,-1.));
#3600=DIRECTION('',(-1.,0.,0.));
#3601=DIRECTION('',(0.,0.,-1.));
#3602=DIRECTION('',(0.,0.,1.));
#3603=DIRECTION('',(1.,0.,0.));
#3604=DIRECTION('',(0.707106781186548,-0.707106781186547,0.));
#3605=DIRECTION('',(0.707106781186548,0.707106781186547,0.));
#3606=DIRECTION('',(-0.707106781186547,-0.707106781186548,0.));
#3607=DIRECTION('',(0.,0.,1.));
#3608=DIRECTION('',(-0.707106781186547,-0.707106781186548,0.));
#3609=DIRECTION('',(0.707106781186548,-0.707106781186547,0.));
#3610=DIRECTION('',(0.707106781186547,-0.707106781186548,0.));
#3611=DIRECTION('',(0.,0.,-1.));
#3612=DIRECTION('',(-0.707106781186547,0.707106781186548,0.));
#3613=DIRECTION('',(-0.707106781186548,-0.707106781186547,0.));
#3614=DIRECTION('',(-0.707106781186547,0.707106781186548,0.));
#3615=DIRECTION('',(-0.707106781186548,-0.707106781186547,0.));
#3616=DIRECTION('',(-0.707106781186547,0.707106781186548,0.));
#3617=DIRECTION('',(-0.707106781186548,-0.707106781186547,0.));
#3618=DIRECTION('',(-1.,0.,0.));
#3619=DIRECTION('',(0.,1.,0.));
#3620=DIRECTION('',(-0.707106781186547,0.707106781186548,0.));
#3621=DIRECTION('',(-0.707106781186548,-0.707106781186547,0.));
#3622=DIRECTION('',(0.,0.,1.));
#3623=DIRECTION('',(-0.707106781186547,-0.707106781186548,0.));
#3624=DIRECTION('',(0.707106781186548,-0.707106781186547,0.));
#3625=DIRECTION('',(-0.707106781186547,-0.707106781186548,0.));
#3626=DIRECTION('',(0.707106781186548,-0.707106781186547,0.));
#3627=DIRECTION('',(-1.,0.,0.));
#3628=DIRECTION('',(0.,-1.,0.));
#3629=DIRECTION('',(-0.707106781186547,-0.707106781186548,0.));
#3630=DIRECTION('',(0.707106781186548,-0.707106781186547,0.));
#3631=DIRECTION('',(0.,0.,-1.));
#3632=DIRECTION('',(-1.,0.,0.));
#3633=DIRECTION('',(0.,0.,1.));
#3634=DIRECTION('',(0.,1.,0.));
#3635=DIRECTION('',(0.,0.,-1.));
#3636=DIRECTION('',(-1.,0.,0.));
#3637=DIRECTION('',(0.,0.,1.));
#3638=DIRECTION('',(0.,0.,-1.));
#3639=DIRECTION('',(0.,1.,0.));
#3640=DIRECTION('',(0.,1.,0.));
#3641=DIRECTION('',(0.,0.,1.));
#3642=DIRECTION('',(0.,0.,-1.));
#3643=DIRECTION('',(1.,0.,0.));
#3644=DIRECTION('',(0.,0.,-1.));
#3645=DIRECTION('',(1.,0.,0.));
#3646=DIRECTION('',(0.,1.,0.));
#3647=DIRECTION('',(0.,0.,1.));
#3648=DIRECTION('',(0.,1.,0.));
#3649=DIRECTION('',(0.,0.,1.));
#3650=DIRECTION('',(0.,0.,-1.));
#3651=DIRECTION('',(1.,0.,0.));
#3652=DIRECTION('',(0.,-1.,0.));
#3653=DIRECTION('',(1.,0.,0.));
#3654=DIRECTION('',(0.,-1.,0.));
#3655=DIRECTION('',(0.,0.,-1.));
#3656=DIRECTION('',(0.,-1.,0.));
#3657=DIRECTION('',(0.,0.,-1.));
#3658=DIRECTION('',(0.,-1.,0.));
#3659=DIRECTION('',(1.,0.,0.));
#3660=DIRECTION('',(0.,-1.,0.));
#3661=DIRECTION('',(0.,0.,-1.));
#3662=DIRECTION('',(0.,-1.,0.));
#3663=DIRECTION('',(0.,0.,-1.));
#3664=DIRECTION('',(0.,1.,0.));
#3665=DIRECTION('',(-1.,0.,0.));
#3666=DIRECTION('',(0.,1.,0.));
#3667=DIRECTION('',(0.,0.,1.));
#3668=DIRECTION('',(0.,1.,0.));
#3669=DIRECTION('',(0.,0.,1.));
#3670=DIRECTION('',(0.,1.,0.));
#3671=DIRECTION('',(-1.,0.,0.));
#3672=DIRECTION('',(0.,1.,0.));
#3673=DIRECTION('',(0.,0.,1.));
#3674=DIRECTION('',(0.,1.,0.));
#3675=DIRECTION('',(0.,0.,1.));
#3676=DIRECTION('',(-1.,-3.51237599185405E-16,0.));
#3677=DIRECTION('',(3.51237599185405E-16,-1.,0.));
#3678=DIRECTION('',(-3.51237599185405E-16,1.,0.));
#3679=DIRECTION('',(-1.,-3.51237599185405E-16,0.));
#3680=DIRECTION('',(3.51237599185405E-16,-1.,0.));
#3681=DIRECTION('',(-3.51237599185405E-16,1.,0.));
#3682=DIRECTION('',(0.,0.,-1.));
#3683=DIRECTION('',(1.,0.,0.));
#3684=DIRECTION('',(0.,0.,1.));
#3685=DIRECTION('',(1.,0.,0.));
#3686=CARTESIAN_POINT('',(0.,0.,0.));
#3687=CARTESIAN_POINT('',(0.0127,0.,1.99005104861445E-18));
#3688=CARTESIAN_POINT('',(0.0127,0.,1.99005104861445E-18));
#3689=CARTESIAN_POINT('',(0.0127,0.,-0.0325));
#3690=CARTESIAN_POINT('',(0.,0.,1.99005104861445E-18));
#3691=CARTESIAN_POINT('',(0.,0.,-0.0325));
#3692=CARTESIAN_POINT('',(0.0127,0.,0.));
#3693=CARTESIAN_POINT('',(0.0127,0.,4.13318294712231E-18));
#3694=CARTESIAN_POINT('',(0.0127,0.,-0.004));
#3695=CARTESIAN_POINT('',(0.,0.,0.));
#3696=CARTESIAN_POINT('',(0.,0.,4.13318294712231E-18));
#3697=CARTESIAN_POINT('',(0.,0.,-0.004));
#3698=CARTESIAN_POINT('',(-0.01778,0.,4.13318294712231E-18));
#3699=CARTESIAN_POINT('',(-0.390194317609144,-0.0654000490479469,-0.025093308595717));
#3700=CARTESIAN_POINT('',(-0.105501983898757,-0.0438804180402673,0.));
#3701=CARTESIAN_POINT('',(-0.114602050975668,-0.231752467021034,0.));
#3702=CARTESIAN_POINT('',(-0.116352050975668,-0.231752467021034,0.));
#3703=CARTESIAN_POINT('',(-0.112035106717994,-0.202184991965189,0.));
#3704=CARTESIAN_POINT('',(-0.113785106717994,-0.202184991965189,0.));
#3705=CARTESIAN_POINT('',(-0.128100590779086,-0.215665533715536,0.));
#3706=CARTESIAN_POINT('',(-0.129850590779086,-0.215665533715536,0.));
#3707=CARTESIAN_POINT('',(-0.185709180285726,-0.114890816077353,0.));
#3708=CARTESIAN_POINT('',(-0.185709180285726,-0.114890816077353,0.));
#3709=CARTESIAN_POINT('',(-0.17272,-0.116027222100848,0.));
#3710=CARTESIAN_POINT('',(-0.17272,0.0272434871267037,0.));
#3711=CARTESIAN_POINT('',(-0.17272,0.1651,0.));
#3712=CARTESIAN_POINT('',(-0.14986,0.1651,0.));
#3713=CARTESIAN_POINT('',(-0.127,0.1651,0.));
#3714=CARTESIAN_POINT('',(-0.127,-0.08255,0.));
#3715=CARTESIAN_POINT('',(-0.127,-0.1651,0.));
#3716=CARTESIAN_POINT('',(-0.102509792070943,-0.194286293282833,0.));
#3717=CARTESIAN_POINT('',(-0.0780195841418856,-0.223472586565666,0.));
#3718=CARTESIAN_POINT('',(-0.0955313601115854,-0.2381667113231,0.));
#3719=CARTESIAN_POINT('',(-0.103314371653674,-0.244697433437515,0.));
#3720=CARTESIAN_POINT('',(-0.103314371653674,-0.244697433437515,0.));
#3721=CARTESIAN_POINT('',(-0.121206538724304,-0.243132071652923,0.));
#3722=CARTESIAN_POINT('',(-0.1620235519394,-0.194488249514868,0.));
#3723=CARTESIAN_POINT('',(-0.202840565154495,-0.145844427376813,0.));
#3724=CARTESIAN_POINT('',(-0.202840565154495,-0.145844427376813,0.));
#3725=CARTESIAN_POINT('',(-0.201275203369903,-0.127952260306183,0.));
#3726=CARTESIAN_POINT('',(-0.193492191827814,-0.121421538191768,0.));
#3727=CARTESIAN_POINT('',(-0.0985365669145771,-0.218271925270689,0.));
#3728=CARTESIAN_POINT('',(-0.100286566914577,-0.218271925270689,0.));
#3729=CARTESIAN_POINT('',(-0.17272,0.0272434871267037,0.0635));
#3730=CARTESIAN_POINT('',(-0.17272,-0.116027222100848,0.0635));
#3731=CARTESIAN_POINT('',(-0.17272,-0.116027222100848,0.0635));
#3732=CARTESIAN_POINT('',(-0.17272,0.0272434871267037,0.0635));
#3733=CARTESIAN_POINT('',(-0.17272,0.1651,0.0635));
#3734=CARTESIAN_POINT('',(-0.17272,0.1651,0.0635));
#3735=CARTESIAN_POINT('',(-0.193492191827814,-0.121421538191768,0.0635));
#3736=CARTESIAN_POINT('',(-0.193492191827814,-0.121421538191768,0.0635));
#3737=CARTESIAN_POINT('',(-0.185709180285726,-0.114890816077353,0.0635));
#3738=CARTESIAN_POINT('',(-0.201275203369903,-0.127952260306183,0.0635));
#3739=CARTESIAN_POINT('',(-0.185709180285726,-0.114890816077353,0.0635));
#3740=CARTESIAN_POINT('',(-0.201275203369903,-0.127952260306183,0.0635));
#3741=CARTESIAN_POINT('',(-0.1620235519394,-0.194488249514868,0.0635));
#3742=CARTESIAN_POINT('',(-0.121206538724304,-0.243132071652923,0.0635));
#3743=CARTESIAN_POINT('',(-0.121206538724304,-0.243132071652923,0.0635));
#3744=CARTESIAN_POINT('',(-0.1620235519394,-0.194488249514868,0.0635));
#3745=CARTESIAN_POINT('',(-0.202840565154495,-0.145844427376813,0.0635));
#3746=CARTESIAN_POINT('',(-0.202840565154495,-0.145844427376813,0.0635));
#3747=CARTESIAN_POINT('',(-0.0955313601115854,-0.2381667113231,0.0635));
#3748=CARTESIAN_POINT('',(-0.0955313601115854,-0.2381667113231,0.0635));
#3749=CARTESIAN_POINT('',(-0.103314371653674,-0.244697433437515,0.0635));
#3750=CARTESIAN_POINT('',(-0.0780195841418856,-0.223472586565666,0.0635));
#3751=CARTESIAN_POINT('',(-0.103314371653674,-0.244697433437515,0.0635));
#3752=CARTESIAN_POINT('',(-0.0780195841418856,-0.223472586565666,0.0635));
#3753=CARTESIAN_POINT('',(-0.102509792070943,-0.194286293282833,0.0635));
#3754=CARTESIAN_POINT('',(-0.127,-0.1651,0.0635));
#3755=CARTESIAN_POINT('',(-0.127,-0.1651,0.0635));
#3756=CARTESIAN_POINT('',(-0.102509792070943,-0.194286293282833,0.0635));
#3757=CARTESIAN_POINT('',(-0.127,-0.08255,0.0635));
#3758=CARTESIAN_POINT('',(-0.127,0.1651,0.0635));
#3759=CARTESIAN_POINT('',(-0.127,0.1651,0.0635));
#3760=CARTESIAN_POINT('',(-0.127,-0.08255,0.0635));
#3761=CARTESIAN_POINT('',(-0.14986,0.1651,0.0635));
#3762=CARTESIAN_POINT('',(-0.14986,0.1651,0.03175));
#3763=CARTESIAN_POINT('',(-0.14986,0.1651,0.04064));
#3764=CARTESIAN_POINT('',(-0.14986,0.1651,0.0635));
#3765=CARTESIAN_POINT('',(-0.105501983898757,-0.0438804180402673,0.0635));
#3766=CARTESIAN_POINT('',(-0.112276660774883,-0.121315329068698,0.0635));
#3767=CARTESIAN_POINT('',(-0.193248237066103,-0.0362036156212489,0.0635));
#3768=CARTESIAN_POINT('',(-0.122921120910109,-0.242982065148982,0.0635));
#3769=CARTESIAN_POINT('',(-0.128100590779086,-0.215665533715536,0.017));
#3770=CARTESIAN_POINT('',(-0.128100590779086,-0.215665533715536,0.017));
#3771=CARTESIAN_POINT('',(-0.129850590779086,-0.215665533715536,0.017));
#3772=CARTESIAN_POINT('',(-0.1445117759697,-0.0438804180402673,0.017));
#3773=CARTESIAN_POINT('',(-0.112035106717994,-0.202184991965189,0.017));
#3774=CARTESIAN_POINT('',(-0.112035106717994,-0.202184991965189,0.017));
#3775=CARTESIAN_POINT('',(-0.113785106717994,-0.202184991965189,0.017));
#3776=CARTESIAN_POINT('',(-0.1445117759697,-0.0438804180402673,0.017));
#3777=CARTESIAN_POINT('',(-0.0985365669145771,-0.218271925270689,0.017));
#3778=CARTESIAN_POINT('',(-0.0985365669145771,-0.218271925270689,0.017));
#3779=CARTESIAN_POINT('',(-0.100286566914577,-0.218271925270689,0.017));
#3780=CARTESIAN_POINT('',(-0.1445117759697,-0.0438804180402673,0.017));
#3781=CARTESIAN_POINT('',(-0.114602050975668,-0.231752467021034,0.017));
#3782=CARTESIAN_POINT('',(-0.114602050975668,-0.231752467021034,0.017));
#3783=CARTESIAN_POINT('',(-0.116352050975668,-0.231752467021034,0.017));
#3784=CARTESIAN_POINT('',(-0.1445117759697,-0.0438804180402673,0.017));
#3785=CARTESIAN_POINT('',(-0.185709180285726,-0.114890816077353,0.0635));
#3786=CARTESIAN_POINT('',(-0.103314371653674,-0.244697433437515,0.0635));
#3787=CARTESIAN_POINT('',(-0.202840565154495,-0.145844427376813,0.0635));
#3788=CARTESIAN_POINT('',(-0.14986,0.1905,0.03175));
#3789=CARTESIAN_POINT('',(-0.14986,0.1905,0.03175));
#3790=CARTESIAN_POINT('',(-0.14986,0.1905,0.04064));
#3791=CARTESIAN_POINT('',(-0.14986,0.1905,0.03175));
#3792=CARTESIAN_POINT('',(-0.930115642932793,0.137233837493713,-0.00424082787036888));
#3793=CARTESIAN_POINT('',(-0.390511226618856,0.152051992262459,-0.0254128207404137));
#3794=CARTESIAN_POINT('',(-0.50489640647974,0.0391831195678745,-0.0326636476512727));
#3795=CARTESIAN_POINT('',(-0.50489640647974,0.0391831195678745,-0.0326636476512727));
#3796=CARTESIAN_POINT('',(0.05545,0.0084870489570878,-0.00490000000000023));
#3797=CARTESIAN_POINT('',(0.05545,0.00948704895708776,-0.00316794919243144));
#3798=CARTESIAN_POINT('',(0.0551,0.00979015784841232,-0.00334294919243144));
#3799=CARTESIAN_POINT('',(0.05545,0.00948704895708776,-0.00316794919243144));
#3800=CARTESIAN_POINT('',(0.0551,0.00979015784841232,-0.00334294919243144));
#3801=CARTESIAN_POINT('',(0.0551,0.00996515784841232,-0.00303984030110689));
#3802=CARTESIAN_POINT('',(0.05545,0.00966204895708781,-0.0028648403011069));
#3803=CARTESIAN_POINT('',(0.05545,0.00966204895708777,-0.00286484030110688));
#3804=CARTESIAN_POINT('',(0.05545,0.00966204895708776,-0.00286484030110689));
#3805=CARTESIAN_POINT('',(0.05545,0.00736121593216806,-0.00425000000000022));
#3806=CARTESIAN_POINT('',(0.05545,0.00853621593216808,-0.00221484030110686));
#3807=CARTESIAN_POINT('',(0.0551,0.00823310704084349,-0.00203984030110682));
#3808=CARTESIAN_POINT('',(0.05545,0.00853621593216804,-0.00221484030110684));
#3809=CARTESIAN_POINT('',(0.0551,0.00823310704084349,-0.00203984030110682));
#3810=CARTESIAN_POINT('',(0.0551,0.00805810704084345,-0.00234294919243144));
#3811=CARTESIAN_POINT('',(0.05545,0.00836121593216801,-0.00251794919243144));
#3812=CARTESIAN_POINT('',(0.05545,0.00836121593216801,-0.00251794919243144));
#3813=CARTESIAN_POINT('',(0.05545,0.00836121593216801,-0.00251794919243144));
#3814=CARTESIAN_POINT('',(0.05545,-0.00848704895708783,0.00490000000000021));
#3815=CARTESIAN_POINT('',(0.05545,-0.00948704895708782,0.00316794919243137));
#3816=CARTESIAN_POINT('',(0.0551,-0.00979015784841236,0.00334294919243138));
#3817=CARTESIAN_POINT('',(0.05545,-0.00948704895708781,0.00316794919243137));
#3818=CARTESIAN_POINT('',(0.0551,-0.00979015784841236,0.00334294919243138));
#3819=CARTESIAN_POINT('',(0.0551,-0.00996515784841233,0.00303984030110688));
#3820=CARTESIAN_POINT('',(0.05545,-0.00966204895708778,0.00286484030110689));
#3821=CARTESIAN_POINT('',(0.05545,-0.00966204895708777,0.00286484030110689));
#3822=CARTESIAN_POINT('',(0.05545,-0.00848704895708783,0.00490000000000021));
#3823=CARTESIAN_POINT('',(0.05545,-0.00736121593216805,0.00425000000000023));
#3824=CARTESIAN_POINT('',(0.05545,-0.00853621593216801,0.00221484030110689));
#3825=CARTESIAN_POINT('',(0.0551,-0.00823310704084345,0.00203984030110687));
#3826=CARTESIAN_POINT('',(0.05545,-0.00853621593216801,0.00221484030110689));
#3827=CARTESIAN_POINT('',(0.0551,-0.00805810704084349,0.00234294919243137));
#3828=CARTESIAN_POINT('',(0.0551,-0.00805810704084349,0.00234294919243137));
#3829=CARTESIAN_POINT('',(0.05545,-0.00836121593216805,0.00251794919243137));
#3830=CARTESIAN_POINT('',(0.05545,-0.00836121593216805,0.00251794919243137));
#3831=CARTESIAN_POINT('',(0.05545,-0.00736121593216805,0.00425000000000023));
#3832=CARTESIAN_POINT('',(0.05545,0.,0.));
#3833=CARTESIAN_POINT('',(0.05545,-0.00823310704084345,0.00203984030110687));
#3834=CARTESIAN_POINT('',(0.05545,-0.00979015784841236,0.00334294919243138));
#3835=CARTESIAN_POINT('',(0.05545,-0.00979015784841236,0.00334294919243138));
#3836=CARTESIAN_POINT('',(0.05545,-0.00805810704084349,0.00234294919243137));
#3837=CARTESIAN_POINT('',(0.05145,-0.00805810704084349,0.00234294919243137));
#3838=CARTESIAN_POINT('',(0.05145,-0.00979015784841236,0.00334294919243138));
#3839=CARTESIAN_POINT('',(0.05145,-0.00979015784841236,0.00334294919243138));
#3840=CARTESIAN_POINT('',(0.05545,-0.00979015784841236,0.00334294919243138));
#3841=CARTESIAN_POINT('',(0.05445,-0.00892413244462793,0.00284294919243137));
#3842=CARTESIAN_POINT('',(0.05445,-0.00849111974273571,0.00259294919243137));
#3843=CARTESIAN_POINT('',(0.05545,-0.00805810704084349,0.00234294919243137));
#3844=CARTESIAN_POINT('',(0.05545,-0.00823310704084345,0.00203984030110687));
#3845=CARTESIAN_POINT('',(0.05145,-0.00823310704084345,0.00203984030110687));
#3846=CARTESIAN_POINT('',(0.05145,-0.00805810704084349,0.00234294919243137));
#3847=CARTESIAN_POINT('',(0.05545,-0.00823310704084345,0.00203984030110687));
#3848=CARTESIAN_POINT('',(0.05545,-0.00996515784841233,0.00303984030110688));
#3849=CARTESIAN_POINT('',(0.05145,-0.00996515784841233,0.00303984030110688));
#3850=CARTESIAN_POINT('',(0.05145,-0.00823310704084345,0.00203984030110687));
#3851=CARTESIAN_POINT('',(0.05445,-0.0090991324446279,0.00253984030110687));
#3852=CARTESIAN_POINT('',(0.05445,-0.00866611974273568,0.00228984030110688));
#3853=CARTESIAN_POINT('',(0.05545,-0.00979015784841236,0.00334294919243138));
#3854=CARTESIAN_POINT('',(0.05145,-0.00979015784841236,0.00334294919243138));
#3855=CARTESIAN_POINT('',(0.05545,0.,0.));
#3856=CARTESIAN_POINT('',(0.05545,0.00996515784841232,-0.00303984030110689));
#3857=CARTESIAN_POINT('',(0.05545,0.00979015784841232,-0.00334294919243144));
#3858=CARTESIAN_POINT('',(0.05545,0.00996515784841232,-0.00303984030110689));
#3859=CARTESIAN_POINT('',(0.05545,0.00996515784841232,-0.00303984030110689));
#3860=CARTESIAN_POINT('',(0.05145,0.00996515784841232,-0.00303984030110689));
#3861=CARTESIAN_POINT('',(0.05545,0.00979015784841232,-0.00334294919243144));
#3862=CARTESIAN_POINT('',(0.05145,0.00979015784841232,-0.00334294919243144));
#3863=CARTESIAN_POINT('',(0.05145,0.00996515784841232,-0.00303984030110689));
#3864=CARTESIAN_POINT('',(0.05545,0.00979015784841232,-0.00334294919243144));
#3865=CARTESIAN_POINT('',(0.05545,0.00805810704084345,-0.00234294919243144));
#3866=CARTESIAN_POINT('',(0.05145,0.00805810704084345,-0.00234294919243144));
#3867=CARTESIAN_POINT('',(0.05145,0.00979015784841232,-0.00334294919243144));
#3868=CARTESIAN_POINT('',(0.05445,0.00892413244462788,-0.00284294919243144));
#3869=CARTESIAN_POINT('',(0.05445,0.00849111974273566,-0.00259294919243144));
#3870=CARTESIAN_POINT('',(0.05545,0.00823310704084349,-0.00203984030110682));
#3871=CARTESIAN_POINT('',(0.05545,0.00823310704084349,-0.00203984030110682));
#3872=CARTESIAN_POINT('',(0.05145,0.00823310704084349,-0.00203984030110682));
#3873=CARTESIAN_POINT('',(0.05145,0.00823310704084349,-0.00203984030110682));
#3874=CARTESIAN_POINT('',(0.05545,0.00996515784841232,-0.00303984030110689));
#3875=CARTESIAN_POINT('',(0.05145,0.00996515784841232,-0.00303984030110689));
#3876=CARTESIAN_POINT('',(0.05445,0.00909913244462791,-0.00253984030110685));
#3877=CARTESIAN_POINT('',(0.05445,0.00953214514652012,-0.00278984030110687));
#3878=CARTESIAN_POINT('',(0.05145,0.,0.));
#3879=CARTESIAN_POINT('',(0.05145,-0.00404330502342376,0.00931559675631048));
#3880=CARTESIAN_POINT('',(0.05145,-0.00404330502342376,0.00796559675631048));
#3881=CARTESIAN_POINT('',(0.05145,0.,0.));
#3882=CARTESIAN_POINT('',(0.05145,-0.0100891959540887,-0.00115619351262094));
#3883=CARTESIAN_POINT('',(0.05145,-0.0100891959540887,-0.00250619351262094));
#3884=CARTESIAN_POINT('',(0.05145,0.,0.));
#3885=CARTESIAN_POINT('',(0.05145,0.00404330502342376,-0.00931559675631048));
#3886=CARTESIAN_POINT('',(0.05145,0.00404330502342376,-0.0106655967563105));
#3887=CARTESIAN_POINT('',(0.05145,0.,0.));
#3888=CARTESIAN_POINT('',(0.05145,0.0100891959540887,0.00115619351262094));
#3889=CARTESIAN_POINT('',(0.05145,0.0100891959540887,-0.00019380648737906));
#3890=CARTESIAN_POINT('',(0.04985,0.,0.));
#3891=CARTESIAN_POINT('',(0.04985,0.,0.00625));
#3892=CARTESIAN_POINT('',(0.04985,0.,0.00575));
#3893=CARTESIAN_POINT('',(0.04985,0.,0.));
#3894=CARTESIAN_POINT('',(0.04985,0.,-0.00625));
#3895=CARTESIAN_POINT('',(0.04985,0.,-0.00675));
#3896=CARTESIAN_POINT('',(0.04985,0.,0.));
#3897=CARTESIAN_POINT('',(0.04985,-0.00231703459836557,0.00356284305997007));
#3898=CARTESIAN_POINT('',(0.04985,-0.00258962690405563,0.00398200106702538));
#3899=CARTESIAN_POINT('',(0.04985,-0.00204444229267549,0.00314368505291478));
#3900=CARTESIAN_POINT('',(0.04985,0.,0.));
#3901=CARTESIAN_POINT('',(0.04985,-0.00474332753396853,0.000251682151723167));
#3902=CARTESIAN_POINT('',(0.04985,-0.00424402989881395,0.000225189293647046));
#3903=CARTESIAN_POINT('',(0.04985,-0.00374473226365937,0.000198696435570922));
#3904=CARTESIAN_POINT('',(0.04985,0.,0.));
#3905=CARTESIAN_POINT('',(0.04985,0.,0.));
#3906=CARTESIAN_POINT('',(0.04985,-0.00474332753396853,0.000251682151723167));
#3907=CARTESIAN_POINT('',(0.05105,-0.00474332753396853,0.000251682151723167));
#3908=CARTESIAN_POINT('',(0.04985,-0.00258962690405563,0.00398200106702538));
#3909=CARTESIAN_POINT('',(0.05105,-0.00258962690405563,0.00398200106702538));
#3910=CARTESIAN_POINT('',(0.05105,0.,0.));
#3911=CARTESIAN_POINT('',(0.04985,0.,0.));
#3912=CARTESIAN_POINT('',(0.05105,0.,0.));
#3913=CARTESIAN_POINT('',(0.05105,-0.00374473226365937,0.000198696435570922));
#3914=CARTESIAN_POINT('',(0.05105,-0.00204444229267549,0.00314368505291478));
#3915=CARTESIAN_POINT('',(0.04985,-0.00204444229267549,0.00314368505291478));
#3916=CARTESIAN_POINT('',(0.04985,-0.00374473226365937,0.000198696435570922));
#3917=CARTESIAN_POINT('',(0.04985,-0.00231703459836557,0.00356284305997007));
#3918=CARTESIAN_POINT('',(0.05105,-0.00231703459836557,0.00356284305997007));
#3919=CARTESIAN_POINT('',(0.04985,0.,0.));
#3920=CARTESIAN_POINT('',(0.04985,0.,0.));
#3921=CARTESIAN_POINT('',(0.04985,0.00258962690405563,-0.00398200106702539));
#3922=CARTESIAN_POINT('',(0.04985,0.00474332753396853,-0.000251682151723174));
#3923=CARTESIAN_POINT('',(0.04985,0.00424402989881395,-0.000225189293647051));
#3924=CARTESIAN_POINT('',(0.04985,0.00374473226365936,-0.000198696435570927));
#3925=CARTESIAN_POINT('',(0.04985,0.,0.));
#3926=CARTESIAN_POINT('',(0.04985,0.00204444229267549,-0.00314368505291478));
#3927=CARTESIAN_POINT('',(0.04985,0.00231703459836556,-0.00356284305997008));
#3928=CARTESIAN_POINT('',(0.04985,0.00424402989881395,-0.000225189293647051));
#3929=CARTESIAN_POINT('',(0.05105,0.00424402989881395,-0.000225189293647051));
#3930=CARTESIAN_POINT('',(0.05105,0.00474332753396853,-0.000251682151723174));
#3931=CARTESIAN_POINT('',(0.05105,0.00374473226365936,-0.000198696435570927));
#3932=CARTESIAN_POINT('',(0.04985,0.00374473226365936,-0.000198696435570927));
#3933=CARTESIAN_POINT('',(0.04985,0.00474332753396853,-0.000251682151723174));
#3934=CARTESIAN_POINT('',(0.04985,0.,0.));
#3935=CARTESIAN_POINT('',(0.04985,0.00204444229267549,-0.00314368505291478));
#3936=CARTESIAN_POINT('',(0.05105,0.00204444229267549,-0.00314368505291478));
#3937=CARTESIAN_POINT('',(0.05105,0.,0.));
#3938=CARTESIAN_POINT('',(0.04985,0.,0.));
#3939=CARTESIAN_POINT('',(0.05105,0.,0.));
#3940=CARTESIAN_POINT('',(0.05105,0.00258962690405563,-0.00398200106702539));
#3941=CARTESIAN_POINT('',(0.04985,0.00258962690405563,-0.00398200106702539));
#3942=CARTESIAN_POINT('',(0.05185,0.0121,0.));
#3943=CARTESIAN_POINT('',(0.05185,0.,0.));
#3944=CARTESIAN_POINT('',(0.05185,0.,-0.003225));
#3945=CARTESIAN_POINT('',(0.05185,0.,0.));
#3946=CARTESIAN_POINT('',(0.05185,0.,0.0032));
#3947=CARTESIAN_POINT('',(0.0531,0.0032,0.));
#3948=CARTESIAN_POINT('',(0.0531,0.,0.));
#3949=CARTESIAN_POINT('',(0.0531,0.,0.0029));
#3950=CARTESIAN_POINT('',(0.05105,0.,0.));
#3951=CARTESIAN_POINT('',(0.05105,0.,0.));
#3952=CARTESIAN_POINT('',(0.05105,0.,-0.01165));
#3953=CARTESIAN_POINT('',(0.05105,0.0106548692801157,-0.00274522505883633));
#3954=CARTESIAN_POINT('',(0.05105,0.00770486928011568,-0.00785477494116452));
#3955=CARTESIAN_POINT('',(0.05105,0.0106548692801157,-0.00274522505883633));
#3956=CARTESIAN_POINT('',(0.05105,0.00644913244462791,-0.00712977494116432));
#3957=CARTESIAN_POINT('',(0.05105,0.00519339560914015,-0.00640477494116411));
#3958=CARTESIAN_POINT('',(0.05105,0.00814339560914017,-0.00129522505883595));
#3959=CARTESIAN_POINT('',(0.05105,0.00814339560914017,-0.00129522505883595));
#3960=CARTESIAN_POINT('',(0.05105,0.00939913244462794,-0.00202022505883613));
#3961=CARTESIAN_POINT('',(0.05105,0.00231703459836556,-0.00356284305997008));
#3962=CARTESIAN_POINT('',(0.05105,-0.00519339560914015,0.00640477494116411));
#3963=CARTESIAN_POINT('',(0.05105,-0.00814339560914017,0.00129522505883594));
#3964=CARTESIAN_POINT('',(0.05105,-0.00519339560914015,0.00640477494116411));
#3965=CARTESIAN_POINT('',(0.05105,-0.00939913244462794,0.00202022505883613));
#3966=CARTESIAN_POINT('',(0.05105,-0.0106548692801157,0.00274522505883633));
#3967=CARTESIAN_POINT('',(0.05105,-0.00770486928011567,0.00785477494116453));
#3968=CARTESIAN_POINT('',(0.05105,-0.00770486928011567,0.00785477494116453));
#3969=CARTESIAN_POINT('',(0.05105,-0.0064491324446279,0.00712977494116433));
#3970=CARTESIAN_POINT('',(0.05105,-0.00424402989881395,0.000225189293647046));
#3971=CARTESIAN_POINT('',(0.05105,0.,0.00625));
#3972=CARTESIAN_POINT('',(0.05105,0.,0.00575));
#3973=CARTESIAN_POINT('',(0.05105,0.,-0.00625));
#3974=CARTESIAN_POINT('',(0.05105,0.,-0.00675));
#3975=CARTESIAN_POINT('',(0.05105,0.,0.));
#3976=CARTESIAN_POINT('',(0.05105,0.,-0.003225));
#3977=CARTESIAN_POINT('',(0.05105,0.0100891959540887,0.00115619351262094));
#3978=CARTESIAN_POINT('',(0.05105,0.0100891959540887,-0.00019380648737906));
#3979=CARTESIAN_POINT('',(0.05105,0.00404330502342376,-0.00931559675631048));
#3980=CARTESIAN_POINT('',(0.05105,0.00404330502342376,-0.00796559675631048));
#3981=CARTESIAN_POINT('',(0.05105,-0.00404330502342376,0.00931559675631048));
#3982=CARTESIAN_POINT('',(0.05105,-0.00404330502342376,0.0106655967563105));
#3983=CARTESIAN_POINT('',(0.05105,-0.0100891959540887,-0.00115619351262094));
#3984=CARTESIAN_POINT('',(0.05105,-0.0100891959540887,-0.00250619351262094));
#3985=CARTESIAN_POINT('',(0.0025,-0.00715,9.41190000478068E-19));
#3986=CARTESIAN_POINT('',(0.0025,0.0085,-9.97597787971823E-20));
#3987=CARTESIAN_POINT('',(0.0025,0.0085,0.00275));
#3988=CARTESIAN_POINT('',(0.0025,0.0085,-9.97597787971823E-20));
#3989=CARTESIAN_POINT('',(0.0025,0.0085,0.00135));
#3990=CARTESIAN_POINT('',(0.0025,-0.00715,9.41190000478068E-19));
#3991=CARTESIAN_POINT('',(0.0025,-0.0085,9.41190000478068E-19));
#3992=CARTESIAN_POINT('',(0.0025,-0.0085,0.00275));
#3993=CARTESIAN_POINT('',(0.0025,-0.0085,9.41190000478068E-19));
#3994=CARTESIAN_POINT('',(0.0025,-0.0085,0.00135));
#3995=CARTESIAN_POINT('',(-0.0026,0.0015,-0.00132287565553229));
#3996=CARTESIAN_POINT('',(-0.0135,0.0015,-0.00132287565553229));
#3997=CARTESIAN_POINT('',(-0.0135,0.0015,-0.0008));
#3998=CARTESIAN_POINT('',(-0.0135,0.0015,0.0008));
#3999=CARTESIAN_POINT('',(-0.0135,0.0015,0.0008));
#4000=CARTESIAN_POINT('',(-0.0135,0.0015,0.000910783289857221));
#4001=CARTESIAN_POINT('',(-0.0134822267723629,0.0015,0.00113031169678883));
#4002=CARTESIAN_POINT('',(-0.0133126795691192,0.0015,0.00132287565553229));
#4003=CARTESIAN_POINT('',(-0.0132,0.0015,0.00132287565553229));
#4004=CARTESIAN_POINT('',(-0.0132,0.0015,0.00132287565553229));
#4005=CARTESIAN_POINT('',(-0.0026,0.0015,0.00132287565553229));
#4006=CARTESIAN_POINT('',(-0.0026,0.0015,0.00132287565553229));
#4007=CARTESIAN_POINT('',(-0.0026,0.0015,-0.00132287565553229));
#4008=CARTESIAN_POINT('',(-0.0026,0.0015,-0.00132287565553229));
#4009=CARTESIAN_POINT('',(-0.0026,0.0015,-0.00132287565553229));
#4010=CARTESIAN_POINT('',(-0.0132,0.0015,-0.00132287565553229));
#4011=CARTESIAN_POINT('',(-0.0132,0.0015,-0.00132287565553229));
#4012=CARTESIAN_POINT('',(-0.0133124992328827,0.0015,-0.00132287565553229));
#4013=CARTESIAN_POINT('',(-0.0134815522488443,0.0015,-0.00113204063290779));
#4014=CARTESIAN_POINT('',(-0.0135,0.0015,-0.000910894774144028));
#4015=CARTESIAN_POINT('',(-0.0135,0.0015,-0.0008));
#4016=CARTESIAN_POINT('',(-0.0026,0.,0.));
#4017=CARTESIAN_POINT('',(-0.0026,0.,0.));
#4018=CARTESIAN_POINT('',(-0.0025,0.0035,0.));
#4019=CARTESIAN_POINT('',(-0.0025,0.,0.));
#4020=CARTESIAN_POINT('',(-0.0025,0.,0.002));
#4021=CARTESIAN_POINT('',(-0.0025,0.,0.));
#4022=CARTESIAN_POINT('',(-0.0025,0.,-0.00315));
#4023=CARTESIAN_POINT('',(-0.0135,0.002,0.));
#4024=CARTESIAN_POINT('',(-0.0135,0.,0.));
#4025=CARTESIAN_POINT('',(0.05185,0.0121,0.));
#4026=CARTESIAN_POINT('',(0.05185,0.,0.));
#4027=CARTESIAN_POINT('',(0.05185,0.,0.0121));
#4028=CARTESIAN_POINT('',(0.05185,0.,0.));
#4029=CARTESIAN_POINT('',(0.05185,0.,-0.01165));
#4030=CARTESIAN_POINT('',(0.021,0.0125,0.));
#4031=CARTESIAN_POINT('',(0.021,0.,0.));
#4032=CARTESIAN_POINT('',(0.021,0.,0.0121));
#4033=CARTESIAN_POINT('',(0.021,0.,0.));
#4034=CARTESIAN_POINT('',(0.021,0.,0.0125));
#4035=CARTESIAN_POINT('',(6.16297582203916E-33,0.0035,0.));
#4036=CARTESIAN_POINT('',(0.,0.,0.));
#4037=CARTESIAN_POINT('',(0.,0.,0.0125));
#4038=CARTESIAN_POINT('',(0.,0.,0.));
#4039=CARTESIAN_POINT('',(0.,0.,0.0035));
#4040=CARTESIAN_POINT('',(-2.44929359829471E-20,0.,-0.0085));
#4041=CARTESIAN_POINT('',(-2.44929359829471E-20,0.,-0.00725));
#4042=CARTESIAN_POINT('',(-2.44929359829471E-20,2.0818995585505E-18,0.0085));
#4043=CARTESIAN_POINT('',(-2.44929359829471E-20,2.0818995585505E-18,0.00975));
#4044=CARTESIAN_POINT('',(3.85185988877447E-34,-0.0085,9.41190000478068E-19));
#4045=CARTESIAN_POINT('',(3.85185988877447E-34,-0.0085,0.00275));
#4046=CARTESIAN_POINT('',(3.85185988877447E-34,0.0085,-9.97597787971823E-20));
#4047=CARTESIAN_POINT('',(3.85185988877447E-34,0.0085,0.00275));
#4048=CARTESIAN_POINT('',(0.05105,0.00814339560914017,-0.00129522505883595));
#4049=CARTESIAN_POINT('',(0.05105,0.00519339560914015,-0.00640477494116412));
#4050=CARTESIAN_POINT('',(0.05145,0.00519339560914015,-0.00640477494116411));
#4051=CARTESIAN_POINT('',(0.05145,0.00666839560914016,-0.00385));
#4052=CARTESIAN_POINT('',(0.05145,0.00814339560914017,-0.00129522505883595));
#4053=CARTESIAN_POINT('',(0.05105,0.00814339560914017,-0.00129522505883595));
#4054=CARTESIAN_POINT('',(0.05105,0.0106548692801157,-0.00274522505883633));
#4055=CARTESIAN_POINT('',(0.05105,0.0106548692801157,-0.00274522505883633));
#4056=CARTESIAN_POINT('',(0.05145,0.0106548692801157,-0.00274522505883633));
#4057=CARTESIAN_POINT('',(0.05145,0.00917986928011569,-0.00530000000000043));
#4058=CARTESIAN_POINT('',(0.05145,0.00770486928011568,-0.00785477494116452));
#4059=CARTESIAN_POINT('',(0.05105,0.00770486928011568,-0.00785477494116452));
#4060=CARTESIAN_POINT('',(0.05105,0.00939913244462794,-0.00202022505883613));
#4061=CARTESIAN_POINT('',(0.05145,0.00939913244462794,-0.00202022505883613));
#4062=CARTESIAN_POINT('',(0.05105,-0.00770486928011567,0.00785477494116453));
#4063=CARTESIAN_POINT('',(0.05105,-0.0106548692801157,0.00274522505883633));
#4064=CARTESIAN_POINT('',(0.05145,-0.0106548692801157,0.00274522505883633));
#4065=CARTESIAN_POINT('',(0.05145,-0.00917986928011569,0.00530000000000043));
#4066=CARTESIAN_POINT('',(0.05145,-0.00770486928011567,0.00785477494116453));
#4067=CARTESIAN_POINT('',(0.05105,-0.00770486928011567,0.00785477494116453));
#4068=CARTESIAN_POINT('',(0.05105,-0.00519339560914015,0.00640477494116411));
#4069=CARTESIAN_POINT('',(0.05105,-0.00519339560914015,0.00640477494116411));
#4070=CARTESIAN_POINT('',(0.05145,-0.00519339560914015,0.00640477494116411));
#4071=CARTESIAN_POINT('',(0.05145,-0.00666839560914016,0.00385));
#4072=CARTESIAN_POINT('',(0.05145,-0.00814339560914017,0.00129522505883595));
#4073=CARTESIAN_POINT('',(0.05105,-0.00814339560914017,0.00129522505883594));
#4074=CARTESIAN_POINT('',(0.05105,-0.0064491324446279,0.00712977494116433));
#4075=CARTESIAN_POINT('',(0.05145,-0.0064491324446279,0.00712977494116433));
#4076=CARTESIAN_POINT('',(0.05145,0.,0.));
#4077=CARTESIAN_POINT('',(0.05145,0.00644913244462791,-0.00712977494116432));
#4078=CARTESIAN_POINT('',(0.05145,0.,0.));
#4079=CARTESIAN_POINT('',(0.05145,-0.00939913244462794,0.00202022505883613));
#4080=CARTESIAN_POINT('',(0.05105,-0.00404330502342376,0.00931559675631048));
#4081=CARTESIAN_POINT('',(0.05105,-0.00939913244462794,0.00202022505883613));
#4082=CARTESIAN_POINT('',(0.05105,-0.0100891959540887,-0.00115619351262094));
#4083=CARTESIAN_POINT('',(0.05105,0.00404330502342376,-0.00931559675631048));
#4084=CARTESIAN_POINT('',(0.05105,0.0100891959540887,0.00115619351262094));
#4085=CARTESIAN_POINT('',(0.05105,0.00644913244462791,-0.00712977494116432));
#4086=CARTESIAN_POINT('',(-0.0226835321098008,0.,0.));
#4087=CARTESIAN_POINT('',(0.00425,0.,0.));
#4088=CARTESIAN_POINT('',(0.00425,0.,0.0125));
#4089=CARTESIAN_POINT('',(0.0044,0.,0.));
#4090=CARTESIAN_POINT('',(0.0044,0.,0.));
#4091=CARTESIAN_POINT('',(0.0044,0.,0.01235));
#4092=CARTESIAN_POINT('',(0.00455,0.,0.));
#4093=CARTESIAN_POINT('',(0.00455,0.,0.));
#4094=CARTESIAN_POINT('',(0.00455,0.,0.0125));
#4095=CARTESIAN_POINT('',(-0.0226835321098008,0.,0.));
#4096=CARTESIAN_POINT('',(0.01645,0.,0.));
#4097=CARTESIAN_POINT('',(0.01645,0.,0.0125));
#4098=CARTESIAN_POINT('',(0.0166,0.,0.));
#4099=CARTESIAN_POINT('',(0.0166,0.,0.));
#4100=CARTESIAN_POINT('',(0.0166,0.,0.01235));
#4101=CARTESIAN_POINT('',(0.01675,0.,0.));
#4102=CARTESIAN_POINT('',(0.01675,0.,0.));
#4103=CARTESIAN_POINT('',(0.01675,0.,0.0125));
#4104=CARTESIAN_POINT('',(-0.0226835321098008,0.,0.));
#4105=CARTESIAN_POINT('',(-0.0226835321098008,0.,0.));
#4106=CARTESIAN_POINT('',(-0.0226835321098008,0.,0.));
#4107=CARTESIAN_POINT('',(-0.0132,0.,0.));
#4108=CARTESIAN_POINT('',(-0.0226835321098008,0.,0.));
#4109=CARTESIAN_POINT('',(-0.00215,0.,0.));
#4110=CARTESIAN_POINT('',(-0.00215,0.,-0.0035));
#4111=CARTESIAN_POINT('',(0.004,0.,-0.0085));
#4112=CARTESIAN_POINT('',(0.004,0.,-0.0085));
#4113=CARTESIAN_POINT('',(0.004,0.,-0.00725));
#4114=CARTESIAN_POINT('',(0.00475107577378445,-1.16367794777433E-18,-0.0085));
#4115=CARTESIAN_POINT('',(0.,0.,-0.0085));
#4116=CARTESIAN_POINT('',(0.004,2.0818995585505E-18,0.0085));
#4117=CARTESIAN_POINT('',(0.004,2.0818995585505E-18,0.0085));
#4118=CARTESIAN_POINT('',(0.004,2.0818995585505E-18,0.00975));
#4119=CARTESIAN_POINT('',(0.00475107577378445,9.18221610776168E-19,0.0085));
#4120=CARTESIAN_POINT('',(0.,2.0818995585505E-18,0.0085));
#4121=CARTESIAN_POINT('',(0.021,-0.0085,9.41190000478068E-19));
#4122=CARTESIAN_POINT('',(0.021,-0.0085,9.41190000478068E-19));
#4123=CARTESIAN_POINT('',(0.021,-0.0085,0.00135));
#4124=CARTESIAN_POINT('',(0.0218111618356872,-0.0085,9.41190000478068E-19));
#4125=CARTESIAN_POINT('',(0.,-0.0085,9.41190000478068E-19));
#4126=CARTESIAN_POINT('',(0.,-0.0085,9.41190000478068E-19));
#4127=CARTESIAN_POINT('',(0.021,0.0085,-9.97597787971823E-20));
#4128=CARTESIAN_POINT('',(0.021,0.0085,-9.97597787971823E-20));
#4129=CARTESIAN_POINT('',(0.021,0.0085,0.00135));
#4130=CARTESIAN_POINT('',(0.0218111618356872,0.0085,-9.97597787971823E-20));
#4131=CARTESIAN_POINT('',(0.,0.0085,-9.97597787971823E-20));
#4132=CARTESIAN_POINT('',(0.,0.0085,-9.97597787971823E-20));
#4133=CARTESIAN_POINT('',(-0.0132,0.,0.));
#4134=CARTESIAN_POINT('',(0.05105,0.,0.));
#4135=CARTESIAN_POINT('',(0.05105,0.,0.));
#4136=CARTESIAN_POINT('',(0.0528,0.,0.));
#4137=CARTESIAN_POINT('',(0.0528,0.,0.));
#4138=CARTESIAN_POINT('',(0.0528,0.,0.0032));
#4139=CARTESIAN_POINT('',(-0.0226835321098008,0.,0.));
#4140=CARTESIAN_POINT('',(0.04985,0.00231703459836556,-0.00356284305997008));
#4141=CARTESIAN_POINT('',(0.04985,-0.00424402989881395,0.000225189293647046));
#4142=CARTESIAN_POINT('',(0.04985,0.,-0.00625));
#4143=CARTESIAN_POINT('',(0.04985,0.,0.00625));
#4144=CARTESIAN_POINT('',(-0.0025,0.,0.));
#4145=CARTESIAN_POINT('',(0.05445,0.000613526329024883,0.0193626587736529));
#4146=CARTESIAN_POINT('',(0.05445,0.0164617912182808,0.0102126587736525));
#4147=CARTESIAN_POINT('',(-0.606414740669346,0.135270428109841,-0.0253343394943476));
#4148=CARTESIAN_POINT('',(-0.606702199639685,-0.0590220418053976,-0.0250825039801091));
#4149=CARTESIAN_POINT('',(-0.50489640647974,0.0391831195678745,-0.0326636476512727));
#4150=CARTESIAN_POINT('',(-0.39043813671875,0.135392652846015,-0.025399995095108));
#4151=CARTESIAN_POINT('',(-0.39057903308487,-0.0613314895729201,-0.0251748197851181));
#4152=CARTESIAN_POINT('',(-0.606366276449693,0.152086027445548,-0.0253999410840671));
#4153=CARTESIAN_POINT('',(-0.931320168223095,-0.0623771615402515,0.0588757560190993));
#4154=CARTESIAN_POINT('',(-0.50489640647974,0.0391831195678745,-0.0326636476512727));
#4155=CARTESIAN_POINT('',(-0.60659425982132,-0.0651726267087221,-0.0250908078083753));
#4156=CARTESIAN_POINT('',(-0.50489640647974,0.0391831195678745,-0.0326636476512727));
#4157=CARTESIAN_POINT('',(0.0127,0.0889,0.1778));
#4158=CARTESIAN_POINT('',(0.1143,0.0889,0.0198));
#4159=CARTESIAN_POINT('',(0.1143,0.0889,0.00456));
#4160=CARTESIAN_POINT('',(-0.1016,0.0889,0.0198));
#4161=CARTESIAN_POINT('',(-0.1016,0.0889,0.00456));
#4162=CARTESIAN_POINT('',(-0.0254,0.0889,0.0127));
#4163=CARTESIAN_POINT('',(-0.0254,0.0889,0.0127));
#4164=CARTESIAN_POINT('',(-0.0254,0.0889,0.));
#4165=CARTESIAN_POINT('',(0.0127,0.0889,0.0127));
#4166=CARTESIAN_POINT('',(0.0254,0.0889,0.0127));
#4167=CARTESIAN_POINT('',(0.0254,0.0889,0.0127));
#4168=CARTESIAN_POINT('',(0.0254,0.0889,0.));
#4169=CARTESIAN_POINT('',(0.0127,0.0889,0.));
#4170=CARTESIAN_POINT('',(0.2032,0.0889,0.));
#4171=CARTESIAN_POINT('',(0.2032,0.0889,0.1778));
#4172=CARTESIAN_POINT('',(0.2032,0.0889,0.1778));
#4173=CARTESIAN_POINT('',(0.0127,0.0889,0.1778));
#4174=CARTESIAN_POINT('',(-0.1778,0.0889,0.1778));
#4175=CARTESIAN_POINT('',(-0.1778,0.0889,0.1778));
#4176=CARTESIAN_POINT('',(-0.1778,0.0889,0.));
#4177=CARTESIAN_POINT('',(0.0127,0.0889,0.));
#4178=CARTESIAN_POINT('',(0.1143,0.1016,0.0198));
#4179=CARTESIAN_POINT('',(0.1143,-0.1016,0.0198));
#4180=CARTESIAN_POINT('',(0.1143,-0.1016,0.0158));
#4181=CARTESIAN_POINT('',(0.1143,-0.09906,0.0198));
#4182=CARTESIAN_POINT('',(0.1143,-0.09906,0.0238));
#4183=CARTESIAN_POINT('',(-0.1016,0.1016,0.0198));
#4184=CARTESIAN_POINT('',(-0.1016,-0.1016,0.0198));
#4185=CARTESIAN_POINT('',(-0.1016,-0.1016,0.0158));
#4186=CARTESIAN_POINT('',(-0.1016,-0.09906,0.0198));
#4187=CARTESIAN_POINT('',(-0.1016,-0.09906,0.0238));
#4188=CARTESIAN_POINT('',(0.1143,0.1016,0.0198));
#4189=CARTESIAN_POINT('',(0.1143,0.1016,0.0198));
#4190=CARTESIAN_POINT('',(0.1143,0.1016,0.0158));
#4191=CARTESIAN_POINT('',(0.1143,0.09906,0.0198));
#4192=CARTESIAN_POINT('',(0.1143,0.09906,0.0158));
#4193=CARTESIAN_POINT('',(-0.1016,0.1016,0.0198));
#4194=CARTESIAN_POINT('',(-0.1016,0.1016,0.0198));
#4195=CARTESIAN_POINT('',(-0.1016,0.1016,0.0158));
#4196=CARTESIAN_POINT('',(-0.1016,0.09906,0.0198));
#4197=CARTESIAN_POINT('',(-0.1016,0.09906,0.0158));
#4198=CARTESIAN_POINT('',(0.,0.,0.));
#4199=CARTESIAN_POINT('',(0.0254,-1.38777878078145E-17,0.));
#4200=CARTESIAN_POINT('',(0.0254,-0.0889,0.));
#4201=CARTESIAN_POINT('',(0.0127,-0.0889,0.));
#4202=CARTESIAN_POINT('',(0.2032,-0.0889,0.));
#4203=CARTESIAN_POINT('',(0.2032,0.,0.));
#4204=CARTESIAN_POINT('',(-5.55111512312578E-17,-0.1016,0.));
#4205=CARTESIAN_POINT('',(0.2159,-0.1016,0.));
#4206=CARTESIAN_POINT('',(-0.1905,-0.1016,0.));
#4207=CARTESIAN_POINT('',(-0.1905,-0.1016,0.));
#4208=CARTESIAN_POINT('',(-0.2159,-0.0762,0.));
#4209=CARTESIAN_POINT('',(-0.2159,-1.38777878078145E-17,0.));
#4210=CARTESIAN_POINT('',(-0.2159,0.0762,0.));
#4211=CARTESIAN_POINT('',(-0.2159,0.0762,0.));
#4212=CARTESIAN_POINT('',(-0.1905,0.1016,0.));
#4213=CARTESIAN_POINT('',(2.77555756156289E-17,0.1016,0.));
#4214=CARTESIAN_POINT('',(0.2159,0.1016,0.));
#4215=CARTESIAN_POINT('',(0.2159,-1.38777878078145E-17,0.));
#4216=CARTESIAN_POINT('',(-0.0254,0.,0.));
#4217=CARTESIAN_POINT('',(-0.0254,-0.0889,0.));
#4218=CARTESIAN_POINT('',(-0.1778,0.,0.));
#4219=CARTESIAN_POINT('',(-0.1778,-0.0889,0.));
#4220=CARTESIAN_POINT('',(0.0127,-0.0889,0.));
#4221=CARTESIAN_POINT('',(0.2159,-1.38777878078145E-17,0.2032));
#4222=CARTESIAN_POINT('',(0.2159,0.1016,0.2032));
#4223=CARTESIAN_POINT('',(0.2159,0.1016,0.2032));
#4224=CARTESIAN_POINT('',(0.2159,-1.38777878078145E-17,0.2032));
#4225=CARTESIAN_POINT('',(0.2159,-0.1016,0.2032));
#4226=CARTESIAN_POINT('',(0.2159,-0.1016,0.2032));
#4227=CARTESIAN_POINT('',(2.77555756156289E-17,0.1016,0.2032));
#4228=CARTESIAN_POINT('',(-0.1905,0.1016,0.2032));
#4229=CARTESIAN_POINT('',(-0.1905,0.1016,0.2032));
#4230=CARTESIAN_POINT('',(2.77555756156289E-17,0.1016,0.2032));
#4231=CARTESIAN_POINT('',(-0.2159,-1.38777878078145E-17,0.2032));
#4232=CARTESIAN_POINT('',(-0.2159,-0.0762,0.2032));
#4233=CARTESIAN_POINT('',(-0.2159,-0.0762,0.2032));
#4234=CARTESIAN_POINT('',(-0.2159,-1.38777878078145E-17,0.2032));
#4235=CARTESIAN_POINT('',(-0.2159,0.0762,0.2032));
#4236=CARTESIAN_POINT('',(-0.2159,0.0762,0.2032));
#4237=CARTESIAN_POINT('',(-5.55111512312578E-17,-0.1016,0.2032));
#4238=CARTESIAN_POINT('',(-5.55111512312578E-17,-0.1016,0.2032));
#4239=CARTESIAN_POINT('',(-0.1905,-0.1016,0.2032));
#4240=CARTESIAN_POINT('',(-0.1905,-0.1016,0.));
#4241=CARTESIAN_POINT('',(0.,0.,0.2032));
#4242=CARTESIAN_POINT('',(-0.14605,-0.14605,0.2032));
#4243=CARTESIAN_POINT('',(-0.14605,0.14605,0.2032));
#4244=CARTESIAN_POINT('',(-0.1905,-0.1016,0.2032));
#4245=CARTESIAN_POINT('',(-0.2032,-0.0889,0.059028));
#4246=CARTESIAN_POINT('',(-0.196015795103145,-0.0960842048968553,0.059028));
#4247=CARTESIAN_POINT('',(-0.2159,0.0762,0.2032));
#4248=CARTESIAN_POINT('',(-0.2032,0.0889,0.059028));
#4249=CARTESIAN_POINT('',(-0.210384204896855,0.0817157951031447,0.059028));
#4250=CARTESIAN_POINT('',(-0.183443436533648,0.0691434365336479,0.059028));
#4251=CARTESIAN_POINT('',(-0.183443436533648,0.0691434365336479,0.059028));
#4252=CARTESIAN_POINT('',(-0.1778,0.0747868730672958,0.0527408028358118));
#4253=CARTESIAN_POINT('',(-0.1778,0.0747868730672958,0.0653151971641882));
#4254=CARTESIAN_POINT('',(-0.1778,0.0635,0.059028));
#4255=CARTESIAN_POINT('',(-0.183443436533648,0.0691434365336479,0.1016));
#4256=CARTESIAN_POINT('',(-0.1778,0.0747868730672958,0.1016));
#4257=CARTESIAN_POINT('',(-0.183443436533648,-0.0691434365336479,0.059028));
#4258=CARTESIAN_POINT('',(-0.183443436533648,-0.0691434365336479,0.059028));
#4259=CARTESIAN_POINT('',(-0.1778,-0.0747868730672958,0.0653151971641882));
#4260=CARTESIAN_POINT('',(-0.1778,-0.0747868730672958,0.0527408028358118));
#4261=CARTESIAN_POINT('',(-0.1778,-0.0635,0.059028));
#4262=CARTESIAN_POINT('',(-0.183443436533648,-0.0691434365336479,0.1016));
#4263=CARTESIAN_POINT('',(-0.1778,-0.0747868730672958,0.1016));
#4264=CARTESIAN_POINT('',(-0.1778,0.,0.1778));
#4265=CARTESIAN_POINT('',(-0.1778,0.,0.1778));
#4266=CARTESIAN_POINT('',(-0.1778,-0.0889,0.1778));
#4267=CARTESIAN_POINT('',(-0.1778,-0.0889,0.1778));
#4268=CARTESIAN_POINT('',(0.2032,0.,0.1778));
#4269=CARTESIAN_POINT('',(0.2032,-0.0889,0.1778));
#4270=CARTESIAN_POINT('',(0.2032,-0.0889,0.1778));
#4271=CARTESIAN_POINT('',(0.2032,0.,0.1778));
#4272=CARTESIAN_POINT('',(0.0127,-0.0889,0.1778));
#4273=CARTESIAN_POINT('',(0.0254,-0.0889,0.0127));
#4274=CARTESIAN_POINT('',(0.0254,-0.0889,0.0127));
#4275=CARTESIAN_POINT('',(0.0127,-0.0889,0.0127));
#4276=CARTESIAN_POINT('',(-0.0254,-0.0889,0.0127));
#4277=CARTESIAN_POINT('',(-0.0254,-0.0889,0.0127));
#4278=CARTESIAN_POINT('',(0.0127,-0.0889,0.1778));
#4279=CARTESIAN_POINT('',(-0.1016,-0.0889,0.0198));
#4280=CARTESIAN_POINT('',(-0.1016,-0.0889,0.03504));
#4281=CARTESIAN_POINT('',(0.1143,-0.0889,0.0198));
#4282=CARTESIAN_POINT('',(0.1143,-0.0889,0.03504));
#4283=CARTESIAN_POINT('',(0.,0.,0.1778));
#4284=CARTESIAN_POINT('',(0.0127,0.09906,0.0889));
#4285=CARTESIAN_POINT('',(-0.1016,0.09906,0.0198));
#4286=CARTESIAN_POINT('',(-0.1016,0.09906,0.00456));
#4287=CARTESIAN_POINT('',(-0.1016,0.09906,0.0198));
#4288=CARTESIAN_POINT('',(0.0127,0.09906,0.0889));
#4289=CARTESIAN_POINT('',(0.1143,0.09906,0.0198));
#4290=CARTESIAN_POINT('',(0.1143,0.09906,0.00456));
#4291=CARTESIAN_POINT('',(0.1143,0.09906,0.0198));
#4292=CARTESIAN_POINT('',(0.0127,-0.09906,0.0889));
#4293=CARTESIAN_POINT('',(-0.1016,-0.09906,0.0198));
#4294=CARTESIAN_POINT('',(-0.1016,-0.09906,0.03504));
#4295=CARTESIAN_POINT('',(-0.1016,-0.09906,0.0198));
#4296=CARTESIAN_POINT('',(0.0127,-0.09906,0.0889));
#4297=CARTESIAN_POINT('',(0.1143,-0.09906,0.0198));
#4298=CARTESIAN_POINT('',(0.1143,-0.09906,0.03504));
#4299=CARTESIAN_POINT('',(0.1143,-0.09906,0.0198));
#4300=CARTESIAN_POINT('',(-0.0254,0.,0.0127));
#4301=CARTESIAN_POINT('',(-0.0254,0.,0.0127));
#4302=CARTESIAN_POINT('',(0.0254,-1.38777878078145E-17,0.0127));
#4303=CARTESIAN_POINT('',(0.0254,-1.38777878078145E-17,0.0127));
#4304=CARTESIAN_POINT('',(0.0127,0.,0.0127));
#4305=CARTESIAN_POINT('',(-0.504961422587633,0.0368512868716769,-0.0448808278703691));
#4306=MECHANICAL_DESIGN_GEOMETRIC_PRESENTATION_REPRESENTATION('',(#2295,
#2296,#2297,#2298,#2299,#30,#31,#32,#33,#34,#35,#36,#37,#38,#39,#40,#41,
#42,#43,#44,#45,#46,#47,#48,#49,#50,#51,#52,#53,#54,#55,#56,#57,#58,#59,
#60,#61,#62,#63,#64,#65,#66,#67,#68,#69,#70,#71,#72,#73,#74,#75,#76,#77,
#78,#79,#80,#81,#82,#83,#84,#85,#2300,#2301,#2302,#2303),#4307);
#4307=(
GEOMETRIC_REPRESENTATION_CONTEXT(3)
GLOBAL_UNCERTAINTY_ASSIGNED_CONTEXT((#4317))
GLOBAL_UNIT_ASSIGNED_CONTEXT((#4329,#4328,#4327))
REPRESENTATION_CONTEXT('Assembly 1','TOP_LEVEL_ASSEMBLY_PART')
);
#4308=(
GEOMETRIC_REPRESENTATION_CONTEXT(3)
GLOBAL_UNCERTAINTY_ASSIGNED_CONTEXT((#4318))
GLOBAL_UNIT_ASSIGNED_CONTEXT((#4329,#4328,#4327))
REPRESENTATION_CONTEXT('Part 1','COMPONENT_PART')
);
#4309=(
GEOMETRIC_REPRESENTATION_CONTEXT(3)
GLOBAL_UNCERTAINTY_ASSIGNED_CONTEXT((#4319))
GLOBAL_UNIT_ASSIGNED_CONTEXT((#4329,#4328,#4327))
REPRESENTATION_CONTEXT('Part 1','COMPONENT_PART')
);
#4310=(
GEOMETRIC_REPRESENTATION_CONTEXT(3)
GLOBAL_UNCERTAINTY_ASSIGNED_CONTEXT((#4320))
GLOBAL_UNIT_ASSIGNED_CONTEXT((#4329,#4328,#4327))
REPRESENTATION_CONTEXT('Part 4','COMPONENT_PART')
);
#4311=(
GEOMETRIC_REPRESENTATION_CONTEXT(3)
GLOBAL_UNCERTAINTY_ASSIGNED_CONTEXT((#4321))
GLOBAL_UNIT_ASSIGNED_CONTEXT((#4329,#4328,#4327))
REPRESENTATION_CONTEXT('Part 3','COMPONENT_PART')
);
#4312=(
GEOMETRIC_REPRESENTATION_CONTEXT(3)
GLOBAL_UNCERTAINTY_ASSIGNED_CONTEXT((#4322))
GLOBAL_UNIT_ASSIGNED_CONTEXT((#4329,#4328,#4327))
REPRESENTATION_CONTEXT('Motor_25GA370-15.4x','COMPONENT_PART')
);
#4313=(
GEOMETRIC_REPRESENTATION_CONTEXT(3)
GLOBAL_UNCERTAINTY_ASSIGNED_CONTEXT((#4323))
GLOBAL_UNIT_ASSIGNED_CONTEXT((#4329,#4328,#4327))
REPRESENTATION_CONTEXT('Part 2','COMPONENT_PART')
);
#4314=(
GEOMETRIC_REPRESENTATION_CONTEXT(3)
GLOBAL_UNCERTAINTY_ASSIGNED_CONTEXT((#4324))
GLOBAL_UNIT_ASSIGNED_CONTEXT((#4329,#4328,#4327))
REPRESENTATION_CONTEXT('Part 5','COMPONENT_PART')
);
#4315=(
GEOMETRIC_REPRESENTATION_CONTEXT(3)
GLOBAL_UNCERTAINTY_ASSIGNED_CONTEXT((#4325))
GLOBAL_UNIT_ASSIGNED_CONTEXT((#4329,#4328,#4327))
REPRESENTATION_CONTEXT('Part 1','COMPONENT_PART')
);
#4316=(
GEOMETRIC_REPRESENTATION_CONTEXT(3)
GLOBAL_UNCERTAINTY_ASSIGNED_CONTEXT((#4326))
GLOBAL_UNIT_ASSIGNED_CONTEXT((#4329,#4328,#4327))
REPRESENTATION_CONTEXT('Part 1','COMPONENT_PART')
);
#4317=UNCERTAINTY_MEASURE_WITH_UNIT(LENGTH_MEASURE(1.E-8),#4329,
'DISTANCE_ACCURACY_VALUE','Maximum Tolerance applied to model');
#4318=UNCERTAINTY_MEASURE_WITH_UNIT(LENGTH_MEASURE(1.E-8),#4329,
'DISTANCE_ACCURACY_VALUE','Maximum Tolerance applied to model');
#4319=UNCERTAINTY_MEASURE_WITH_UNIT(LENGTH_MEASURE(1.E-8),#4329,
'DISTANCE_ACCURACY_VALUE','Maximum Tolerance applied to model');
#4320=UNCERTAINTY_MEASURE_WITH_UNIT(LENGTH_MEASURE(1.E-8),#4329,
'DISTANCE_ACCURACY_VALUE','Maximum Tolerance applied to model');
#4321=UNCERTAINTY_MEASURE_WITH_UNIT(LENGTH_MEASURE(1.E-8),#4329,
'DISTANCE_ACCURACY_VALUE','Maximum Tolerance applied to model');
#4322=UNCERTAINTY_MEASURE_WITH_UNIT(LENGTH_MEASURE(2.E-5),#4329,
'DISTANCE_ACCURACY_VALUE','Maximum Tolerance applied to model');
#4323=UNCERTAINTY_MEASURE_WITH_UNIT(LENGTH_MEASURE(1.E-8),#4329,
'DISTANCE_ACCURACY_VALUE','Maximum Tolerance applied to model');
#4324=UNCERTAINTY_MEASURE_WITH_UNIT(LENGTH_MEASURE(1.E-8),#4329,
'DISTANCE_ACCURACY_VALUE','Maximum Tolerance applied to model');
#4325=UNCERTAINTY_MEASURE_WITH_UNIT(LENGTH_MEASURE(1.E-8),#4329,
'DISTANCE_ACCURACY_VALUE','Maximum Tolerance applied to model');
#4326=UNCERTAINTY_MEASURE_WITH_UNIT(LENGTH_MEASURE(1.E-8),#4329,
'DISTANCE_ACCURACY_VALUE','Maximum Tolerance applied to model');
#4327=(
NAMED_UNIT(*)
SI_UNIT($,.STERADIAN.)
SOLID_ANGLE_UNIT()
);
#4328=(
NAMED_UNIT(*)
PLANE_ANGLE_UNIT()
SI_UNIT($,.RADIAN.)
);
#4329=(
LENGTH_UNIT()
NAMED_UNIT(*)
SI_UNIT($,.METRE.)
);
#4330=PRODUCT_DEFINITION_SHAPE('','',#4356);
#4331=PRODUCT_DEFINITION_SHAPE('','',#4357);
#4332=PRODUCT_DEFINITION_SHAPE(' ','NAUO PRDDFN',#398);
#4333=PRODUCT_DEFINITION_SHAPE('','',#4358);
#4334=PRODUCT_DEFINITION_SHAPE(' ','NAUO PRDDFN',#399);
#4335=PRODUCT_DEFINITION_SHAPE(' ','NAUO PRDDFN',#400);
#4336=PRODUCT_DEFINITION_SHAPE('','',#4359);
#4337=PRODUCT_DEFINITION_SHAPE(' ','NAUO PRDDFN',#401);
#4338=PRODUCT_DEFINITION_SHAPE('','',#4360);
#4339=PRODUCT_DEFINITION_SHAPE(' ','NAUO PRDDFN',#402);
#4340=PRODUCT_DEFINITION_SHAPE('','',#4361);
#4341=PRODUCT_DEFINITION_SHAPE(' ','NAUO PRDDFN',#403);
#4342=PRODUCT_DEFINITION_SHAPE(' ','NAUO PRDDFN',#404);
#4343=PRODUCT_DEFINITION_SHAPE('','',#4362);
#4344=PRODUCT_DEFINITION_SHAPE(' ','NAUO PRDDFN',#405);
#4345=PRODUCT_DEFINITION_SHAPE(' ','NAUO PRDDFN',#406);
#4346=PRODUCT_DEFINITION_SHAPE(' ','NAUO PRDDFN',#407);
#4347=PRODUCT_DEFINITION_SHAPE(' ','NAUO PRDDFN',#408);
#4348=PRODUCT_DEFINITION_SHAPE(' ','NAUO PRDDFN',#409);
#4349=PRODUCT_DEFINITION_SHAPE('','',#4363);
#4350=PRODUCT_DEFINITION_SHAPE(' ','NAUO PRDDFN',#410);
#4351=PRODUCT_DEFINITION_SHAPE(' ','NAUO PRDDFN',#411);
#4352=PRODUCT_DEFINITION_SHAPE('','',#4364);
#4353=PRODUCT_DEFINITION_SHAPE(' ','NAUO PRDDFN',#412);
#4354=PRODUCT_DEFINITION_SHAPE('','',#4365);
#4355=PRODUCT_DEFINITION_SHAPE(' ','NAUO PRDDFN',#413);
#4356=PRODUCT_DEFINITION('','',#4376,#4366);
#4357=PRODUCT_DEFINITION('','',#4377,#4367);
#4358=PRODUCT_DEFINITION('','',#4378,#4368);
#4359=PRODUCT_DEFINITION('','',#4379,#4369);
#4360=PRODUCT_DEFINITION('','',#4380,#4370);
#4361=PRODUCT_DEFINITION('','',#4381,#4371);
#4362=PRODUCT_DEFINITION('','',#4382,#4372);
#4363=PRODUCT_DEFINITION('','',#4383,#4373);
#4364=PRODUCT_DEFINITION('','',#4384,#4374);
#4365=PRODUCT_DEFINITION('','',#4385,#4375);
#4366=PRODUCT_DEFINITION_CONTEXT('',#4427,'design');
#4367=PRODUCT_DEFINITION_CONTEXT('',#4427,'design');
#4368=PRODUCT_DEFINITION_CONTEXT('',#4427,'design');
#4369=PRODUCT_DEFINITION_CONTEXT('',#4427,'design');
#4370=PRODUCT_DEFINITION_CONTEXT('',#4427,'design');
#4371=PRODUCT_DEFINITION_CONTEXT('',#4427,'design');
#4372=PRODUCT_DEFINITION_CONTEXT('',#4427,'design');
#4373=PRODUCT_DEFINITION_CONTEXT('',#4427,'design');
#4374=PRODUCT_DEFINITION_CONTEXT('',#4427,'design');
#4375=PRODUCT_DEFINITION_CONTEXT('',#4427,'design');
#4376=PRODUCT_DEFINITION_FORMATION_WITH_SPECIFIED_SOURCE('','',#4396,
 .NOT_KNOWN.);
#4377=PRODUCT_DEFINITION_FORMATION_WITH_SPECIFIED_SOURCE('','',#4397,
 .NOT_KNOWN.);
#4378=PRODUCT_DEFINITION_FORMATION_WITH_SPECIFIED_SOURCE('','',#4398,
 .NOT_KNOWN.);
#4379=PRODUCT_DEFINITION_FORMATION_WITH_SPECIFIED_SOURCE('','',#4399,
 .NOT_KNOWN.);
#4380=PRODUCT_DEFINITION_FORMATION_WITH_SPECIFIED_SOURCE('','',#4400,
 .NOT_KNOWN.);
#4381=PRODUCT_DEFINITION_FORMATION_WITH_SPECIFIED_SOURCE('','',#4401,
 .NOT_KNOWN.);
#4382=PRODUCT_DEFINITION_FORMATION_WITH_SPECIFIED_SOURCE('','',#4402,
 .NOT_KNOWN.);
#4383=PRODUCT_DEFINITION_FORMATION_WITH_SPECIFIED_SOURCE('','',#4403,
 .NOT_KNOWN.);
#4384=PRODUCT_DEFINITION_FORMATION_WITH_SPECIFIED_SOURCE('','',#4404,
 .NOT_KNOWN.);
#4385=PRODUCT_DEFINITION_FORMATION_WITH_SPECIFIED_SOURCE('','',#4405,
 .NOT_KNOWN.);
#4386=PRODUCT_RELATED_PRODUCT_CATEGORY('','',(#4396));
#4387=PRODUCT_RELATED_PRODUCT_CATEGORY('','',(#4397));
#4388=PRODUCT_RELATED_PRODUCT_CATEGORY('','',(#4398));
#4389=PRODUCT_RELATED_PRODUCT_CATEGORY('','',(#4399));
#4390=PRODUCT_RELATED_PRODUCT_CATEGORY('','',(#4400));
#4391=PRODUCT_RELATED_PRODUCT_CATEGORY('','',(#4401));
#4392=PRODUCT_RELATED_PRODUCT_CATEGORY('','',(#4402));
#4393=PRODUCT_RELATED_PRODUCT_CATEGORY('','',(#4403));
#4394=PRODUCT_RELATED_PRODUCT_CATEGORY('','',(#4404));
#4395=PRODUCT_RELATED_PRODUCT_CATEGORY('','',(#4405));
#4396=PRODUCT('Assembly 1','Assembly 1','Assembly 1',(#4416));
#4397=PRODUCT('Part 1','Part 1','Part 1',(#4417));
#4398=PRODUCT('Part 1','Part 1','Part 1',(#4418));
#4399=PRODUCT('Part 4','Part 4','Part 4',(#4419));
#4400=PRODUCT('Part 3','Part 3','Part 3',(#4420));
#4401=PRODUCT('Motor_25GA370-15.4x','Motor_25GA370-15.4x',
'Motor_25GA370-15.4x',(#4421));
#4402=PRODUCT('Part 2','Part 2','Part 2',(#4422));
#4403=PRODUCT('Part 5','Part 5','Part 5',(#4423));
#4404=PRODUCT('Part 1','Part 1','Part 1',(#4424));
#4405=PRODUCT('Part 1','Part 1','Part 1',(#4425));
#4406=PRODUCT_CATEGORY('','');
#4407=PRODUCT_CATEGORY('','');
#4408=PRODUCT_CATEGORY('','');
#4409=PRODUCT_CATEGORY('','');
#4410=PRODUCT_CATEGORY('','');
#4411=PRODUCT_CATEGORY('','');
#4412=PRODUCT_CATEGORY('','');
#4413=PRODUCT_CATEGORY('','');
#4414=PRODUCT_CATEGORY('','');
#4415=PRODUCT_CATEGORY('','');
#4416=PRODUCT_CONTEXT('',#4427,'mechanical');
#4417=PRODUCT_CONTEXT('',#4427,'mechanical');
#4418=PRODUCT_CONTEXT('',#4427,'mechanical');
#4419=PRODUCT_CONTEXT('',#4427,'mechanical');
#4420=PRODUCT_CONTEXT('',#4427,'mechanical');
#4421=PRODUCT_CONTEXT('',#4427,'mechanical');
#4422=PRODUCT_CONTEXT('',#4427,'mechanical');
#4423=PRODUCT_CONTEXT('',#4427,'mechanical');
#4424=PRODUCT_CONTEXT('',#4427,'mechanical');
#4425=PRODUCT_CONTEXT('',#4427,'mechanical');
#4426=APPLICATION_PROTOCOL_DEFINITION('international standard',
'ap242_managed_model_based_3d_engineering',2020,#4427);
#4427=APPLICATION_CONTEXT('managed model based 3d engineering');
ENDSEC;
END-ISO-10303-21;
